timestamp,temperature_c,pressure_bar,vibration_mm_s,humidity_pct,defect
2025-01-01,77.48357076505616,2.372872095393189,0.19375501486782717,50.577857125412386,0
2025-01-01,74.30867849414408,2.363975767484844,0.05436040781929311,52.77967354080039,0
2025-01-01,78.23844269050346,1.9613070482109956,0.03725809066205044,30.748988551775625,1
2025-01-01,82.61514928204012,2.400972942489569,0.049510315355051494,58.4490912588201,1
2025-01-01,73.82923312638331,2.7198487245465235,0.4371779118664843,58.49577207811952,0
2025-01-01,73.8293152152541,2.1177303642769614,0.026522242797784444,34.61879100711552,1
2025-01-01,82.89606407753696,2.814544795315178,0.20543500035317086,52.809577697832026,0
2025-01-01,78.83717364576454,2.6463324463253013,0.6995878895743366,52.73444729743098,0
2025-01-01,,2.2797300034086887,0.17431665841683894,57.29801680761601,0
2025-01-01,77.71280021792982,2.4575411087986456,0.7204979435841757,33.41590768540324,1
2025-01-01,72.68291153593769,2.97949654229231,0.684162467746092,55.06013229064386,0
2025-01-01,72.67135123214871,2.72006434405176,0.14106683509357915,41.230078029853644,0
2025-01-01,76.20981135783018,2.502635096469444,0.6524902556316104,50.28011961984688,0
2025-01-01,65.43359877671101,2.4286950049117046,0.6887201139945979,,0
2025-01-01,66.37541083743484,2.522982721135498,0.25329557230960414,58.22583745452053,0
2025-01-01,72.18856235379513,2.3464709326173088,0.11812736656062248,34.756120707119734,1
2025-01-01,69.93584439832789,1.8685751482842956,0.3683101001512386,53.64739148464293,0
2025-01-01,76.57123666297637,3.1126533731604193,1.2716764464987051,68.76466123762954,1
2025-01-01,70.45987962239394,2.5465974997598204,0.5102935908588488,36.27077749340009,1
2025-01-01,67.93848149332354,2.619444179536761,0.09492843663376031,64.1162835090166,1
2025-01-01,82.32824384460777,2.482627675036927,0.5740434999985409,58.10192322215108,1
2025-01-01,73.87111849756732,2.2794649597826235,0.27861197420436795,60.96013251639039,1
2025-01-01,75.33764102343962,2.4442226557153686,0.44766693126449225,41.27833308570582,1
2025-01-01,67.87625906893271,2.020181571341707,0.6622498661754487,41.5155571751937,0
2025-01-01,72.27808637737408,3.183125949415991,0.36174892017885146,66.24077823105952,1
2025-01-01,75.55461294854933,2.1296464004732814,0.8409612253861615,44.39328128370234,0
2025-01-01,69.24503211288848,2.190410114845846,0.6403469798883981,32.52061562771242,1
2025-01-01,76.87849009172837,2.3679222386840797,0.4773512281975638,54.023868143178,0
2025-01-01,71.99680655040598,2.886422717455713,0.08172604463229997,34.99270676167371,1
2025-01-01,73.54153125103362,2.504352699778796,0.9037892999855551,61.863849656316326,1
2025-01-01,71.99146693885301,2.1291592611908614,1.3736990266632254,55.66985770004229,0
2025-01-01,84.26139092254469,2.876301508227202,0.07365008798990899,64.98906020884833,1
2025-01-01,74.93251387631032,2.7193001880356444,0.3349508604009357,61.39348999130541,1
2025-01-01,69.7114453552205,2.661530487164936,0.14980225958400403,34.48454593352785,1
2025-01-01,79.11272456051594,2.714720272351252,0.7022766374257601,45.24282705737689,0
2025-01-01,68.89578175014489,3.2183085701747354,0.6394014036772537,60.98240999658349,1
2025-01-01,76.04431797502377,3.1555284685108336,0.07592631485021287,46.69365893065303,0
2025-01-01,65.20164938060113,2.2939853970990116,1.0478963328834903,68.89461939119913,1
2025-01-01,68.35906975550785,2.9871654978433457,0.09981915337707402,59.42961799573797,0
2025-01-01,75.98430617934562,2.6149504569276703,0.7979130515605255,30.619996667612842,1
2025-01-01,78.69233289997705,2.6497287448413247,0.30530489479407646,65.19942766243345,1
2025-01-01,75.85684140594985,1.9923187505070015,0.19895110966071575,34.032191394742306,1
2025-01-01,74.4217585880588,2.4488842703835414,0.0861297325332597,35.62094896720343,1
2025-01-01,73.49448152205356,2.2561529228990307,0.09172965558350937,59.37969602444204,0
2025-01-01,67.60739004816287,2.7484176444679926,0.5421928166259137,64.59874237721921,1
2025-01-01,71.40077895802645,2.8213241501208417,0.399732285768621,51.45398511598224,0
2025-01-01,72.69680614520107,1.8776540946951066,0.06510299062731921,41.56198931783117,0
2025-01-01,80.28561113109458,2.4933895407987188,0.059784861913319345,44.05262181012702,0
2025-01-01,76.71809144784231,2.836558451438276,0.03752913665108717,43.71557318384224,0
2025-01-01,66.18479922318633,2.4439963113059666,0.6808347239442791,43.06712415238049,0
2025-01-01,76.62041984697397,2.7187190935007095,0.6221927281755364,39.71638687286599,1
2025-01-01,73.07458859791842,2.605349640288125,0.030103818274931235,54.35468378516932,0
2025-01-01,71.6153899984702,2.602498069585788,0.4107972743510641,66.01621274260269,1
2025-01-01,78.05838144420434,2.4186055065795107,0.04423867381404432,42.28329652333365,0
2025-01-01,80.15499761247976,2.135025758759287,1.1703811825271857,37.46777189845648,1
2025-01-01,79.65640059558099,2.1635409557724916,1.188209577686797,63.54310665485699,1
2025-01-01,70.80391238388681,2.7128057543365953,0.5990500244029264,59.67133323558813,1
2025-01-01,73.45393812074393,2.505837476655665,1.303123221322688,67.23348126239642,1
2025-01-01,76.65631715701782,2.4584463266178327,0.8342040638044742,36.62078942419639,1
2025-01-01,79.8777256356118,2.372832987303294,0.881698485098247,35.77005256466366,1
2025-01-01,72.60412881077355,2.4084433463557744,0.4216454418573677,51.65717577219987,0
2025-01-01,74.07170511668092,2.8140735383464417,0.18268431106844732,54.57734619340381,0
2025-01-01,69.46832512996986,2.399426775439592,0.12282184269300682,49.20693767438358,0
2025-01-01,69.01896687959665,2.0976805860095293,0.1981536015402142,53.95866545295502,0
2025-01-01,79.06262911197099,2.723095532662052,0.49509705682961735,37.21519075500285,1
2025-01-01,,2.4385370008405847,0.09476767839717344,49.184550166563334,0
2025-01-01,74.63994939209833,2.509418759659833,0.1496346304486452,56.32370243758671,0
2025-01-01,80.01766448946012,2.982273491919853,0.315613099967987,47.30825796994815,0
2025-01-01,76.80818012523817,2.493831832794848,0.13266689862546002,57.177893432663915,0
2025-01-01,71.77440122697438,2.5867551019356174,0.4441477282199665,48.04765122215358,0
2025-01-01,76.80697802754207,2.1463229526105025,1.2831192790279546,43.34398323369109,0
2025-01-01,82.69018283232984,2.434099164294712,0.6893404400856861,42.144201883483696,1
2025-01-01,74.82086980445024,2.6828578135625802,0.5489461951519345,46.43608235954352,0
2025-01-01,82.82321827907003,2.0333878798476275,0.4370006784222686,30.92358490728803,1
2025-01-01,61.901274479551276,2.5602535279347127,0.33466445969273484,56.74100553784455,0
2025-01-01,79.10951252187611,2.5302373217934417,0.10324392763126845,63.80422563921047,1
2025-01-01,75.43523534119086,2.5123862366762317,1.1255205782875282,44.18508377772474,0
2025-01-01,73.50496324767066,2.811147669597473,0.14286598890336014,31.841325445668744,1
2025-01-01,75.45880388267751,2.6003315544545567,0.04787502093271783,69.4710238954223,1
2025-01-01,65.06215542699553,2.943421569506933,0.693177539939009,40.54793021804268,0
2025-01-01,73.90164056081244,2.201923145321789,0.09655913666991706,35.06484486763092,1
2025-01-01,76.78556285755873,2.5407773701655043,0.2325247601994583,44.79010031892112,0
2025-01-01,82.38947022370758,2.5253400359169844,0.014346326798157095,59.54228162534227,1
2025-01-01,72.40864890863176,2.179223651873476,0.07370965965913989,41.75666387562263,0
2025-01-02,70.95753198553406,2.786888500627404,0.09509842126208295,52.98812815677951,0
2025-01-02,72.49121478207732,3.197401991755845,0.02797317139168213,46.62239977748569,0
2025-01-02,79.57701058851038,2.494898177654851,0.5345126025727255,34.71055969106474,1
2025-01-02,,2.65150632648213,0.907026453166056,43.21148049968441,0
2025-01-02,72.3511989811648,2.525355542744598,0.2336559526862801,58.994820228562666,0
2025-01-02,77.56633716556678,2.2859245990278474,1.038029541198053,54.48015589325783,0
2025-01-02,75.4853877467402,1.9537719166593952,0.11998375092010463,34.79113519534244,1
2025-01-02,79.84322495266444,2.2882679550713902,0.19681058036318977,36.53289638857234,1
2025-01-02,71.48973453061323,2.082412485714481,0.08169317811424477,55.62933437229782,0
2025-01-02,73.36168926701116,3.0112306234177355,0.4845283384858852,62.53661657283475,1
2025-01-02,73.0394592343392,2.465467091823028,0.2722511786940437,43.97897983832677,0
2025-01-02,67.68242525933941,2.396224201285849,0.4750315082481496,53.81243007373801,0
2025-01-02,76.48060138532288,2.7667461474363417,0.7170597968206064,36.82574355008421,1
2025-01-02,76.30527636089944,2.1634746691432336,0.3945020725481432,42.45505347621295,0
2025-01-02,75.02556728321231,2.2699407885986345,0.4939341242264985,30.810808226922106,1
2025-01-02,73.82706433312427,2.5204216807745863,1.3686132169626055,60.731037911980906,1
2025-01-02,67.92314628974793,2.808630697427044,0.17766956798440064,46.04039279091867,0
2025-01-02,72.89677338617321,2.6505055135506366,0.2224908046356866,62.64502294615816,1
2025-01-02,73.28642741736616,2.5744975427547647,0.6323984260401515,58.33491984090905,0
2025-01-02,70.9886136538919,2.523435320570805,0.4724808174162897,63.14977062913908,1
2025-01-02,74.19357144166996,2.6200707566580324,0.09833169826227642,41.42634678331531,0
2025-01-02,77.02025428407269,2.5604958715387762,0.23592050610862986,37.40434921711381,1
2025-01-02,84.43092950605265,2.1910083175669195,0.3154036746897267,68.87622730606682,1
2025-01-02,75.8728890641592,2.513823766489945,0.2718378624533989,58.69311148163478,0
2025-01-02,76.28775195361382,2.177893402324674,0.09817462825786079,63.361690717066814,1
2025-01-02,74.62777042116916,2.524324762870247,1.2913485572548788,30.52533494839735,1
2025-01-02,65.40614392350479,2.3558056175535276,0.7184124189349325,44.17846481183546,0
2025-01-02,74.86743062275391,3.2618144868348584,0.32826862097636955,59.71266762309327,1
2025-01-02,75.30115104970513,2.4880316848744863,0.5698125074176766,33.119313319599335,1
2025-01-02,87.31621056242643,2.0787281301215232,1.137887226579621,52.69359718275743,1
2025-01-02,74.03819517609439,2.4597459367969225,0.07319204207598792,47.16291069820013,0
2025-01-02,76.50773671166806,2.6558076236913664,0.14408979856965115,30.70466028564429,1
2025-01-02,74.82644115147379,3.002009183845757,0.3912091878791009,39.43902308477806,1
2025-01-02,69.15660981190234,2.3231642800183843,0.8022509855111385,41.39167956266857,0
2025-01-02,80.7141140725751,2.025271607792908,0.018464216846831097,34.4743978538529,1
2025-01-02,78.75966516343387,2.745051103429294,2.068150793959567,55.26147638970642,0
2025-01-02,78.95515973521523,2.0858203882301045,0.3033990640716071,39.69591505007556,1
2025-01-02,70.4530627260263,2.3691533675477543,0.22254324044234097,41.10477998477553,1
2025-01-02,82.0139715546805,2.4227138543467017,0.1731674632102039,65.9295439280059,1
2025-01-02,67.9907446860386,2.4791099640099676,0.09579622409562548,48.68492370772558,0
2025-01-02,77.93428546900135,2.7067493371223006,0.7840853899333109,45.68512587877089,0
2025-01-02,85.95227812904989,2.2949097153140836,1.5551695328020572,58.95484153258869,1
2025-01-02,70.04731837434656,2.417881224349972,0.26691472634106905,66.38455187531649,1
2025-01-02,72.16851135198614,2.4957188941151833,1.5226786880049934,31.001453449497753,1
2025-01-02,75.4982568254382,2.5448793872556363,0.8680610161428937,47.92955386221586,0
2025-01-02,72.48262172941901,2.5293481524123766,0.32797495609194527,54.43125424311789,0
2025-01-02,67.24668284466934,2.630801732566774,0.5604691024539328,42.742523925039585,0
2025-01-02,75.34281487403014,2.753151852892521,0.2854507733797614,60.89630888492967,1
2025-01-02,69.68848143136948,2.61779023469529,0.4090417039381854,68.85908281081096,1
2025-01-02,77.36796215317591,2.6360756570527655,0.029899597828259135,67.73709465001133,1
2025-01-02,70.40287882883098,2.025333049976057,0.5957973242203893,40.63930157519768,0
2025-01-02,82.7496720250877,2.515068309749704,0.027135516719243417,39.05353113749944,1
2025-01-02,71.08373353831881,2.6438522644004827,0.8493667123641913,68.29962124084884,1
2025-01-02,73.38969241897162,2.7186823583711353,0.8713330454036624,48.345139497258636,0
2025-01-02,79.06758608684835,2.292294767729862,0.1352992735676301,,1
2025-01-02,68.84567841783023,2.3022882175334063,0.19553174134959547,58.279878545216725,0
2025-01-02,76.13729967302065,2.3277697974149203,0.3282248033064397,41.37681295615166,0
2025-01-02,81.53571377141213,2.660924169967403,0.45399130372395086,40.68987900284209,1
2025-01-02,66.96258382719387,2.8101643164772625,0.16938500044979157,65.16996172311138,1
2025-01-02,75.92316929266153,2.3777619678125195,0.448840491995653,36.49916613507614,1
2025-01-02,76.29941397124212,2.772388694088115,0.17675930322934377,32.575717858649455,1
2025-01-02,78.90911435888655,2.5370439427493783,0.028544883959216668,40.76745760686749,1
2025-01-02,68.81524644560959,2.462714266851269,0.0012653747393167548,54.27781651352815,0
2025-01-02,68.39771693457863,2.436584731054609,0.053320143729614945,34.92351413613082,1
2025-01-02,77.60970782808448,2.723983409380647,0.7857116077380866,48.86378689107175,0
2025-01-02,76.48492336616593,2.597673345036121,1.627657266677153,55.09348441701279,0
2025-01-02,76.25246425172938,3.1827476282942913,0.2784052874845853,63.94947970372696,1
2025-01-02,76.73224104748488,2.244332607100803,0.3594212000825906,39.19478364809017,1
2025-01-02,71.59987639210755,2.655430510608993,0.07940887546650786,62.693852935311575,1
2025-01-02,76.16126848580502,2.341239697056546,0.40040111073670337,39.39625044524954,1
2025-01-02,76.46536236649341,2.2392139039034067,0.07812513404786511,57.070661649585624,0
2025-01-02,71.42824290986816,2.4967398588895082,0.4723635335772489,47.226942859298205,0
2025-01-02,84.32887255572378,2.5412057438221107,1.3534654207658803,34.58724969514681,1
2025-01-02,,3.3754520665180276,0.10889056448207576,58.57053851287395,1
2025-01-02,69.04348251398676,2.4447562552950393,0.7231574835666437,38.71050474196071,1
2025-01-02,78.28276804316914,2.160946381154595,0.011891504896618613,37.06493704098366,1
2025-01-02,70.1265916488634,2.5819032152483157,0.23539976600345977,44.33291714357533,0
2025-01-02,78.93542301871226,1.8776079887360895,0.058687595072997076,56.13160979037934,0
2025-01-02,80.79297789503703,2.4724129652187203,0.21729927904508212,39.35985915162511,1
2025-01-02,70.89658840824144,2.5048075846885482,0.09530001628914712,37.34646155127543,1
2025-01-02,79.8168806462216,2.7383801148835634,0.23364764216086178,30.39814502853457,1
2025-01-02,77.06390463468249,2.792086674828354,0.2702326232123387,48.86572388406894,0
2025-01-02,79.11030079997245,2.3489291143276847,0.17875988090623884,47.14582277260731,0
2025-01-03,84.48396491326973,2.45481579561102,0.5344616253272948,39.35470974549505,1
2025-01-03,73.77305941998564,2.2701637508167987,1.2557406313575665,32.14608656038763,1
2025-01-03,71.23131917821256,2.161581233557692,0.25590920329363304,47.170234983833474,0
2025-01-03,70.55242785187238,2.5929684338141903,0.10680900463936871,61.52820444286525,1
2025-01-03,70.92094857517282,2.11792433542102,0.15785065750645172,58.61128525308708,0
2025-01-03,74.61449145292949,2.375611929828441,0.9620771488378982,64.43179559440681,1
2025-01-03,76.70575987408321,2.2014478120302288,0.4238953347139896,30.383307508526226,1
2025-01-03,76.38345399665009,2.664904955887078,0.30349486364441985,68.65677267218393,1
2025-01-03,79.13591624518011,3.0404290297799466,0.08104581717063407,43.65649010509793,0
2025-01-03,75.06500945938953,2.1095236051590005,0.2986706602888356,69.61591184367859,1
2025-01-03,82.26767038578659,1.9440944551307293,0.163205908735943,40.104778424070986,1
2025-01-03,73.67671583381022,2.4625339343949797,1.4337850031775847,48.86145550312979,0
2025-01-03,88.6008458329481,2.5047093387873276,1.0773848310544374,44.15710706301215,1
2025-01-03,78.12833673882503,2.565597792027189,0.04381626229176546,44.230428599772104,0
2025-01-03,70.71421221791859,2.3661038454296968,0.3635107345049216,63.69128394992863,1
2025-01-03,69.64553750969444,2.4398082103523704,0.12748376849893683,59.85675758949355,1
2025-01-03,77.41236207621593,2.6102531231621806,0.26447535555537216,69.68605740920192,1
2025-01-03,,2.8121292677934515,1.04716794999596,54.5405873087005,0
2025-01-03,78.57000247046047,1.9134853689045153,0.3748741312216798,48.530264175780104,0
2025-01-03,77.36618812286773,2.3893181682905613,0.20339446201102848,33.602954517875645,1
2025-01-03,,2.564142638182319,0.11652646503174274,69.86245678055427,1
2025-01-03,70.76603140965797,2.2246071686167794,0.8055317650335985,52.06122611729131,0
2025-01-03,67.42576387657067,3.0193508895301897,0.4897723929655684,58.01909878760567,0
2025-01-03,72.76742523966489,2.3093770359313788,0.3156174215626153,46.269695487652456,0
2025-01-03,79.28199397161737,2.487612193897815,0.12262068085222026,51.90862832716944,0
2025-01-03,76.07046872065102,2.666806629052687,0.20341780402501272,67.70310927571549,1
2025-01-03,68.77130610644006,2.3226145633594317,1.6074845671967888,36.65677751726411,1
2025-01-03,75.86590462925591,1.946028085658675,0.3670782813241545,41.69490337321018,1
2025-01-03,76.92658689864419,2.37140364192504,0.25599588609579493,36.082389111121294,1
2025-01-03,70.58071281899433,2.808832166778112,0.3684680802285763,61.68863615219099,1
2025-01-03,75.76862552972764,2.3989314619644584,0.7547702846563992,32.48181041687318,1
2025-01-03,75.29104359223,2.2460697095623066,0.20784025644608453,33.265265994053536,1
2025-01-03,69.28514851084688,2.7777016628508164,0.09843714050020501,41.93976451149475,0
2025-01-03,76.78893680174141,2.4007675311930843,0.4396614194422857,50.56752723684045,0
2025-01-03,77.80392263184117,2.346951755904935,0.547117098478233,46.250992022383464,0
2025-01-03,,2.544836826898993,0.6236454887689461,31.79265242683229,1
2025-01-03,80.26901026017451,2.731225062885636,1.0684827485234059,68.29966231483806,1
2025-01-03,68.11165316021454,3.2145140595197637,0.23195044102457799,68.11478081432335,1
2025-01-03,70.31087480042439,2.7481708322972267,0.039172643344646534,41.1742529296304,0
2025-01-03,77.5751763360433,2.847951989916503,1.5892099522437606,59.26102461074326,1
2025-01-03,77.56892975456104,2.3482101403036433,0.2854753292836658,53.14301645532895,0
2025-01-03,77.57523843153024,2.1922395682091573,0.4880966872247955,39.499067800224964,1
2025-01-03,94.26365745327361,2.5186994048857367,0.548764422594948,40.48686206966462,1
2025-01-03,77.85445255346583,2.532150974577879,0.39539511927621335,49.64612697241802,0
2025-01-03,80.677828200903,2.1764461775906208,0.11486857679091918,46.769477659894406,0
2025-01-03,79.770008817466,2.447411641028796,0.7035405584928155,41.64917312925057,1
2025-01-03,78.256956256529,2.6197952805157394,0.8141879912592047,62.30046385220596,1
2025-01-03,73.42365377679828,2.608118018505424,0.4025710342246977,49.258516705495396,0
2025-01-03,78.79484610246634,2.651286356015282,0.3352636358877502,56.19392249556511,0
2025-01-03,,2.587289419041233,0.060484280037506236,37.57094000671502,1
2025-01-03,73.81590696629996,2.347897402218983,0.043843072205958324,51.340306500659466,0
2025-01-03,72.57318226085448,2.345829812005347,0.2074281681585474,42.71904197786486,0
2025-01-03,75.40937069693162,2.1403145806018373,0.1861453731355777,51.05654441579513,0
2025-01-03,86.57329283336755,3.0354325117555283,1.5358365880076106,61.233033336437124,1
2025-01-03,65.66367403704126,2.504035109385788,0.7653659160015921,60.756528403650464,0
2025-01-03,78.43130095187257,2.4325440832615444,0.5392935125772236,44.16882712137104,0
2025-01-03,66.93642064405174,2.2213623755642624,0.36454066277824754,57.77108468318556,0
2025-01-03,72.64034067105283,3.3806973706983334,0.09158147376793596,67.65159801577109,1
2025-01-03,80.44475298483682,2.1780015903331313,1.9188445622463148,55.02677319699626,0
2025-01-03,75.32140009547732,2.371345622318178,0.23503437427514373,35.93640493530549,1
2025-01-03,69.61127611035347,2.624751050885818,0.056542694823353445,57.1883451711638,0
2025-01-03,,2.680063889723283,0.3404106246779022,34.19617545397245,1
2025-01-03,78.39798874467338,2.787379616564705,1.0357287956533148,64.88441635172109,1
2025-01-03,71.34816684141431,3.042282552330779,1.0914730094319545,50.66641983207761,0
2025-01-03,76.08229294790988,2.6518472966382136,0.005513242458151228,45.40562945246318,0
2025-01-03,75.22785919951907,2.1831907600099996,1.0870772268481996,32.28026378598769,1
2025-01-03,71.74199826197092,2.4229164624634656,0.15837299460124596,45.23134938368439,0
2025-01-03,85.71972044662662,2.5923497117541654,0.019876056424126293,66.12826671663157,1
2025-01-03,78.16959511159006,3.1204678124517473,0.9412479544706157,30.839319851452128,1
2025-01-03,64.87428706671196,2.080658356472711,0.9970605687463627,48.985926311272195,0
2025-01-03,75.93227157384713,2.860772951567568,0.4534562722358188,67.24632364442489,1
2025-01-03,71.69106767615806,2.553974310863925,0.42716733052809386,45.793639990600845,0
2025-01-03,79.26216667398111,2.7513491605688443,0.8386450190740116,47.127027498486015,0
2025-01-03,71.0373963078365,2.4694015850092206,0.7716134095774563,53.14240220796479,0
2025-01-03,74.4263177926655,2.2472702109621023,1.1041171113295376,48.51749334308734,0
2025-01-03,77.52493639490228,2.7252618338203995,0.4023159248634363,36.7440676495021,1
2025-01-03,79.32877597085061,2.6963293081316864,1.715525696458691,30.742221562794416,1
2025-01-03,68.99851796472112,2.7916170897219166,2.779429667536901,54.39246631914806,0
2025-01-03,,2.4960086093864096,0.061957240427776186,66.83226348031249,1
2025-01-03,72.62527344419522,2.320053393004045,0.9470414991146925,34.25456532108662,1
2025-01-03,71.73335383713145,2.0323639014928476,0.3463958796133845,38.438108770110134,1
2025-01-03,83.82727120140548,2.7458119804418217,0.2451573249286127,,0
2025-01-03,77.02490855480478,2.6271668447331957,0.47475872532631674,62.34968916084479,1
2025-01-04,68.69558022832477,2.210265210140812,0.028796313775484375,40.770412658839106,0
2025-01-04,79.58930973527389,2.338427898011013,0.353076818259631,65.28217617115074,1
2025-01-04,85.61078098506317,2.359972356414568,1.0235474699259288,32.19831498600266,1
2025-01-04,80.16232630275573,2.0551046704052744,0.12005681357594926,67.63826485035739,1
2025-01-04,67.40315017022994,2.25469528101846,0.27790268632189624,52.4298831149506,0
2025-01-04,72.57882963566874,2.1598508929580937,1.4023980291468707,56.35110713950818,0
2025-01-04,,2.376256296433619,0.27980125209181117,44.70758090145412,0
2025-01-04,71.4616526719061,2.2783907505011314,0.22186988767128984,61.279771420442415,1
2025-01-04,77.21909714073114,2.0118985237399754,0.2903886274682379,36.66265000337624,1
2025-01-04,78.87317026714669,3.1067770691708443,0.366414877355558,31.95647301113948,1
2025-01-04,70.36534764210958,2.8757622193087693,0.4998244098539757,45.820677724302286,0
2025-01-04,74.702373219691,2.2662941735440043,0.8064539652864859,64.14782855924157,1
2025-01-04,58.79366329965464,2.581726418996083,0.3008332581489385,60.197073465507785,0
2025-01-04,69.87806179332856,2.6252395269463884,0.8504503230781004,50.68623881955832,0
2025-01-04,73.7371592430342,2.857325756432043,0.3814851926448762,52.88550988661414,0
2025-01-04,68.76108409017576,2.2544184920019763,0.20660791653826585,35.195713051950214,1
2025-01-04,83.16205651965818,2.827632035194728,0.5364003874129512,63.62726034470329,1
2025-01-04,67.84929311019684,2.3356284087379193,0.6324318902473705,61.478387318567876,1
2025-01-04,72.79977756651508,2.099241278749416,0.40827810381766094,56.25881575547771,0
2025-01-04,75.65370288643045,2.717240967794349,0.029140389858624837,48.64764145315754,0
2025-01-04,82.20636644533057,2.8872275272367283,0.09309423694155412,68.5783707311805,1
2025-01-04,67.82068924410281,3.2763726920592053,0.16794460792858615,65.16127887505884,1
2025-01-04,80.8158187607748,2.140082420472936,0.16607870361641072,55.77721974058474,0
2025-01-04,75.05116530509794,2.7096759055242368,0.5595413938481979,44.87203990869152,0
2025-01-04,70.09245674476024,2.37705962686194,0.009259543147291806,54.720891147260495,0
2025-01-04,77.31051737131635,2.7350076131572094,0.704641855494575,53.017637061226615,0
2025-01-04,75.99529847786735,2.058853134630625,0.154175420238499,45.76967951339665,0
2025-01-04,71.99891561420603,2.1211690672904306,0.18554767153740745,42.266958867523044,0
2025-01-04,75.3490104249501,2.267237553050055,0.37529263457559436,46.28043168949289,0
2025-01-04,73.0734320156912,2.5236892137004254,0.12162568318630414,52.956456241335914,0
2025-01-04,75.56758672625624,2.3076756200384936,1.0791182062734468,47.12539378844377,0
2025-01-04,78.31065337260523,2.697716303174026,0.04461716623171833,40.542979528055355,1
2025-01-04,82.93008408072676,2.8080683854773745,0.2938374616436813,60.43853271043235,1
2025-01-04,68.81092250586576,2.6798732623736066,0.9466379230484165,51.258699838296515,0
2025-01-04,,2.98563629189826,0.4783531420292947,32.707006529024,1
2025-01-04,65.23956100238749,2.624747988836603,0.17288835574287598,44.732660225045024,0
2025-01-04,74.24107452482208,2.13493098689795,0.2730193691135521,65.39653828847975,1
2025-01-04,77.94158603242288,2.909012954061502,0.6132700715408772,60.20946124799808,1
2025-01-04,76.40495933867517,2.318453129318201,1.8108112536959085,42.929871357760284,0
2025-01-04,71.88650240089703,2.773125549905671,1.1181118595348791,67.52732608178036,1
2025-01-04,73.95938874821363,2.9721202649665317,0.20960416378859548,33.0641163343284,1
2025-01-04,72.53499532670584,2.63700640321912,3.1593955670845855,68.44938815568756,1
2025-01-04,72.05317621527894,2.051152356050605,0.0017554096254921707,39.828203699387025,1
2025-01-04,79.24801048510513,2.2245363500470625,0.01400931869362093,30.36376721209677,1
2025-01-04,76.78507742982524,2.8968233400655405,0.868182765231254,47.35232146073307,0
2025-01-04,71.53545202369673,2.449263194307155,0.11123606765285357,44.35881718748035,0
2025-01-04,79.49799937716625,2.52387206048265,0.031347054700220964,51.56356020827175,0
2025-01-04,76.53649760438304,2.727647324849083,0.1353456668412627,61.87091442279382,1
2025-01-04,79.0643105941948,2.708896858624097,0.27765019108696887,63.697232086017884,1
2025-01-04,78.14814420961807,2.5836399437156383,0.6557164101472248,46.04919998446767,0
2025-01-04,70.85502494538964,2.43739948863386,0.4895294459147398,47.19382974825401,0
2025-01-04,72.19909479901516,2.406199466280293,0.13565587849399197,35.927109213178944,1
2025-01-04,78.7364680256163,2.757369647587403,0.3498547810815537,31.90190435524654,1
2025-01-04,78.05185132716733,2.666070859320338,1.3032938478526477,55.64859960940099,0
2025-01-04,74.89549203017926,2.422809999814663,0.8437207462687324,32.577505022107694,1
2025-01-04,75.58663691654391,2.824633693897942,0.19518218873519408,59.353204776858234,1
2025-01-04,81.38832447894212,2.461289765461065,2.016095228902966,51.5636058008899,1
2025-01-04,72.04214305582084,2.244501347699682,0.6165641980141964,37.94331912904334,1
2025-01-04,77.7354869058502,2.2723087903289967,0.0322422509872665,51.58091774050598,0
2025-01-04,73.98903673783053,2.2063777491070704,0.017896866890436975,37.319908664083954,1
2025-01-04,73.9115939838639,2.418276995018894,0.09220664086904178,47.54948830041648,0
2025-01-04,80.49388425993595,2.870117283500858,0.6507117280787256,61.98241264968915,1
2025-01-04,79.12708174494016,2.2584714456908475,0.10151051568429294,48.4767717364255,0
2025-01-04,79.06754818000319,2.556542728305431,0.35819436166981883,35.94797273190193,1
2025-01-04,81.52739403577165,2.302993196311776,0.04894983090987008,58.9531472729178,1
2025-01-04,75.1050192081638,2.4219072876185685,1.2684337118464566,37.470736650800355,1
2025-01-04,78.40976485647482,2.0469876364044244,0.21076722578572046,59.541994974804375,1
2025-01-04,73.44866621703272,2.4338385312530386,1.1937015652504899,49.17409156863333,0
2025-01-04,76.62083176244221,2.4418883860585114,1.4490817949593253,48.14967036377206,0
2025-01-04,74.34928472816158,2.6620863832107085,0.0030737522791874023,64.05740151429899,1
2025-01-04,75.48497982496359,2.5669842739766113,0.31193668232293764,58.34414097362675,0
2025-01-04,77.97578512718457,2.1404823625143865,0.0124825534065577,31.31643187819757,1
2025-01-04,70.90889658383264,2.825259473213063,1.1967626322703089,41.8469725840641,0
2025-01-04,85.4619363784273,2.5630909120665986,0.3653285255436739,64.83682643399594,1
2025-01-04,69.96991309250149,2.559518055153246,0.038950508244474796,30.733046741807946,1
2025-01-04,68.92905693606134,2.4972452939844585,0.05842239762636786,51.81013785047882,0
2025-01-04,,2.344672765833334,0.2418557973768586,59.11302676695775,1
2025-01-04,78.95831346981468,2.565340701924618,1.4086607843651204,54.874243419383035,0
2025-01-04,78.12059908526078,2.6426765307785747,0.590305825970288,60.421288084177455,1
2025-01-04,78.1417275463214,1.9759312925963335,1.0110350697540342,59.02767395658983,1
2025-01-04,74.93876613576543,2.3383717487961713,0.22821342321218344,57.68122780612453,0
2025-01-04,70.51372814257084,2.4235159088789233,0.02208760698991402,62.861594437026085,1
2025-01-04,75.37902279096863,2.5768511817082835,1.8309753976095278,55.82762673798153,0
2025-01-04,71.61419144243945,2.8579933017781376,0.008661078342108008,46.096739770279285,0
2025-01-05,79.87559866708875,2.268477755620965,1.4749174598221904,48.876364396583504,0
2025-01-05,74.2647130924893,2.350611445954647,0.22996916644059417,58.668991307258025,0
2025-01-05,70.87251401603744,2.346239766806035,0.005070829113591603,65.05224118667175,1
2025-01-05,73.39307079173503,2.2595417229686374,0.5842340314458132,40.888752033591025,0
2025-01-05,77.06465727137812,2.3958440514663213,1.9697049128729098,43.68307183884283,1
2025-01-05,,2.7312406659963915,1.6852233756095922,67.2295758544965,1
2025-01-05,70.88889802216784,2.1838493513906965,0.087734749646485,53.140471696377816,0
2025-01-05,76.21843605745956,2.628344318545871,0.09998690621120451,37.15847268540004,1
2025-01-05,76.22483285554361,1.9894293309944993,0.416824450064003,56.54780555649531,0
2025-01-05,72.46528412314436,2.331598601067338,0.5070962698625449,69.63048622157518,1
2025-01-05,72.64480847190839,2.4011532099346042,0.6724186783690025,62.938142578816006,1
2025-01-05,76.16024968678818,3.0024579018742195,0.09986634360882483,59.82964546205611,1
2025-01-05,67.75957829251338,2.4175593085741935,1.5971780375653937,38.32186617065077,1
2025-01-05,67.96268112811723,1.8396269579647246,0.5090776498109596,65.04559138736029,1
2025-01-05,71.40777889373781,1.900333327941625,0.9388120319519735,51.03155374142186,0
2025-01-05,73.93276424144076,2.5102088759040044,0.3883358295088885,65.57160088287823,1
2025-01-05,76.55453782799002,2.6841312567369724,0.26745401859922874,43.19311317699517,0
2025-01-05,82.37678108474776,2.612636757288176,1.8901226565843343,32.48204210541731,1
2025-01-05,79.2882981160101,2.550271031740297,0.4362821247166242,49.03903874638984,0
2025-01-05,74.20030735018287,2.8486778792517002,1.0082280484675707,40.793504192715105,1
2025-01-05,74.90491896048655,2.3381226337788603,1.5319241544259088,58.609171591051926,1
2025-01-05,69.98735317681096,2.7684731668080476,0.562510926213778,68.2842621142413,1
2025-01-05,74.90743432003805,2.010395534492075,0.3980759904572136,57.638966046062556,0
2025-01-05,73.55670680539932,2.22851565011858,0.0017585142054009476,65.47735718836815,1
2025-01-05,76.61359280169044,1.957887581520455,0.020421226916338336,48.12096054404825,0
2025-01-05,70.86384528223839,2.4175464097990624,0.11210406892465674,60.865629487812065,1
2025-01-05,77.59673257120586,2.486121634820097,0.10290263578934779,63.721737466868134,1
2025-01-05,82.66369456501289,2.534230447667956,0.14702367408533928,58.435025103341694,1
2025-01-05,74.45619925771571,2.5185650058661406,0.18187469568062592,50.31109144278258,0
2025-01-05,77.0085586104947,2.2217340007564816,0.22319472076893998,55.03464438461472,0
2025-01-05,78.45071995855557,2.4429277466760353,0.27282732863144216,58.020279827155214,0
2025-01-05,72.99389764057082,2.0507659994182754,0.052050842190365355,40.123376128857075,1
2025-01-05,76.12046240905208,2.908968692539675,0.0216426859643377,62.38317043659939,1
2025-01-05,75.06296200390898,2.4089121781305995,0.5603437552578217,68.01298155869094,1
2025-01-05,75.48838049274416,2.353334164286893,0.38537582515646224,48.60957260719744,0
2025-01-05,71.13495108072267,2.976682098533225,0.29362318744063876,58.0426873243951,0
2025-01-05,75.12255087129472,2.127326039935231,0.503162346821234,,1
2025-01-05,77.48999145622724,2.1623238657904094,0.8791993127445505,56.48990190085921,0
2025-01-05,82.2557180389752,2.1711339025394305,0.27903977974608857,51.88460433314542,0
2025-01-05,79.79635413042604,2.4796385854901555,0.5123828588035954,65.26591818299242,1
2025-01-05,85.76591228755778,2.629489488891279,1.534928687305838,47.95706837075578,0
2025-01-05,71.16326218555976,2.72190264043535,0.9151186562768023,32.44411825946414,1
2025-01-05,79.36160318360339,3.2715985952484905,0.2775636473443356,63.78225502848641,1
2025-01-05,75.91671002869175,1.8251702637397709,0.5174200837469715,56.95925089266203,0
2025-01-05,85.94901466608836,2.6826206767373253,0.09744262844290949,63.97034505998586,1
2025-01-05,70.95850857322424,2.3328608282283305,0.4110840203539687,35.541897697787775,1
2025-01-05,70.80139078909612,2.324075455333368,1.9903728979034305,31.230117620388654,1
2025-01-05,72.0030367727799,2.314068361523837,0.3652325723550198,67.37498161530006,1
2025-01-05,64.38052137845096,2.227369098757608,1.313039056948193,35.90913223402297,1
2025-01-05,72.3712248915962,3.0053574503810356,0.2615629147972417,62.386093282818074,1
2025-01-05,71.20433669223151,2.752689198104171,3.3817526612524746,62.928397687225434,1
2025-01-05,75.75196893238103,2.5069587935672124,0.4328226154624624,58.34820802196012,0
2025-01-05,76.70877987888579,2.9053047257461,0.021594163871028815,35.250488443714836,1
2025-01-05,84.38085419607943,2.046241310410337,0.4418570747935283,56.6959449824323,1
2025-01-05,79.75211919093024,2.100788460600722,0.1604972062386113,65.56346333307462,1
2025-01-05,72.11548172168798,1.8466096803415937,0.01651027443764535,47.02126579203533,0
2025-01-05,70.50792664325822,2.2901756379630136,0.8597751409623462,,0
2025-01-05,77.45959585753253,2.548509558011426,0.1612952633596517,47.71433238317676,0
2025-01-05,68.3988339648968,2.5308575733797003,0.7961639486954245,33.29087562704826,1
2025-01-05,84.15729382927177,2.544802573317964,0.16999150415633688,65.68102276119893,1
2025-01-05,80.89720060360644,2.0766829506801754,0.10803826201124213,64.76731455922041,1
2025-01-05,72.65412173947648,2.7409464227842064,1.8235919434397354,69.91637287161144,1
2025-01-05,66.43432735454562,2.5718882554716993,0.2244306187449162,53.40732565993654,0
2025-01-05,81.76936187082707,2.7199162844397997,0.4598685963555924,60.047665458055434,1
2025-01-05,74.42730077373692,1.9321713467229844,0.4707805433312489,38.10687625229219,1
2025-01-05,81.1890815598673,2.593447257639337,0.41102861366276905,56.70115272896678,0
2025-01-05,67.02786170602816,2.143670428024742,1.2307654628132394,55.989313950295625,0
2025-01-05,72.00312488523113,2.3808030242345914,0.5611058966858885,66.0483494336645,1
2025-01-05,75.02621849859092,2.660309469590915,0.25853336627000817,63.23170891356297,1
2025-01-05,75.2349029688237,2.527328081876774,0.9916309046566963,67.53865850471053,1
2025-01-05,72.74967264260378,2.2445380060662043,0.09987399898786159,64.7533389080643,1
2025-01-05,78.11424966173749,2.5018819468553253,0.39289090479374583,64.74775579595408,1
2025-01-05,69.66189785308703,2.040539405426907,1.503400371277286,32.54893306754873,1
2025-01-05,74.28810257489353,2.845080218769489,0.49094508096219647,63.838478107838235,1
2025-01-05,75.60147815855949,2.4384147941511247,0.8490483696117809,54.29913578012473,0
2025-01-05,77.57219417029374,2.8355649832765977,0.5300238649048269,45.217778070638445,0
2025-01-05,78.55807439044445,2.342040493871187,0.9143285356854739,32.26058497552249,1
2025-01-05,69.37678954081065,2.342927203478025,1.4455769504523315,57.10695099072187,0
2025-01-05,67.32942914632189,2.270743964008646,0.15936057111360571,43.1280700215047,0
2025-01-05,81.38838410949255,2.7628521795079224,0.09296066285130201,48.71105059944139,0
2025-01-05,76.66157005989795,2.287170652801457,0.330815293974553,57.26913748220537,0
2025-01-05,71.25756731721724,2.693378629724553,0.6051001220271495,66.47098188096571,1
2025-01-05,82.75575987761262,2.385264280699213,0.12886183890094358,63.01747662419994,1
2025-01-06,75.57837317146429,1.9072110100325141,0.00205494222350831,48.02388516414399,0
2025-01-06,80.89648592031914,2.32890577966406,0.20998625356719347,45.511326297855156,0
2025-01-06,75.33759240705055,2.1462675356911456,1.734620386327946,39.5911895537619,1
2025-01-06,85.30373962440993,2.5101708171047012,0.5936684107635609,44.89707004703873,0
2025-01-06,83.77670421221602,2.142877679297653,0.2565185703015184,34.44185549167593,1
2025-01-06,73.75517925760464,2.777792530214385,0.10695323326322256,68.84422033459018,1
2025-01-06,79.85785475477178,2.472677241894092,0.22009790376702515,52.95669775838316,0
2025-01-06,78.22687974792574,2.4467212015723785,0.09306807152367959,35.112233711808514,1
2025-01-06,81.84315778766174,2.6967676413362747,0.05619582216877878,44.11224037063623,0
2025-01-06,70.17538269709948,2.789172080222759,1.186194714167344,51.88156574482624,0
2025-01-06,78.43025729999219,2.4939703744691046,3.026741975378391,51.31542546563479,0
2025-01-06,80.29212243424794,2.268639910135213,0.08963178236815128,31.420134748745294,1
2025-01-06,66.20630256788444,1.9678091151663613,0.028032625186604848,68.03364136916446,1
2025-01-06,69.08370743667112,2.294185072889446,0.200038157245963,41.01502725899778,0
2025-01-06,64.8038391111995,2.3148363260056115,0.309631713191912,30.647386757275648,1
2025-01-06,73.65296582777721,2.532117235897689,0.11459417157825631,33.0577603580113,1
2025-01-06,78.58771127897981,2.396455935658592,0.17935630342404243,53.207796129919075,0
2025-01-06,82.51178526048014,2.7063798916154282,0.11211628184378157,35.511420827003874,1
2025-01-06,75.37047390209888,2.316105018618793,0.7441869512712882,31.66899171414013,1
2025-01-06,83.14307772785646,2.4828876499441175,0.6234017812239288,45.18505865650845,0
2025-01-06,68.09949270892554,2.855196232959067,0.5038625503448405,54.910447693607544,0
2025-01-06,66.48308780322422,2.60254756418649,0.24487290056132155,34.473592193664494,1
2025-01-06,74.72226150551691,2.4819887374934306,1.1986728891273748,42.533113286052625,0
2025-01-06,76.92032724469654,2.3194166674194467,1.7455480502620653,46.71042686498169,0
2025-01-06,74.83652625952953,2.310030580985507,0.09536196662448126,36.378403911470684,1
2025-01-06,64.66278949980062,2.2448160241144155,0.12616559913009806,50.2429559386684,0
2025-01-06,74.55439980243605,2.33769794026513,0.3728849190800682,33.40856347607084,1
2025-01-06,68.47765249747573,2.7266997516232943,0.047842938289995494,31.860739853802748,1
2025-01-06,78.3483627441502,2.4334335186123193,0.2867481885325162,50.793414686205395,0
2025-01-06,,2.095068079185631,0.4358873022694333,39.915878910035026,1
2025-01-06,70.30060106836322,3.030450787917935,0.36914923642499226,33.814952315921104,1
2025-01-06,72.43066541331653,2.595989557343549,0.20091729053561394,46.95650349950529,0
2025-01-06,69.70393239055524,2.0779169798460493,0.3909299723100772,66.60562958069579,1
2025-01-06,74.68660451363414,2.367445321827753,1.5946700922587054,58.9676978661662,0
2025-01-06,,2.5332659148485255,0.11534686886884059,62.6246366138811,1
2025-01-06,,3.011377627989213,0.5318610825666283,,1
2025-01-06,77.52023257758923,2.1675662625223393,0.0221832459575396,68.90510965585676,1
2025-01-06,72.3487119081378,2.792812215806784,0.03436238468696477,60.52986294056692,1
2025-01-06,71.03563583868828,2.919845928091703,0.4012893459922778,54.336316877579186,0
2025-01-06,74.46484820022721,2.311403708477629,0.05543180403763775,44.61703521208989,0
2025-01-06,69.82378838790314,2.41674591434193,0.011300130611259297,37.26572946230864,1
2025-01-06,72.23175347326409,2.1891072257878688,0.09407706520379347,57.46639495933177,0
2025-01-06,69.01061053705575,2.4389616576759083,0.41603128732862615,69.79799944487768,1
2025-01-06,84.82362566458194,2.4890230076971207,0.6075858973218495,48.69434738475676,0
2025-01-06,75.17631775985865,2.6978949994247112,0.1131232829323901,58.94717472371231,0
2025-01-06,71.50137246003708,2.827055041306134,0.5517010264605031,49.803697999726246,0
2025-01-06,76.0698995536711,2.2755711806135057,0.10073771192301752,,0
2025-01-06,74.43835975154585,1.9098024807322016,0.47525663300104937,46.41222454239661,0
2025-01-06,73.89515200233389,2.4936265662171273,0.26547988091432545,50.184987317267904,0
2025-01-06,78.07083350021712,2.5880612589905923,0.530368609474671,44.675826474615,0
2025-01-06,78.78753855023652,2.5748253063055127,2.6544619567359176,59.950932872872315,1
2025-01-06,72.34749426194736,2.401998025747287,1.388836534687965,64.97088106366067,1
2025-01-06,72.1209087967766,2.53742562989918,0.002145475405984748,65.31541226580737,1
2025-01-06,73.62474151424178,2.954633442505674,1.0833228949422045,39.10794853703304,1
2025-01-06,63.49039417632208,2.6145202506887526,0.034402227748518685,65.83636554925963,1
2025-01-06,67.42404468900725,2.3879894724990747,1.5292996818604494,43.6620492742042,0
2025-01-06,81.83437133722262,2.3499406548712014,0.16552147631630482,42.37230661941191,0
2025-01-06,83.22483856750642,2.449044292696681,0.24066159150075622,59.07024229592943,1
2025-01-06,73.75481980221811,2.991021988549192,0.04805626364615088,42.18785360345158,0
2025-01-06,77.88278481527884,2.445009787142141,0.05954537172682582,32.1186562243884,1
2025-01-06,76.55625077271768,2.4940616966437874,0.648666812270517,44.94471089241232,0
2025-01-06,90.3944040422762,2.355305928719109,1.4441770191656567,58.858624014333955,1
2025-01-06,80.59787455717289,2.8296950072325893,0.47176480087418055,43.07833681080706,0
2025-01-06,74.36041204259617,3.0879511764234024,0.6291265329410086,55.18236223980586,0
2025-01-06,70.22229779699786,2.6351839148294163,0.7176787449244015,56.404777770525214,0
2025-01-06,66.96776839871214,2.524831871135628,0.15245770828825886,59.349440469054244,0
2025-01-06,76.01731817933612,2.5110348499522703,0.023142209319896755,65.88521865243746,1
2025-01-06,71.21824627357849,1.7847079633642764,0.0009372498482426404,47.302579970737256,0
2025-01-06,67.88873145201163,2.723545259285445,0.21589115608736598,36.65728306649828,1
2025-01-06,71.76713557878736,2.540249924798753,0.13818266003264243,42.75702861727558,0
2025-01-06,69.59225998192802,2.6285026151982174,0.03217205671088691,47.286690206959435,0
2025-01-06,83.43570817536282,2.2865613417748887,0.09893792553097383,58.55565877312452,1
2025-01-06,79.40819878474726,2.3846629363068725,0.06647943442688226,30.52488502246534,1
2025-01-06,74.96013679341691,2.376692519049048,1.2318371144339122,,0
2025-01-06,82.39972069445014,2.8064868952219117,0.07556682567029255,61.19370324077267,1
2025-01-06,75.38684153823809,2.386372049019072,0.38571488838941087,56.834308133227815,0
2025-01-06,70.69357899335868,3.124798096632939,0.44960122970135613,59.26959894342421,1
2025-01-06,82.61562038634828,2.6292587257045112,0.3920717427379188,62.47243077756779,1
2025-01-06,77.69455021842329,2.1172952020012805,0.05215632921267253,61.32942875511849,1
2025-01-06,69.81376922836772,2.461436112024413,0.1919484626250764,57.287326646111126,0
2025-01-06,74.04830660958196,2.3044974633530755,0.026315690646571223,47.58646129482362,0
2025-01-06,70.62190873307621,1.8416852590539927,0.2518173652417198,69.34393315512615,1
2025-01-06,68.08600134517832,2.979841282034137,0.1044964055347052,52.76292782360295,0
2025-01-07,79.63088773765821,2.710942762666001,0.41234887761802164,38.11076837475356,1
2025-01-07,84.54708320235065,2.659962195369794,0.5901418009047303,,1
2025-01-07,68.00716213090429,2.5496210980899114,0.3797715637075859,57.7424982388188,0
2025-01-07,77.81484618345286,2.0853947293922688,0.28478974006924757,66.98958260797855,1
2025-01-07,71.74678715439086,2.354914858133369,0.24496720379551612,37.1488051682359,1
2025-01-07,72.56437308117651,2.752534232435204,0.9216056557665798,33.293859829831455,1
2025-01-07,72.03803037880566,2.1846339910652492,0.12382575715912136,65.26124192168024,1
2025-01-07,70.68004615160092,1.7404692051247561,0.6625400662792397,66.61111915651337,1
2025-01-07,75.24260813972414,2.431868197665722,0.7083403417955819,41.05517381263598,0
2025-01-07,70.84524941794481,2.457472733791738,0.2716744139950165,45.09142897484959,0
2025-01-07,76.3522841288992,2.5406690249244126,0.17641303676590372,56.407519899914334,0
2025-01-07,74.74880945275432,2.718555593054361,0.3179502332415986,43.19720083369899,0
2025-01-07,73.80525976566796,2.6912817436693626,0.048924358824376506,65.08634833080211,1
2025-01-07,70.462181689792,2.5776309415731764,0.02350913437213199,34.30314810855451,1
2025-01-07,72.11614334715834,2.8586594164260126,0.05916839416623907,31.51928883840781,1
2025-01-07,78.77695612912878,2.0443090657560057,0.10360128791512208,38.33944826971158,1
2025-01-07,77.5045859381219,2.6513745443432173,0.3507679542164153,41.44351112819876,0
2025-01-07,70.11222377600724,2.6879615090010827,0.9456903635265848,34.517063651555006,1
2025-01-07,75.49666152714613,2.128131314175928,0.1343597237658132,32.62761717362587,1
2025-01-07,78.75693561685894,2.049138817395283,1.367931796747925,60.22430854007193,1
2025-01-07,66.65297359439315,2.2762173620573196,1.5495242061320669,36.571062636090296,1
2025-01-07,77.71680096189968,2.3015375672454126,1.5959296018931128,66.55688796265216,1
2025-01-07,71.68688120527077,2.7260258390507293,0.9087317056495625,44.71998645792384,0
2025-01-07,77.8529933429658,2.3156383648926715,0.22614083019391742,56.824232388853815,0
2025-01-07,71.18370421728741,2.243095444515639,0.037730395478626735,39.01608459075201,0
2025-01-07,65.9755894966774,2.3165098789916323,0.4206133506739278,39.612910739674675,0
2025-01-07,66.86228781058419,2.8355897002462633,0.4089941574776678,52.988368114703015,0
2025-01-07,75.24042473330691,2.5039130123130855,0.9484792226657007,52.425717005839445,0
2025-01-07,76.2986125086074,2.4462246923929265,2.7596130766679794,60.74916912048325,1
2025-01-07,70.47841687447796,2.4669983503896846,0.35479817119738044,60.31253222777064,1
2025-01-07,78.19296229388686,2.887618100297957,0.211715794821528,56.827510586546445,0
2025-01-07,66.6923996886552,2.2752484820190273,0.10283708639755637,47.965222635739636,0
2025-01-07,74.66960100676341,2.894652487282031,0.0024056904848379934,65.62561545122469,1
2025-01-07,68.94491900118771,2.563148889676451,0.3557713654653214,54.90313960885195,0
2025-01-07,71.7408194609892,2.4518741854073958,0.40542360987073595,69.60793961849429,1
2025-01-07,75.23699335658208,3.2502701493802846,0.8713089114675581,62.774792717374346,1
2025-01-07,70.69793317358024,2.183308153060421,0.35117163553367275,31.77239244953305,1
2025-01-07,73.07722227885087,2.393894272129898,1.2412648305290408,42.82375628321271,0
2025-01-07,80.0314640460722,2.1302706282508,0.49454292463793953,52.87502865883807,0
2025-01-07,72.11554065238425,2.7857385911608508,0.9173425819281473,58.85878151485949,0
2025-01-07,79.1784605603257,3.0067566800955037,0.08026148185685697,52.01345991047766,0
2025-01-07,69.35146572671191,3.0009768344213916,0.9666711838118559,61.445216898487274,1
2025-01-07,77.64902088957642,2.867184625943801,0.5621864118497762,41.306226110293785,1
2025-01-07,82.2078431032895,2.4407138596612103,0.09330518979320372,37.356482049313,1
2025-01-07,62.641777499363556,2.390427706753046,0.10521458519387687,32.156667351590805,1
2025-01-07,71.01552372264761,1.9986490682517806,1.3052391475845861,52.93254978286088,0
2025-01-07,77.8853606359027,3.1107620605545376,0.016372848130983594,57.54398082701981,1
2025-01-07,73.98477306978504,2.6406934234445405,0.31044576593816037,43.045988684774464,0
2025-01-07,76.85572936685655,2.352412928539155,0.18805653007627726,54.54336739423506,0
2025-01-07,71.9800740664209,2.8984170666960902,0.5469279690270193,32.08628923413317,1
2025-01-07,75.4329489373645,2.2081706449719998,0.9151339073030156,33.971733851872145,1
2025-01-07,74.2216138230396,2.621986610266802,0.22343904608023785,58.07019089033994,1
2025-01-07,80.83891030829903,2.4482112597127497,0.2783493497963601,44.72278820869195,0
2025-01-07,76.27210421650607,2.6916031419640905,2.0064131964433787,56.85336124412022,1
2025-01-07,76.68801331037601,2.4809279382441636,0.7660452083591067,63.26884481119672,1
2025-01-07,72.94061516938767,2.064721632666633,1.1375050554649362,64.10489749904468,1
2025-01-07,72.56196887963753,2.522672911801011,0.2888053070761352,36.88670581857804,1
2025-01-07,72.8372090609019,2.8146592425626085,0.13333629859914586,49.45142289405386,0
2025-01-07,76.97226071189148,2.4912350782438044,0.2653980781572181,59.35706894529946,1
2025-01-07,72.89507759589868,2.732534536476726,0.6295523737723073,60.959223850676416,1
2025-01-07,76.44887428448206,2.186341154297784,0.057947013199410716,61.3870392291551,1
2025-01-07,85.37700399322719,2.4921217620190443,0.1576767809179281,39.126693375223375,1
2025-01-07,79.35562351715846,2.312646863473427,0.023879196056999546,37.701392708950934,1
2025-01-07,73.3698823391608,2.724094252031413,0.2831231315626906,53.600498730947834,0
2025-01-07,81.00606961081972,2.509447468678599,0.8785217589737658,59.643431909528786,1
2025-01-07,72.95962313489224,2.7070221029009836,0.012486466190877166,42.76558062136773,0
2025-01-07,64.80937732411073,2.8263131278473597,0.5624630297789056,34.188206274496864,1
2025-01-07,69.95956844541298,2.7074855725364166,1.3477832823281661,58.6698553164031,0
2025-01-07,65.64604039487072,2.581935530288093,0.13520135315497697,41.98791325520018,0
2025-01-07,73.24243257979346,2.2005363224465784,0.5914887787638996,36.654508972468875,1
2025-01-07,75.09209189594776,2.49916416679993,1.8464819139159379,35.908941135885264,1
2025-01-07,83.38218656137641,2.34007287939525,1.6387566974899659,42.59638190106865,1
2025-01-07,,2.396780812988732,0.13389344565350098,53.70712263654982,0
2025-01-07,,2.387639754774925,0.05286421011435636,44.336089547752664,0
2025-01-07,79.14702790591744,2.206022327565327,0.0802502121993539,30.826474063737265,1
2025-01-07,63.944323454960575,1.912798423259803,0.6053907462667966,33.87633738711244,1
2025-01-07,76.17807279054283,2.29955708550167,0.6468737714938821,41.62012988794476,0
2025-01-07,78.85432596943484,2.5580138355772477,0.5607919050962386,,0
2025-01-07,67.6070687711008,2.095546886371753,0.20479559515163837,33.94060293874135,1
2025-01-07,80.71877021603464,2.5047046709414875,0.09303043350910191,52.426274140027274,0
2025-01-07,76.69248203747208,3.0700805272932894,0.434657167641477,34.79543483296017,1
2025-01-07,72.923560430496,2.8069169665756717,0.33051470700764496,38.46461309397526,1
2025-01-07,78.16390933053142,2.993062452736159,0.6525123210306562,36.88754110223051,1
2025-01-07,86.35346428902199,2.617338363079818,0.2911250806482374,32.68914542283242,1
2025-01-08,75.90933127529247,2.850252946895934,0.20672824819641594,56.85319269546361,0
2025-01-08,76.24110293150169,2.282810580859664,0.1737008775539004,48.53614189544138,0
2025-01-08,72.70319550229878,2.306697919893405,0.11879261612993063,63.24213763589353,1
2025-01-08,70.75077815267603,1.6782579381587581,0.15445038676059306,33.95563359929268,1
2025-01-08,79.15167908272123,2.85584364221269,0.049816496219359595,35.78931733352289,1
2025-01-08,70.71958087045566,2.962097193945966,0.21297960056644016,42.25830925401802,0
2025-01-08,75.35783118609696,2.334046826395819,0.018627625398979494,60.63463947755233,1
2025-01-08,,2.4238144880808297,0.1031517270084589,42.23035292622795,0
2025-01-08,77.39489912873196,2.2738413658927117,0.6867294340564063,46.3367482999477,0
2025-01-08,76.66831052643474,2.6147960654432474,0.1968688138165338,42.064142651886584,0
2025-01-08,,2.8374797635909723,0.5516672357882744,33.2089716720412,1
2025-01-08,72.44991800572626,1.9771684078356877,0.6309495957803014,67.57734491584749,1
2025-01-08,73.65062532353315,2.622831559192676,0.43516340117315094,51.941559682847554,0
2025-01-08,70.10618142108846,2.4169984684842563,1.5934190460106843,61.51332752741987,1
2025-01-08,72.77853369961944,2.534018317590007,0.01083651969118162,56.33428368741184,0
2025-01-08,76.88650246522425,2.637698200502287,0.6709524578922482,50.570171162479,0
2025-01-08,78.78494308322676,2.443539268368154,1.59449644947836,33.587130266375205,1
2025-01-08,70.38917337911187,2.468923943978266,0.9912362941205322,55.70934181081218,0
2025-01-08,79.3480296005283,2.4358374497336084,0.09189693514087273,36.214814237473284,1
2025-01-08,81.77818929402476,2.7910948605364845,0.1978714904465241,46.57532677425107,0
2025-01-08,77.0671745161185,2.625627988038249,0.09464398693969499,55.16452573921721,0
2025-01-08,84.38397906279033,2.5661750613212084,0.45978350126459744,61.289160018884935,1
2025-01-08,71.13105400448214,2.1187144836723153,0.6227238635820356,57.401807028344784,0
2025-01-08,68.77672648344291,2.3864260770360537,0.19068421654841164,56.861341162185155,0
2025-01-08,66.10639875547861,2.769600748101752,0.3877283495708798,35.9616883670083,1
2025-01-08,82.48022155744592,2.511308971937177,0.5870784901657679,43.845141602863514,1
2025-01-08,78.27182828177028,2.6978594408767416,0.2735199381568253,,1
2025-01-08,74.72207664544773,3.02995354009829,0.9621275179572027,58.77907572705858,1
2025-01-08,76.3998431315991,2.811581820762645,0.7382188138533057,68.10343925269676,1
2025-01-08,69.37255476350812,2.5279475013099226,0.03342555327184858,40.56441560716303,0
2025-01-08,87.22875989808414,2.346703248941282,0.48527486651135193,33.507868366492374,1
2025-01-08,75.64610590987614,1.7339351211832306,0.1341525462703641,49.022803070146146,0
2025-01-08,75.54697397302446,2.4494845232581444,0.4076780457351359,64.26792892510275,1
2025-01-08,78.62883311949346,2.4021962512549453,1.5719820827257411,52.07896781087119,0
2025-01-08,77.40504615868356,2.6171098583186128,1.0562386495204237,31.871086007604532,1
2025-01-08,76.11942012139566,2.453828431907594,0.2591907178398636,68.97088962111783,1
2025-01-08,71.04762772277344,2.403884482168962,0.17231239008088134,63.145996398504025,1
2025-01-08,77.35734178567998,1.966180320847834,0.13355147100856257,35.26376308206041,1
2025-01-08,84.41012248237517,2.21800965125498,0.380193868862533,66.87191026014035,1
2025-01-08,81.7271002307749,2.642995312240167,0.060659394493472206,48.02753154420755,0
2025-01-08,82.96593313319698,3.0147722893398083,0.3984489497937968,44.87591962299765,0
2025-01-08,72.44392161784407,2.470742384876313,0.0006672647896986358,48.44213322108753,0
2025-01-08,70.0519758987071,2.598343322072237,0.19566989397506943,63.382878274837886,1
2025-01-08,74.37106539950176,2.7857434470858418,0.12418857490325105,56.37918713147143,0
2025-01-08,75.27862456144348,2.256731819139925,1.7740162669793005,32.3699380959891,1
2025-01-08,80.47095759235474,2.6100442129856325,0.6495857477176397,68.30417484464684,1
2025-01-08,66.5376768514259,2.2778529681003525,0.21512489869907778,35.91136533913271,1
2025-01-08,,2.7594473315473036,0.04872102290017204,59.822718069414044,1
2025-01-08,74.20996050710505,2.5454209143855198,0.36366293154809826,55.44546121712524,0
2025-01-08,72.8655946502629,2.589535544194432,0.12004814604408247,37.501121917862434,1
2025-01-08,69.93947812369916,2.265220420774423,0.3843984504967292,36.829283044521986,1
2025-01-08,66.72571664067115,2.7121097078832355,0.902004152973599,64.81310374818769,1
2025-01-08,79.11585291980957,3.1254138763693047,0.47828632168143403,46.787796939983885,0
2025-01-08,75.36658983594202,2.197626491371538,0.5022720119674015,56.183060566965544,0
2025-01-08,68.55019550129472,2.3980722977057427,0.3893855301712879,50.16284015426693,0
2025-01-08,68.52460613968192,2.5694822422504275,1.3104706387761382,59.09414068303838,1
2025-01-08,73.32107650354936,2.735921863598745,1.3434087427041796,,0
2025-01-08,83.34510762644696,2.332136114413159,0.3594614708724007,41.495196610222735,1
2025-01-08,73.70204324318198,1.6500909129571781,0.18246840910076667,44.53533483985986,0
2025-01-08,67.48428523440947,2.9077568482492073,0.3077108139051762,64.3631077780137,1
2025-01-08,73.77128467957029,2.728151835875243,0.10324027189420032,48.72138771690908,0
2025-01-08,73.63638215126164,1.9771157408540003,0.5057738901073634,38.53797328978437,1
2025-01-08,61.515566785292144,2.317729362466133,0.34666593458915235,67.38421552309013,1
2025-01-08,74.72852566741093,2.970454728858198,0.054517226940866075,61.86401825993508,1
2025-01-08,73.84532734895662,2.93433892553736,0.11010379593184987,32.22664584224796,1
2025-01-08,78.48103182406709,2.7815920068036832,0.32660947061149187,69.95771847922072,1
2025-01-08,84.24478047472672,2.4471662698120413,1.092796699488978,57.79706785760409,1
2025-01-08,80.63282514773879,2.524896225643753,0.4178057141635772,36.41066396162348,1
2025-01-08,73.65555654722584,2.460722258462162,0.5721213503863904,39.486707251943855,1
2025-01-08,69.46737045629165,2.8384719349806513,0.20702231590447207,57.697819249661876,0
2025-01-08,87.8667990162493,2.237247278051467,0.42362888914685737,61.19044221116488,1
2025-01-08,75.29609217007244,2.2582601035347385,0.29654217682805317,39.56143772599225,1
2025-01-08,75.06964645956474,2.8030823760508046,0.5381269248613435,40.27875415597083,1
2025-01-08,74.87937456444999,2.4866915633465316,0.02594966851241691,42.28482779488243,0
2025-01-08,75.99042380383928,2.913540206636142,0.33991829662985357,53.92073459346547,0
2025-01-08,74.27819794038028,2.298546337905836,0.17548322361559482,36.87264713205108,1
2025-01-08,72.13168996559882,2.4835664918983524,0.19739988870023328,34.1697279553911,1
2025-01-08,72.26570529379804,2.223276104546814,1.6210393656486617,57.15456356342054,0
2025-01-08,74.83623364892001,2.5022088044270703,0.1008713538101343,61.1639175917268,1
2025-01-08,72.28287614433117,2.0564359189003603,0.18643501286546166,50.03717617666022,0
2025-01-08,71.43577108661418,2.353709973713511,0.3565653393516245,44.55330841073541,0
2025-01-08,75.53215113845948,2.0691238405215646,0.9939855371622117,47.281708541059054,0
2025-01-08,73.72511391289572,2.7081769699573774,0.26950117883752267,45.536313354878075,0
2025-01-09,82.51996494291345,2.7149768019278957,0.6810258631955693,68.39939632950701,1
2025-01-09,61.74515095803494,1.9809211808546965,0.9702716320424081,60.723596208765606,1
2025-01-09,80.4575342596123,2.9001657236501717,0.18554369288070727,38.32348859400441,1
2025-01-09,81.23042596248814,3.249224537925956,0.2494075066728075,45.3675660821592,0
2025-01-09,64.63304883795925,2.513801916020902,0.22046031373108113,51.760491654524394,0
2025-01-09,73.28656202959826,2.3076657219326067,0.8944492088248435,54.51943448254754,0
2025-01-09,73.14279567002104,3.347299177300914,0.02268012903971282,,0
2025-01-09,67.9624415264109,2.104309450509247,0.1843890092248867,62.405065400478364,1
2025-01-09,71.11091656204562,2.5060319400607294,0.5687938657996982,60.704240778329265,1
2025-01-09,69.44712077267086,2.553886681789577,0.4167146536038872,50.20631674512667,0
2025-01-09,83.76135221711812,2.9035442861357246,0.28660710376575593,,1
2025-01-09,79.6783919657373,2.6079216925380364,0.3882081231567443,60.04358121769543,1
2025-01-09,81.3577754749708,2.3504098312634647,0.11006441621728674,61.14327394882573,1
2025-01-09,78.60836032021618,2.214644688883613,0.28168847001128755,68.25603117733667,1
2025-01-09,69.35474114391386,2.3974534539261594,0.3482794812135187,40.658677648368105,0
2025-01-09,72.37739866860113,2.197921791716457,1.1572737893074936,40.70592649467397,1
2025-01-09,77.4468728061396,2.514347595935405,0.15111716425720673,65.5580902276256,1
2025-01-09,68.88936095554027,2.330741146041854,1.0118274868181716,60.889054935427176,1
2025-01-09,78.56499215086194,2.0517886620130747,0.516751435173213,67.0618216574251,1
2025-01-09,73.79837300920933,2.8765437365124713,0.010275277306525124,32.52520641297812,1
2025-01-09,73.12589596225202,2.3506982429712884,0.6448222430075394,55.11028309046387,0
2025-01-09,78.55479984101746,2.1195589585074064,0.01809961753501109,35.7851335249379,1
2025-01-09,77.2213165574302,2.4495222596537376,2.972505567664399,50.155887931703305,0
2025-01-09,73.1951691709046,2.5205114697902977,1.0303557748872432,36.22987727413777,1
2025-01-09,80.79664901682123,1.9760599823262899,0.17644373953806008,35.12314035939517,1
2025-01-09,69.59468336200051,2.599494300137729,0.14880643008040706,30.486733815281326,1
2025-01-09,78.07967803472133,2.185852729392921,0.2401814161792194,55.209552495316174,0
2025-01-09,77.96550628984191,3.013308642757236,0.2201579247014239,44.36090466760344,0
2025-01-09,73.45226780343005,2.6571881536230206,0.23287659230701344,34.20753139515887,1
2025-01-09,76.63066511121059,2.3800300029672052,0.19156559810847107,42.9135111092524,0
2025-01-09,68.74443211807349,2.276449668904795,0.4852855664132396,36.757763658063396,1
2025-01-09,79.6201350960345,2.4685096877309127,0.08972105143403639,67.66779326006638,1
2025-01-09,74.07548931778506,2.683837222474987,0.9353406031615129,42.800195430453925,0
2025-01-09,72.3863848974048,2.49235176142444,0.8367282418013846,43.3581409315756,0
2025-01-09,80.24504612918444,2.434852357858943,0.32359308625036953,63.59432013598342,1
2025-01-09,71.4782815472862,2.5175110872453685,0.9577437032383899,55.91023045144017,0
2025-01-09,67.9576935181822,2.3188423206289137,0.14194136291276865,58.406864296120055,0
2025-01-09,67.21685413238048,2.3970382219470885,0.00886077951984132,55.440072159558426,0
2025-01-09,78.0300497567282,1.8742622683284988,0.4827508939046931,67.84785135794262,1
2025-01-09,68.59785323751858,2.7921178692557103,0.3061610728441195,38.28003326232181,1
2025-01-09,83.77397090992183,2.5896393340965287,0.4186988188717938,69.56156967023183,1
2025-01-09,64.59035296058138,2.267963246789971,1.1480004532921149,63.23824710226053,1
2025-01-09,,3.0696204944065717,1.7520400442450332,53.55890355505369,0
2025-01-09,76.05508733601309,2.526104944117716,0.5031803997036616,56.49486497584996,1
2025-01-09,74.51643444064804,2.189156928407441,0.7220795259625171,55.95303506002456,0
2025-01-09,72.27540456595526,2.7570212264411373,0.04376490121289162,32.33584896236616,1
2025-01-09,76.99568057176036,2.619414464952779,0.0876028184910626,38.720659941277546,1
2025-01-09,74.81182648787576,2.618373995645266,0.6606369873358602,68.45883538098997,1
2025-01-09,80.5165094100826,2.372273318604523,0.28225866478347794,51.374577154375174,0
2025-01-09,75.5711382433102,2.6351487171334105,0.2952639526995011,45.13414413047648,0
2025-01-09,75.75150880730939,2.4214725129336716,0.18452393090937574,60.481538535563,1
2025-01-09,73.18193893893073,2.6667824354937526,0.46742645335897104,50.98075770623238,0
2025-01-09,,1.9285166637968083,0.10238484798113354,30.526510857275902,1
2025-01-09,76.5390088444603,2.3698379611062435,0.49297621614119524,59.449503868604715,1
2025-01-09,66.44915803671687,3.0166465293424585,0.09545851037092631,59.28870240211445,0
2025-01-09,68.25907288947144,2.26987976337991,0.03297697971078524,36.60594848439898,1
2025-01-09,78.71632047011357,2.3188485107520442,0.20050578644152373,68.26640353696854,1
2025-01-09,75.85432719063971,2.3656115984650077,0.13142341274706945,38.95632526164457,1
2025-01-09,74.0800833182366,2.135558159233407,1.099074876092754,48.30997469528797,0
2025-01-09,75.09216966532696,1.8375157671315243,0.028260548767957815,34.58943845043659,1
2025-01-09,76.73790852680835,2.430824080442916,0.09716489954746388,54.131292778023536,0
2025-01-09,72.30120159845319,2.540757827224497,0.39783320777735964,45.0180448022885,0
2025-01-09,71.10847637298843,2.4842484794384045,0.3279904331655272,44.12693848838822,0
2025-01-09,75.9792262754884,2.456536431415634,0.023468251277799612,63.07907508883789,1
2025-01-09,70.10813611192484,2.5129122612551162,0.003639427360287944,30.38246851401913,1
2025-01-09,77.04126377857236,2.8068524414652294,2.2142632741035975,61.9178708356969,1
2025-01-09,66.48708197881079,2.442866144221235,0.5376940847354825,52.857942629923144,0
2025-01-09,80.14577818662822,2.327775226873819,0.22738503046424585,69.44394053920796,1
2025-01-09,77.36298741206521,2.4156623545335743,0.3178470834080218,53.57772882416996,0
2025-01-09,76.28014867156938,2.6738040279270328,0.15499800713904857,,1
2025-01-09,79.91345491972757,2.9236080635629746,0.211463682629456,32.025813057749055,1
2025-01-09,83.32737222231289,2.3115568782492466,0.5235478754578117,65.32611945487328,1
2025-01-09,80.07185032509065,2.529680136108665,1.0719870399184344,63.64856582044212,1
2025-01-09,65.79562884334177,2.6015072325807878,0.1017501393627865,43.83560302328093,0
2025-01-09,68.6021151663215,2.2022265979813533,0.9174217143607637,54.721299367245486,0
2025-01-09,71.8759071115216,2.5061251501638755,0.0648019175178809,49.58365428222401,0
2025-01-09,75.13045525105417,2.0602978427973713,0.12103082749598439,68.68656220544209,1
2025-01-09,77.58829510234561,1.9692849088781803,0.01894195332450909,67.99843603507566,1
2025-01-09,71.37128093423267,2.610023922367677,0.07588368064850076,69.35356034163098,1
2025-01-09,75.9338338223854,2.384837577600765,1.2462868561538174,64.65795122537057,1
2025-01-09,71.22308533823339,2.5606841222863657,0.3075736605341893,66.38206363100406,1
2025-01-09,71.94241098504025,2.494631506897495,0.040423857599191,38.69115115068546,1
2025-01-09,67.96669451575889,2.2070799854008607,1.6060349940893333,63.24027155959098,1
2025-01-10,70.38383376944547,2.486423709410699,1.055950581581732,58.354284528170986,0
2025-01-10,68.24157697191833,2.1300696084955435,0.702601037056685,68.5114603531228,1
2025-01-10,70.12063373511333,2.91729170740042,1.35507213567551,52.850473137704775,0
2025-01-10,80.2682089830392,2.093208896542011,0.12431364860692479,33.40668666842225,1
2025-01-10,70.25300555584029,2.4412644187094257,0.9050715884443622,53.89595564748612,0
2025-01-10,88.16191032418695,2.1873185235858257,0.5855772915245541,,1
2025-01-10,77.46658950440445,2.6711263520082387,1.0191853074128259,38.812841148497135,1
2025-01-10,75.92418061847437,2.4005705886155493,0.7970568790333347,45.764535340509134,0
2025-01-10,70.70821109909393,2.344399984113637,0.2127025957557721,53.940136562067195,0
2025-01-10,78.50154939704495,2.7559604635154664,0.7444926372633346,44.96422949266022,0
2025-01-10,72.12181086881112,2.508829177503266,0.15221497116670304,44.997908689546556,0
2025-01-10,75.6100490732268,2.6549933337807903,0.19918926096087256,35.32346556691189,1
2025-01-10,87.80042269134397,2.2056022190447604,0.05709172690363338,67.62986892310664,1
2025-01-10,74.51970050137675,2.078554916821748,1.3672737058501236,60.01977537980386,1
2025-01-10,80.74636663142837,2.53216238861204,0.17195224816312843,30.049737554644082,1
2025-01-10,71.48411787437057,2.4043460933515806,0.36763340954833024,60.62453136088661,0
2025-01-10,74.82505754751519,2.687930401736183,0.2482418450875313,59.59179970631435,0
2025-01-10,83.85400317817755,2.476027464201235,1.6085402260511896,30.38923840622092,1
2025-01-10,71.86516471106117,2.561522601770389,0.20402109116047426,44.78417190455058,0
2025-01-10,,2.0129852410176268,0.7537697898113457,54.269907613021225,1
2025-01-10,78.53875967727738,3.066531081884277,0.9669478474698168,48.11002607432143,0
2025-01-10,72.18766612052866,2.4507274044903906,0.2860017856306958,61.11944474882029,1
2025-01-10,78.1620386952776,2.7092760911017595,0.2375457267126134,47.01833330537736,0
2025-01-10,79.86277224813365,2.249172498934112,0.6886590263603248,36.15451877815348,1
2025-01-10,78.10904981108598,2.5924029706652023,1.2203261229291553,69.05662497095314,1
2025-01-10,67.14887640054772,2.1091465709425763,0.7031092333644969,39.68159971104186,0
2025-01-10,71.36431412087566,2.6356203514779013,0.12881985900185386,58.70769242165329,0
2025-01-10,73.76240682224248,2.3932077746842504,1.0960039673236626,35.726252466562876,1
2025-01-10,74.62783285449977,2.5087571511806703,0.24516984002192482,43.160504551357306,0
2025-01-10,78.10336048775339,2.7093922090390294,0.4292815178464706,47.68110433721695,0
2025-01-10,75.88850500466627,2.130237906633916,0.8902187604076579,37.68928018108256,1
2025-01-10,68.32327820644949,2.294652480816161,0.10437061189360249,47.99838305474438,0
2025-01-10,76.90098925502981,2.63719728432603,0.7674207019254731,36.28651291967,1
2025-01-10,78.05292872641911,3.129466442364024,0.4533717236793452,52.36026155943561,0
2025-01-10,77.7989522396552,2.4585752996015553,1.1190622335120257,56.54853010080776,0
2025-01-10,80.4039036277731,2.67734083537718,0.09435318933500061,32.49737136112043,1
2025-01-10,79.16961077274452,2.467908559042456,0.2729520692756622,64.84528484328672,1
2025-01-10,77.29590039614219,3.08267367842689,0.8944111720037076,37.40563540168142,1
2025-01-10,74.64917144270676,1.9758334999104232,0.009709519200851441,39.01449701281295,1
2025-01-10,66.69519533242004,2.5283863134008073,0.05950516304030976,56.453993603322516,0
2025-01-10,77.14809109566293,2.0123367899313815,2.3316758250746403,48.75004241737656,0
2025-01-10,76.03843843581555,1.748028528838985,0.16452584357648803,49.975823966842626,0
2025-01-10,76.35789418597686,2.589238615935345,1.8554233632510198,35.12619938252531,1
2025-01-10,68.61625712089845,2.5418493388442376,0.10077148573076941,62.22943287505633,1
2025-01-10,,2.4145489186773395,0.22399931683068414,54.6821698441684,0
2025-01-10,80.26576426666452,2.468141772988074,0.6989192586162191,35.41528173237824,1
2025-01-10,74.80222423071673,3.429489830221377,0.5361484098423838,44.95997468102384,0
2025-01-10,78.40750348686312,2.4225474585905697,0.4350882628361006,62.416397309401205,1
2025-01-10,75.1415918806523,2.6530373083750223,0.3774040438601253,52.73420183946483,0
2025-01-10,75.14878069747871,2.3051905541158355,0.9271593948651732,34.34595116531722,1
2025-01-10,79.69141902988,2.588569772512181,0.13390610464484934,44.911081831571465,0
2025-01-10,72.41977635891313,2.428529897483315,0.2921203140585097,39.70777593822938,1
2025-01-10,75.48060388470492,2.376844455181081,0.08447702595800684,50.698622146149056,0
2025-01-10,72.68862355647478,3.0456695596600976,0.453097923223247,63.73444515487958,1
2025-01-10,72.82751886283842,2.8531554889553017,0.1442041175362381,47.450685392176794,0
2025-01-10,73.4541393826568,2.541023994219769,0.20311424796479738,47.33368121473292,0
2025-01-10,76.11066885816857,1.80873641921681,0.31862045196946653,66.21403609308148,1
2025-01-10,72.60625689168262,2.391697233024229,0.013567722110589582,53.04741650029089,0
2025-01-10,81.2787806278676,3.310908269321525,0.04822127510333972,52.647643495896276,0
2025-01-10,70.52696348890248,2.4308015000080876,0.5790684533590171,40.476395675015574,0
2025-01-10,74.0656417791932,2.8309652716160976,0.2801567487669024,54.30890991348505,0
2025-01-10,72.80134470862913,2.9325827205857804,1.0004638977512188,53.036418696695854,0
2025-01-10,82.23488942176867,2.5656891747567925,0.5931843411564692,45.87405881367456,0
2025-01-10,75.98277388255788,2.2474535104395543,0.004066966283795685,69.62782263596722,1
2025-01-10,80.15922269734317,1.7694063004651335,0.4794847385645495,65.27563859792348,1
2025-01-10,67.57219813481514,2.7052489625826865,0.04920616959738067,59.98345160307262,0
2025-01-10,76.33525132934629,2.2555731991529355,0.7591892402959438,51.49382353652002,0
2025-01-10,79.44815397811719,2.5528451355663075,2.3842970140745168,48.482392075785214,0
2025-01-10,75.41141994637712,2.125053898123191,0.3787882343561071,37.395895808927975,1
2025-01-10,80.32740187532676,2.4204287378589395,0.5740790819633801,42.22949896058495,1
2025-01-10,72.41355774949814,2.510115716470316,0.13545453838978905,60.95843199292841,1
2025-01-10,82.0467372009279,2.5805780743132893,0.2877689633380751,48.149958157502056,0
2025-01-10,86.49449061809625,2.1655533437942758,0.9693021140318552,65.29078066278005,1
2025-01-10,73.18580719780171,2.8590732846284057,0.09161475307537682,35.916445453821154,1
2025-01-10,72.77248739299614,2.3209315645804085,0.15430688026599407,50.33388384054546,0
2025-01-10,82.2669223855885,1.9976591618640265,0.29478443379858205,55.87862736085235,1
2025-01-10,,2.467292974010961,0.6228296901403727,50.673938252317036,0
2025-01-10,72.38569986423366,2.510312592707938,0.23570947901211792,65.56907566339949,1
2025-01-10,72.89906591452072,2.5481768299515277,1.3136888597712764,69.58253127316559,1
2025-01-10,73.59107695569746,2.9086397211055237,0.0496102859133967,34.63338633365479,1
2025-01-10,68.27774744482862,2.429065348979242,0.23165638953064174,35.198196163076844,1
2025-01-10,70.40674026757901,2.4641141126893684,0.6171371863938031,35.21296454240484,1
2025-01-10,69.97929616623966,2.169044685630072,0.12808315345501356,57.247083842821105,0
2025-01-10,71.16101217447935,2.746166050866369,0.5341576574754677,44.90704381983352,0
2025-01-11,74.8265755630661,2.555292719223431,0.08969310949456298,59.33258645063624,1
2025-01-11,76.1710736626826,2.3739916818117512,0.028804114187150648,46.218858915479146,0
2025-01-11,82.75250246407039,1.9285975919603608,0.06449413085846883,55.10426885328255,0
2025-01-11,70.00822979630604,2.9333236585165263,1.329521338379568,60.79432022715574,1
2025-01-11,79.92161199238292,2.131696010663183,0.4012030681234289,51.928636426196825,0
2025-01-11,73.93005577887246,2.3226165971890884,0.7956658505397703,51.58014361800024,0
2025-01-11,74.75268145173783,2.607503353322801,0.20222368876462082,33.52937301142538,1
2025-01-11,78.37409746083301,2.141032621414994,0.44905187103509936,46.43126971637739,0
2025-01-11,69.3863898921885,2.051947066524057,0.3415510347279881,51.831086128997505,0
2025-01-11,76.91204873092025,1.8628157251898005,1.4569651823432779,48.4792330266564,0
2025-01-11,75.83226104106528,2.7162990858716904,0.6883198311473374,66.03128000753702,1
2025-01-11,77.46225632004074,2.3364441265821037,0.6556725442586889,66.26122528477957,1
2025-01-11,76.44584321953909,3.378181027741999,0.02373098975165583,62.87669522355047,1
2025-01-11,87.27650069955448,2.201693480310738,0.39888694831693283,45.0119230149248,0
2025-01-11,71.81130007874341,2.2235646929713235,0.31460891049475787,58.691966067501376,0
2025-01-11,72.34501522499092,2.3303821089143795,1.314450407280412,45.81153844278439,0
2025-01-11,71.88429736787617,2.5729403965415467,0.14875981021354015,39.30374395903036,1
2025-01-11,72.22261440419872,2.3589389983644065,0.15724131234224917,43.71610574203527,0
2025-01-11,71.81306436346742,2.683699664200754,0.26495856353466696,32.83858533142142,1
2025-01-11,80.94508265553776,2.2064234830034035,0.1394402688611679,43.27110036018589,0
2025-01-11,82.10252123994927,2.0855224844609257,0.06916224074866115,48.429688690446866,0
2025-01-11,72.14626853125262,1.9605355781772678,0.9739079451914555,68.2192357912332,1
2025-01-11,,1.832927749618841,0.4085356067550733,42.536423448784994,0
2025-01-11,77.35707778193202,2.344579294157483,0.9879471226992106,66.09814156822083,1
2025-01-11,,2.4097059062820336,0.8893271552992364,39.15433103293988,1
2025-01-11,78.16465908877755,2.310568891755045,0.16567235081582402,37.63875591036998,1
2025-01-11,76.01461510425649,2.873021739156149,0.39674619620196816,50.7598182572866,0
2025-01-11,67.42127942501384,2.8684090628824404,0.04344262123977194,56.900454771896236,0
2025-01-11,82.73752600665031,2.3995591037666495,1.234035881710052,31.773290032091257,1
2025-01-11,83.9793883654776,1.961823666042411,0.258977753092783,,1
2025-01-11,71.93605654757808,2.329988467583484,0.25017054280441986,48.22734666005266,0
2025-01-11,73.06149220032007,2.3200535818248817,0.1803094775378338,43.24017343932726,0
2025-01-11,76.42932695362452,2.3028595113165826,0.3087080261641919,58.504843173932876,1
2025-01-11,76.67228394993512,2.2906843288305265,0.14501533849641451,50.446423841652674,0
2025-01-11,78.29272136336415,2.303961131282558,0.23488364682503995,36.41436422415601,1
2025-01-11,85.05102269383175,2.384037515230672,0.8045865952002397,65.77861517260362,1
2025-01-11,74.11526386252976,2.309337670355333,0.8986539273006008,41.71622701933438,0
2025-01-11,71.00851377730773,2.562496752587678,0.18133391676188748,59.24524435857694,0
2025-01-11,68.10340385992737,2.608110614771458,0.31651021714587607,61.1966311642164,1
2025-01-11,,2.226806473845253,1.0350220235093968,68.52630801024408,1
2025-01-11,74.83436513563102,2.88131959780211,0.027055647364199444,49.940298660964054,0
2025-01-11,83.97278931758893,2.205981309447816,1.0997659475549362,54.63342061857729,0
2025-01-11,72.41194350481915,2.0146598158553988,0.1237080974854652,43.39505173918135,0
2025-01-11,76.11893975819449,2.6142334214095153,0.5674399043703693,57.12717173648266,0
2025-01-11,74.91788551963624,2.254777559675698,0.43679728301685017,48.53533943465279,0
2025-01-11,80.94196636724043,2.5963874412272165,0.40253206938333197,47.50609458897689,0
2025-01-11,87.63466212936811,1.7788994196698409,0.9807767215591857,64.21870116464422,1
2025-01-11,72.3456561353984,2.91773678244492,0.053554434704885794,32.00675373994755,1
2025-01-11,72.5528027874089,2.7016880224121205,0.21311053421506276,65.27849711327474,1
2025-01-11,80.22080438534536,2.0498570352510996,0.3863688038040553,64.08279351314228,1
2025-01-11,78.40945744813156,2.0563668628461143,0.8337688803817497,50.25465014247156,0
2025-01-11,84.23353662868017,3.0016797712292584,0.12195578790311133,49.60811416822513,0
2025-01-11,,2.2787860289506123,0.8120977392446314,44.47229472141961,0
2025-01-11,73.2035395460647,2.2497445453802127,0.25511163801852,69.76695166726938,1
2025-01-11,77.95327415346155,1.8201843717552153,0.10469050578010124,34.446773310153645,1
2025-01-11,80.54351790291454,2.3947665383195336,0.7114510416771184,53.60860942514428,0
2025-01-11,79.10241090598682,2.4316841155492743,0.04764948574457043,57.267263604496684,0
2025-01-11,77.53637015553649,2.7146479290308454,0.3615634309770542,67.37320032867778,1
2025-01-11,80.33337344794577,2.0802764715446576,0.03300355088020686,61.20813987427046,1
2025-01-11,80.84647795222837,2.0439139623278173,0.2203528034402412,55.75388811246187,0
2025-01-11,81.91079495518764,2.635288790432943,0.45949317966572095,34.67249267248491,1
2025-01-11,78.24354943794822,2.8020190213681193,0.4060954894950237,44.949340673258696,0
2025-01-11,74.16440959841573,2.028654294664635,0.259307455747666,35.553665701919414,1
2025-01-11,75.73356843216662,2.8244542258899226,0.28022506267465286,65.24850929862055,1
2025-01-11,81.03254483254179,2.5112625524460466,0.12858907748345202,59.98484622254572,1
2025-01-11,70.91532164506381,2.8275416017223938,0.30429511265570414,60.30147147188917,1
2025-01-11,76.8433665443645,2.478933891544715,1.5315224471640745,56.09026071094176,0
2025-01-11,73.0333059383632,1.743316624753615,0.9500720022598582,50.28174147746839,0
2025-01-11,75.14372411467409,2.4544097853051885,0.07846310431765201,35.99884237853989,1
2025-01-11,81.39225931303649,2.818043145601381,0.015116620282248677,43.18779546820207,0
2025-01-11,75.95549534009952,2.2318761942748857,1.3554595014657032,35.476631699075625,1
2025-01-11,75.23218274078074,2.3836105093277644,0.37406548018942026,58.99652571409373,0
2025-01-11,68.2007192951004,2.4471599489347065,0.38591970867670555,36.409151040880204,1
2025-01-11,78.7312678301361,1.6301458360394554,0.7586983433453225,58.08454200686742,1
2025-01-11,78.22742090570537,3.001404272631243,0.18894124551403843,57.69021558383619,0
2025-01-11,85.8162736165273,2.229587296030848,0.3288008070501902,48.37217915965156,0
2025-01-11,73.461108825235,2.6517206297418396,1.7314764996828238,35.40914616472209,1
2025-01-11,76.0957516383197,2.4739896591555373,0.5575975435970392,42.59203304536147,0
2025-01-11,76.24691841855378,2.877285716907808,0.08346729208114578,,1
2025-01-11,82.88726639881737,2.6218168367284242,0.0714889340537486,58.015405325731734,1
2025-01-11,74.52352233806523,2.4295227185437076,0.11424437971808202,34.54972077654897,1
2025-01-11,76.39510762885169,2.231945472244216,0.7277400707935433,63.16274584864363,1
2025-01-11,78.0394825485827,2.7393552104146415,0.1750461882121187,60.440291607436556,1
2025-01-12,75.9330456157818,1.937967608813615,0.010810451483257415,37.45227672697096,1
2025-01-12,72.76783192724736,2.6937671260827676,1.4427610398602941,58.766575271155574,1
2025-01-12,75.97044996449154,2.170286574533538,0.09299217816775063,56.74052725871287,0
2025-01-12,80.36815874929886,2.875685098586992,0.004802079393590755,59.92483200443705,1
2025-01-12,69.8674235029447,2.5483898627988086,0.13533487138096983,37.55714221794778,1
2025-01-12,75.66484837073438,2.6932371303550324,0.13395853804170915,36.30361288625875,1
2025-01-12,71.49939592530413,2.5245966441474157,0.2740952474295977,39.45935943691017,0
2025-01-12,80.97523314462421,1.974286871457701,1.2653067246580412,44.634868125959024,0
2025-01-12,67.38406547608113,2.2417812509813984,1.056747074226425,61.74659924143205,1
2025-01-12,72.20539076364206,2.7017168012834145,0.3052258940906495,59.516957499154,1
2025-01-12,76.8860593753226,2.5499967452079533,0.26457958458882824,67.01806369114132,1
2025-01-12,82.8276201461717,2.8542969715917015,0.40485070803448897,32.345182363944616,1
2025-01-12,74.67124869463507,2.6209823689111515,0.13949597854079393,30.462251240567426,1
2025-01-12,72.22400236653401,2.209989432789202,0.026797967487135647,,0
2025-01-12,84.40578534720295,2.26118075868381,1.400281272663078,41.171499831766624,1
2025-01-12,67.75993049791877,2.530875217156971,0.10332699282859792,43.3631558213527,0
2025-01-12,64.00597021689958,1.8057867801999685,0.11057322919481033,51.87208103658049,0
2025-01-12,77.20007225026666,3.0020325656868954,0.31976560524783093,34.09652492507194,1
2025-01-12,72.48972887823695,2.632524020913267,0.3382564943569007,55.70777666192199,0
2025-01-12,69.89383591434644,2.8681103791146616,0.009303118575560097,43.00589784924601,0
2025-01-12,78.54178223649677,2.025818817757249,0.08005781502954774,,0
2025-01-12,76.219003568856,2.873369548106577,0.23753206083165002,63.360276522935436,1
2025-01-12,72.17960684631636,3.1694496733083244,0.5755805963078765,36.844453333497185,1
2025-01-12,68.59847800664552,2.103736493386805,0.12965645922196697,67.23492371658081,1
2025-01-12,79.36228664140073,2.73142053847113,0.2749690248008052,51.22752564249775,0
2025-01-12,78.2510058897933,2.500332983406188,0.4074823697917831,66.91711060695873,1
2025-01-12,74.50412068110309,2.0366698455255268,1.0972802902692136,38.309203288071124,1
2025-01-12,84.23318498023833,2.647865191555561,0.19731488820016202,54.1825065841695,0
2025-01-12,69.64957616836924,2.7500809614512045,0.07168020743057829,46.155484692944185,0
2025-01-12,67.37237414537631,2.319662034199346,0.33595928121412205,60.96888764624053,1
2025-01-12,71.54045965059377,2.849774956076567,0.6866330033189185,54.23635772853186,0
2025-01-12,74.77206991822251,1.9999709779632406,0.058188126162278205,49.78061827833274,0
2025-01-12,76.21669724661346,2.051573156065107,0.27641747020185553,66.51941625724035,1
2025-01-12,73.79381971071835,2.540979218676626,0.008972598737607546,45.08468256686721,0
2025-01-12,76.76027698257148,2.5076155833916816,0.017067607579839293,38.79920819592726,1
2025-01-12,68.74230287904778,2.2850279534727687,0.3298111009989532,,0
2025-01-12,,2.742878330791566,0.177051482977875,54.96113748691255,0
2025-01-12,74.58924410803715,2.659268294264785,0.9325113267137594,47.56378486287502,0
2025-01-12,80.58647915794064,2.757441721280205,0.4608455263547875,49.464401747575295,0
2025-01-12,76.71362673188852,2.4630590693943195,0.3025067650418351,68.382136571996,1
2025-01-12,77.28376609576893,2.680774080393502,0.2620697397702036,59.307427655872054,0
2025-01-12,77.84883640116102,2.3663049090910016,0.3438266300974378,34.42407005930308,1
2025-01-12,77.23854280008658,3.1161456070259788,0.020639607438037857,38.48520283482444,1
2025-01-12,78.21361379933772,2.2562362689634043,1.1164985292889256,69.02306537742236,1
2025-01-12,81.64576265066216,3.1315892288374934,3.189492533549655,59.058622151741254,1
2025-01-12,75.98260584850735,2.5104663841268224,0.10013307606406974,66.60180504578612,1
2025-01-12,78.54501878794257,2.0873467331293774,0.06413432673761081,42.154458559548885,1
2025-01-12,74.55132152856386,2.9104238051465803,0.07749570358141289,,1
2025-01-12,82.20058607724737,2.537770416518488,0.540917496293895,58.56010834094046,1
2025-01-12,71.61803848970365,2.7553372295140712,0.5415282131379033,41.787599417575,0
2025-01-12,84.00470216455408,2.867156775562778,0.9416879750911799,52.03265301802821,0
2025-01-12,74.79921024677829,2.6013866662435077,0.696813365533597,55.09660445081181,0
2025-01-12,67.84612448940976,2.3223277465561556,0.2986364648180434,49.2452724330986,0
2025-01-12,,2.792714013300775,0.4744784565257481,63.08714826632051,1
2025-01-12,71.59474171262559,2.5002266522363787,0.5828324563465735,63.31476167191958,1
2025-01-12,79.20321774494361,2.705757345582526,0.3594750867395781,64.02402193206227,1
2025-01-12,71.73688010348805,1.8538808278625616,0.3227988780869736,62.13694276392651,1
2025-01-12,72.7690828339261,2.6340945151029556,0.5179560109776715,49.52333908788579,0
2025-01-12,65.55229634527234,2.308424252456491,0.4076286498744796,45.257531925960286,0
2025-01-12,72.73846840375461,2.995992891153559,0.5163312487989151,63.255051348574824,1
2025-01-12,62.88060336685522,2.6869262043667286,0.474477697634302,49.60805834225067,0
2025-01-12,67.08048588257138,2.571957323754789,0.6350501790112508,39.854855945119276,0
2025-01-12,78.80207328072149,2.6458929980050665,0.5147346265242045,50.293741292888654,0
2025-01-12,78.92900079325416,2.2004677441369846,0.3667164161743273,35.67399287676969,1
2025-01-12,77.12728780892482,2.986977007158416,0.5725325710118269,57.66517962395196,1
2025-01-12,70.16511928435393,3.0974111255250714,0.29844778128330607,43.43685126495625,0
2025-01-12,74.7614432192901,2.617874053164465,0.13831912427741577,40.426351937898175,0
2025-01-12,74.98198730454716,2.9771210705720916,0.0007096133799735094,68.2603498493898,1
2025-01-12,69.2081765540373,2.32925554039824,0.41044953581500204,61.07523983033231,1
2025-01-12,82.51699150883576,2.2608659301325056,0.44659875565460255,61.482780108957265,1
2025-01-12,79.38681145287836,2.5122774246186768,1.788650520815477,54.94887877116734,0
2025-01-12,73.89517913085169,2.6304823115103697,0.2242998357891149,63.56691242041188,1
2025-01-12,75.13442919497265,2.381803995627064,0.25054759487116907,60.36649924653525,1
2025-01-12,76.04191403973776,2.661330457110545,0.11269778093262424,53.95094816534466,0
2025-01-12,64.79132565787855,2.591916844622024,0.03657268446869652,68.44497607406869,1
2025-01-12,73.76411308739702,2.2005079674126837,0.7409721836251499,37.663797987376924,1
2025-01-12,71.59007876001101,2.6556379052355163,0.14362845764816376,67.73518875979005,1
2025-01-12,69.99189995052542,2.759058472756456,0.46940221321049713,46.057526479954596,0
2025-01-12,73.59449853557022,2.5514407952771174,0.5820124527307731,51.135959336059464,0
2025-01-12,83.98843263424762,2.8457944309785077,0.3186071856197954,,1
2025-01-12,78.20421430633505,2.1347788619509145,1.0451586869685219,51.604297556871636,0
2025-01-12,72.14410505108602,2.6403851266395555,0.2933090308741773,54.44827007432774,0
2025-01-12,77.86291390678079,2.1489157880809677,0.1676724722561295,69.90806167234096,1
2025-01-13,81.99677718293002,2.165775592530074,1.1317568251137016,,1
2025-01-13,79.62316841456385,2.310720749878663,0.9886746036565048,68.65589167497149,1
2025-01-13,75.29815184960087,2.2173819449277263,0.08958722531166667,43.93552240408229,0
2025-01-13,71.76531611147213,2.3356012543776585,0.013151976958284663,69.65065994980174,1
2025-01-13,78.49111656806795,2.4357549067866433,0.04714740372696424,48.21912606380443,0
2025-01-13,76.96742692710875,2.751146345899415,0.16881963766069208,64.07345035047602,1
2025-01-13,79.47596610013866,2.4036522883882894,1.7924363585513152,38.65279876075888,1
2025-01-13,78.17585900840984,2.024312287969122,0.4088069233040896,50.23332718626409,0
2025-01-13,80.24776357659668,2.842020353948548,0.23361313047651425,68.64048384510421,1
2025-01-13,72.32382394219717,2.248872959915488,1.0978353184210503,67.8812558769371,1
2025-01-13,81.58697032817163,2.4823838718686115,0.30177787125137845,57.34939511285707,1
2025-01-13,75.987998023462,2.6339609520822136,0.18934243202074805,61.91257290212239,1
2025-01-13,85.37630436312632,2.5598831255208347,1.4169728003834547,37.057067864096055,1
2025-01-13,71.55406090955216,2.8282538642564425,0.9469547925116116,58.8663419793663,0
2025-01-13,83.67981901582624,2.6437009430178278,0.927887864726012,54.722032333414894,1
2025-01-13,75.98955391731324,2.2416071260908677,0.359011766641219,33.66206943004984,1
2025-01-13,71.74290998192775,3.1535686521974986,0.7789885132321074,34.52636026358705,1
2025-01-13,72.58057082972839,2.55830003900147,0.09883133161593727,34.33774471005047,1
2025-01-13,73.3982634590284,2.455797932013548,0.42574677548217665,58.974277393193425,0
2025-01-13,77.12082973200958,2.7891776269166715,2.0627914029573047,35.668608329902895,1
2025-01-13,77.6141774401775,2.574835283779022,0.17192056151170942,48.70929084457882,0
2025-01-13,72.13149998030711,2.619768457881798,0.7907954553205304,44.27927223511031,0
2025-01-13,74.87822703869509,3.247655199580206,0.33714152343014925,52.02016563080871,0
2025-01-13,85.71135179305932,2.417463571523486,0.02030980084636979,58.25905948877611,1
2025-01-13,83.63771585050355,2.404671731794781,0.719888494260086,57.38890148885328,1
2025-01-13,77.18161834837016,2.534973553603739,0.09230357001051548,50.620796636575065,0
2025-01-13,75.190017390841,2.8214547806743115,0.49912141947112537,48.57339494441542,0
2025-01-13,,2.0480397909428802,0.044778686214679154,45.91262380489035,0
2025-01-13,78.06758986365209,1.9103332325570483,1.4674822780089638,64.47639793217517,1
2025-01-13,69.88603717400797,2.3238654188139556,0.17246063572822454,43.2340721949058,0
2025-01-13,73.71311731288327,2.0098231122822137,0.1283919812674676,40.3746328466998,1
2025-01-13,66.65707963061205,2.3725505957423083,0.06913496033480335,59.73261974621085,0
2025-01-13,76.99611561302639,2.650749908838787,1.4594059253162726,44.39053846786906,0
2025-01-13,78.2359796985137,2.232775340934321,0.6222303135267239,63.87994399029074,1
2025-01-13,72.58406768850313,2.0719520269655973,0.6767410861472303,43.11554874548579,0
2025-01-13,82.86993381645016,2.5208011485146042,0.3459785059261369,58.077792982983524,1
2025-01-13,68.8711716849883,2.758763045384551,0.321919323260347,31.804360251413442,1
2025-01-13,67.6781255989509,1.9915079684450163,0.05827884253527923,45.422515204412804,0
2025-01-13,76.12225909279987,2.7460697194917953,0.4103097354337379,43.72920699870206,0
2025-01-13,80.23549151306078,2.745191861121498,0.14178958053045682,62.66714957103694,1
2025-01-13,83.41963845728934,2.7862255306469885,1.889299964343666,68.6822161291324,1
2025-01-13,72.7055786856553,2.865544064461506,0.7962435464255243,48.435251067718454,0
2025-01-13,80.39340416715648,3.1606041773978846,0.2663584665843323,62.99345108615032,1
2025-01-13,74.80745765249647,2.3931723854142835,0.08204906358805339,57.9877880382946,0
2025-01-13,74.1368635002959,2.5328714740233575,0.7693305958002726,68.69543950654773,1
2025-01-13,79.41829968743336,2.3750684700255924,0.06508496267788437,62.44434057371299,1
2025-01-13,78.2616143920671,2.5005930534267433,0.10494942142920355,33.09912263854922,1
2025-01-13,67.11803921507875,2.9598620066908934,0.11882444707657372,58.53126889528945,0
2025-01-13,82.38270174862947,2.0964956548207994,0.406969336601379,51.41998861689495,0
2025-01-13,81.90045677073726,2.2416850983503274,0.7733645649137035,30.657442317293086,1
2025-01-13,71.87218649245236,2.9131542809513684,0.18866838175973316,40.052518349017745,1
2025-01-13,76.97901766718705,2.806010952070627,0.04423521004246601,66.87020980107572,1
2025-01-13,,2.3910605059548766,0.312313109491939,67.04245491147012,1
2025-01-13,76.30336882911953,2.756320600336216,0.6893818760533935,61.95401840802538,1
2025-01-13,72.2484742307729,2.60236475274761,0.12529838491442316,69.27118413111958,1
2025-01-13,71.64188316030975,2.9500823827002964,0.12418231534700419,62.2618089849682,1
2025-01-13,,2.5223528781480318,1.4708780504462544,30.408167491409806,1
2025-01-13,80.86364509629682,2.8076896341617745,1.541230686493962,41.51337361206047,1
2025-01-13,77.71800077297216,3.292603573147786,2.326431409565313,31.224967289510516,1
2025-01-13,73.14692833956947,2.67942974651424,0.8242442841184046,33.76431874950238,1
2025-01-13,78.85849355324173,2.514798449738453,0.10424088693285641,38.75363267803104,1
2025-01-13,60.75728689684962,2.7167340955662937,0.11911686931843203,50.142341853020895,0
2025-01-13,80.74382850186052,2.3904157425388344,0.20792838862158505,63.90128013848071,1
2025-01-13,66.3014311061095,3.2163903116574195,0.1914599837455828,64.47867024628432,1
2025-01-13,73.18779529298433,2.5540213113087944,1.5678162271389193,54.64807434229186,0
2025-01-13,69.40165052686928,2.418120003932346,0.7781239183810607,67.1270375626494,1
2025-01-13,68.52659262139547,2.2492932984939893,0.6436931347150966,50.00249306360833,0
2025-01-13,80.8041339368926,2.8291660574819315,0.10287486735519288,65.56144176532807,1
2025-01-13,72.66149399344054,2.7601562238483215,1.2013439460292699,48.162610253280484,0
2025-01-13,76.73251940865357,2.350793688575772,0.879753739233002,41.08900029687529,1
2025-01-13,74.76539710560408,2.672935403536727,0.08934916908932262,66.65651672401711,1
2025-01-13,77.3852041361156,2.047433209536143,1.0246320749592974,45.51740302715477,0
2025-01-13,,2.555491172521947,0.15889715554655762,50.13616435377847,0
2025-01-13,68.58503887905715,2.6358269056230084,0.042163715996576534,43.154425301227086,0
2025-01-13,79.9813340972357,3.0121989428677667,0.5347534545757076,56.513504011629195,0
2025-01-13,72.53121708419344,2.268754359181393,0.5303760474898659,69.80124900024141,1
2025-01-13,67.21709050670124,2.116494211359303,0.04987260527617045,31.020541954590787,1
2025-01-13,72.85942419517043,2.2313716117224875,0.19198769424158826,65.99392024028406,1
2025-01-13,82.50379895317155,2.099029449905524,2.4678424597993884,30.157042279570618,1
2025-01-13,79.25110871056746,2.900997207327695,0.5672648324593245,44.569115245848444,0
2025-01-13,73.2567393279607,2.964591788507211,0.6548058767849705,36.74427225158057,1
2025-01-13,73.25371147840785,2.5960649733846486,0.11971096760173107,60.29367122690205,1
2025-01-13,73.39182474391309,2.866388483705544,0.04102932428592383,32.024433630286936,1
2025-01-13,,2.5401875141740704,0.16210504530257364,52.139398143373114,0
2025-01-14,76.90967726115777,2.47146650568977,0.14310716518497885,41.79704535381251,0
2025-01-14,77.15020823595535,2.4000887142838714,0.13364183796338308,35.34680995458808,1
2025-01-14,80.15141727015921,2.4068827025867305,0.10706361159885606,60.87272848410563,1
2025-01-14,76.19394579513256,2.0356595331072906,0.4275457148507086,38.69667337021027,1
2025-01-14,73.70478927089648,2.5792764290822014,0.1988254661114457,38.94700848219755,1
2025-01-14,74.0182507545751,2.487899826935787,0.8583585088362441,41.00307140551692,0
2025-01-14,74.64199370292968,2.723608217223363,0.10163824359080398,53.470670553121096,0
2025-01-14,74.81388881745079,2.528057048931583,0.3123958555625722,56.38663726762993,0
2025-01-14,78.6381477181849,2.4511888895292726,0.006875981348712288,30.7041009480538,1
2025-01-14,75.2597294290365,2.2386420909977107,0.3285834737933416,39.67478544455161,1
2025-01-14,78.66320038607789,2.5216459710465284,0.02872887566484133,47.238833700211316,0
2025-01-14,74.59641709945708,2.7214711692448486,1.9021117503962484,43.279078086449324,0
2025-01-14,75.39317595158046,2.156998302674842,0.7817356956175284,65.36682634043544,1
2025-01-14,65.00899657733946,2.5262421261042216,0.3367815793981613,61.50834923545675,1
2025-01-14,79.5816383735124,2.5699128854588453,0.04528376896389675,55.0356086215531,0
2025-01-14,76.73244237948997,2.2845805649145206,0.44879023381624167,43.52169663988159,0
2025-01-14,,2.3236431085276,0.7109892690577319,58.02689379384639,1
2025-01-14,60.518723109031555,2.5691832546298645,0.10580346056845702,63.74552051383178,1
2025-01-14,85.44187352390364,2.159973694512213,0.4199060387045924,53.79321509435947,0
2025-01-14,74.30205185922414,2.604977114574818,0.8415715554252875,61.37845867573517,1
2025-01-14,80.54091408368758,2.23139368790224,0.7310432425689964,59.964198455989916,1
2025-01-14,69.80047036437234,2.8188561079099648,0.8122555163120752,52.86949244641289,0
2025-01-14,78.06386952531285,3.20134832361649,1.0573206224281675,42.487328672860436,0
2025-01-14,69.73292218413172,2.241772959489454,1.3877533048436936,59.83128632005087,1
2025-01-14,71.88115519652098,2.6602623587124024,0.2600350741758163,38.271854654304256,1
2025-01-14,84.57015676933393,2.281977428535394,0.42055580366143697,61.17953385886135,1
2025-01-14,74.04658799618326,2.812286252139337,0.7818966452583708,62.18186768570132,1
2025-01-14,76.08716436589862,2.1204224772744356,0.5972420060648252,62.885795182814924,1
2025-01-14,79.35033865344377,2.6441760275283137,2.7040915928618015,48.9166388391383,0
2025-01-14,77.47840943986303,2.2381033099331944,0.0068860259753781876,37.69923071081686,1
2025-01-14,75.75209452571788,2.4379046232704895,0.2193557594455254,33.98894400264275,1
2025-01-14,76.82480501233113,2.190692417455808,0.1649663812234177,59.73445001951697,1
2025-01-14,87.01707792619138,2.746705141268726,0.15211976362294632,65.45045538119253,1
2025-01-14,74.71190601483207,2.248905893668124,0.1258549705636129,56.03353435347627,0
2025-01-14,76.00549523357483,2.6655892777995485,0.6174288361014802,35.766402415534785,1
2025-01-14,80.25327198003806,2.3967705915213,0.04428418875686058,67.39585794070297,1
2025-01-14,,2.4656582884603413,0.6766403473726523,69.56408058157278,1
2025-01-14,80.9351515278019,2.5443267722200384,0.5911478009320155,47.335144397396874,0
2025-01-14,78.19365111014592,2.2714525985023455,0.1443774121561109,53.793011570950846,0
2025-01-14,69.28497543634758,2.563110134062266,0.14573380305255806,61.08914080006631,1
2025-01-14,83.16715766150548,2.959100369306323,0.4955887531100101,59.45559160200179,1
2025-01-14,69.26827303490656,2.2665715642501856,0.7181018972344433,68.71148767733797,1
2025-01-14,,2.8515430429821533,1.0456988182396003,34.59532364315156,1
2025-01-14,71.22862074990321,2.9494292900463353,0.9557432245690202,53.22899464571223,0
2025-01-14,74.67930826703504,2.255153503291587,1.674534884542327,57.677256786923685,1
2025-01-14,76.6438120515174,2.0634836184728345,0.43540169292876574,65.6039369675068,1
2025-01-14,76.60678607725137,2.5905882700515295,1.1965589387449187,64.96438510872603,1
2025-01-14,77.10960377117642,2.3357777431699382,0.8264683924142184,69.1199917424516,1
2025-01-14,83.06855634529323,3.0605809657489007,1.1253172228466999,50.48313815750716,0
2025-01-14,77.2676715075699,2.5104422621499496,0.005847359355805642,63.230434672529064,1
2025-01-14,73.77921682354676,2.259340177589446,1.6892728182710954,47.09126832509311,0
2025-01-14,79.82043584144179,2.1558521466964864,0.3207806192031193,46.89255511424129,0
2025-01-14,80.9473524446232,2.826971487727249,0.8001969405653495,40.133934578914364,1
2025-01-14,68.86196092431504,2.328644807774744,0.06802678207782376,62.72949148076919,1
2025-01-14,77.98700034924929,2.5131486398381284,0.25204178115781517,69.43260423254063,1
2025-01-14,78.5058637115545,2.7867408235337443,0.15835682878942817,40.25366913389031,1
2025-01-14,73.51218248320004,2.3547224944207508,0.17241466941288694,32.24526352084289,1
2025-01-14,81.8785340665581,2.4862213513779516,0.0657698999817196,62.62169749676029,1
2025-01-14,74.24972206483737,2.495029477053244,0.8193402511362714,54.80920210139025,0
2025-01-14,75.62788226735772,2.7049973534548277,0.0046426448844547035,68.38795202204018,1
2025-01-14,74.13464087858065,2.6772233006530977,0.18735069345296704,40.08956876307809,1
2025-01-14,75.07789523790734,2.4339658806235516,0.09582882735255019,32.841106320051246,1
2025-01-14,,2.5190947184489554,0.4446284074901417,49.69769043466006,0
2025-01-14,,2.3884662965429535,0.14668403866753443,33.4186409186059,1
2025-01-14,82.97252531612486,2.0567162779241666,0.14987628401556982,40.4716000441083,1
2025-01-14,70.76519325840836,2.5772802572194387,0.33504565480919807,35.03911443276673,1
2025-01-14,70.04303825271846,3.0676575282499203,0.5287673800506631,38.965287186403145,1
2025-01-14,64.23304943198143,2.234884257792681,0.06465854525038818,34.245786112855676,1
2025-01-14,71.8051912615525,2.2680910871191893,0.09649601363680593,68.15623997709142,1
2025-01-14,68.3845510329625,2.2387816685068778,0.14196107132396804,41.14250853798942,0
2025-01-14,83.21007580068185,2.717377533616937,1.8200106293285907,47.75590343970262,0
2025-01-14,80.04908544671316,2.634545636258932,0.25304550815064925,65.94447230536889,1
2025-01-14,71.55924827411138,2.452438692275063,0.45688457016878503,57.09286351845898,0
2025-01-14,86.26217902672154,2.2245942815083106,0.1382344628550362,54.721499222470975,1
2025-01-14,79.90882743495797,2.5277130374919774,0.33712299457780437,58.22252761443349,1
2025-01-14,73.37584308245688,2.0306133617992588,0.03850487532962629,63.152890284215275,1
2025-01-14,62.50297142563214,2.543027970057248,0.01768000351914452,65.10677071407044,1
2025-01-14,86.45471286295371,2.76145731582638,0.31624577544409205,55.705586826601056,1
2025-01-14,68.05213766618202,2.1246402590098965,0.2542967978960625,65.6002909877623,1
2025-01-14,66.77300626521554,2.040244516951101,0.07360095906503024,51.41590109701907,0
2025-01-14,80.1128521600482,2.973831367508458,0.5817377175185491,41.09163425073694,1
2025-01-14,87.19876203169636,2.3164721081486244,2.4740761458999305,65.20306835535378,1
2025-01-14,81.9213640925526,2.8407843537831465,0.2517982594095463,51.658913096523484,0
2025-01-15,77.8195456002618,2.4538007004406506,0.4898264871060107,66.24550350268937,1
2025-01-15,77.97377170832642,2.4514135549176017,1.6480936856326178,31.606712558023247,1
2025-01-15,79.26707779390154,2.6315238098489937,0.8905135511725202,45.90063006164942,0
2025-01-15,78.79464294893383,2.234800342976068,0.3113930311906201,67.91220073449873,1
2025-01-15,76.40595711984687,2.539749143048694,0.6687320692762498,39.98600371033211,1
2025-01-15,75.52100551975938,2.385553175552772,0.06856036486911928,67.6614498415397,1
2025-01-15,74.6870343605024,2.1038519669784908,0.3588263571757175,68.15609844517,1
2025-01-15,71.23017705566662,2.6012446224179198,0.1635998736916794,65.28569256903444,1
2025-01-15,73.59662461566613,2.421007657936625,0.08786984517635375,52.54672180373195,0
2025-01-15,66.53521592902307,2.452892551466588,0.2778076930842837,55.87757796322554,0
2025-01-15,74.50830186602624,2.136951716975753,0.07021445117108721,64.78467993799477,1
2025-01-15,70.05704446424541,2.977420110328841,0.600297770476857,61.03588329556737,1
2025-01-15,69.48205341392115,2.763014255915835,0.30462369347994805,55.20375397821646,0
2025-01-15,75.8994707557674,2.7892467652515935,0.3787304715477865,69.29037631482811,1
2025-01-15,81.96001143172299,2.4083665892674953,0.07913219566369306,57.427065453347765,1
2025-01-15,79.59158303001156,1.981245133148974,0.07527870730990933,69.01927969791045,1
2025-01-15,67.14749698188412,3.0858752147468533,0.43783290069702013,32.29553898428363,1
2025-01-15,70.05185931714831,2.4816707475982396,2.100177572211912,35.5584148296885,1
2025-01-15,79.70385593994108,2.2753600611939837,0.0506015754311588,48.05835384001962,0
2025-01-15,70.08756303230845,2.625040472344934,0.16824811845065557,45.39517843537261,0
2025-01-15,73.87683425001488,2.850136236400989,1.0180344090238782,61.30939365428111,1
2025-01-15,77.75026049512276,2.4930848331743602,0.0375083529086848,36.42456105876815,1
2025-01-15,70.15827772568183,2.8835725503818126,1.0432762679559733,69.04380716445954,1
2025-01-15,75.5268775307298,2.8248999815550606,0.3714692053578755,42.60263501043656,0
2025-01-15,68.32987252540897,2.1770856437793826,0.26234968864777747,47.15694830960638,0
2025-01-15,71.99316178024394,2.297862968302157,0.1853004191519697,40.98980129760092,0
2025-01-15,76.59890967071269,2.78726114898393,0.1762825277901404,53.17454469306189,0
2025-01-15,67.03503133234166,1.6862162308568687,0.18249944779903643,32.34514801690336,1
2025-01-15,77.202373689802,2.4551632920505035,1.0805561377620645,35.98710022281795,1
2025-01-15,74.9018110053666,2.0707506395125983,0.6433063843473742,59.831908136748964,1
2025-01-15,77.76244977208574,2.3570338595699427,0.553911803193575,37.46002333619216,1
2025-01-15,76.11957067032331,2.410353973291239,0.8016015669412359,39.420578062266515,1
2025-01-15,81.82070214986922,2.3925266866277477,0.14860678526994336,61.719289428993505,1
2025-01-15,75.62612251323954,2.3343216243662175,0.48122337508435836,33.73204713429014,1
2025-01-15,72.85297229437373,2.1708569051113558,0.30815440584234866,47.49895291083364,0
2025-01-15,75.61148751516141,3.1875733800456056,0.762644060272014,30.922535479889078,1
2025-01-15,77.71649014518194,3.0602386012484053,0.1849930806803752,43.87229597271615,0
2025-01-15,75.24430035162852,2.151380253923115,0.5152599748873269,57.95925610443018,0
2025-01-15,75.20295845601942,2.9746350253910703,1.0694361883952095,33.60413118868913,1
2025-01-15,,2.380160352858144,0.25720809456462457,65.5333850711504,1
2025-01-15,71.68549541224526,2.538756241999513,0.03447255454636501,66.37996171762865,1
2025-01-15,67.98697364100153,2.481017812030925,0.3628876913086571,34.199615005005406,1
2025-01-15,83.74788371593469,2.30207540762381,0.21230293041819953,69.62929745503106,1
2025-01-15,68.78068382304357,2.795155703081844,0.5577145212992829,41.90118213581955,0
2025-01-15,71.53547401102047,2.5377659591729973,1.5083035701825604,33.36406684526424,1
2025-01-15,71.40796367215401,2.3570345730342277,0.3323851382394142,30.20268457989049,1
2025-01-15,,2.108623166859858,0.3138578698677326,46.3409158305545,0
2025-01-15,73.52525160853986,2.2319214958842637,0.5315040539218304,55.192399428244705,0
2025-01-15,81.23871036336867,2.007585965319371,0.054627100663423675,43.28716999613253,0
2025-01-15,71.63254687878066,2.5036670645245507,0.146183976313348,63.46869461898491,1
2025-01-15,76.39497081111901,2.141000322314681,1.2565254580711263,58.664251022602,0
2025-01-15,70.82326473370121,2.4203318462444376,0.5542443703712968,44.006461278721304,0
2025-01-15,85.72574563886694,2.9110305560831113,0.006767616683868392,59.372386664344184,1
2025-01-15,69.06200790485244,2.8597898718764756,0.11447108578148354,67.61950947877,1
2025-01-15,76.54910355113513,2.4903169317692146,0.5741701402257248,33.723839941720684,1
2025-01-15,78.16888440466049,2.473874582157055,0.7228082212507477,42.24415840630468,0
2025-01-15,77.0689954872575,3.0639623648263026,0.9158520889444336,48.53303756466773,0
2025-01-15,74.07356170561145,2.6562268361076136,0.1727804693826222,49.919605110190744,0
2025-01-15,74.35089650133287,2.4016580620370434,1.337031649546815,51.68782579544295,0
2025-01-15,,2.072194564863864,0.40253894255601974,42.02507626154594,0
2025-01-15,74.26498999185756,2.618161965449423,0.596251125669219,56.69038583929397,0
2025-01-15,79.81939558397455,2.7487971317748587,0.4540854718547487,55.80338014119319,0
2025-01-15,86.05261500795676,2.3105045426459068,0.06547596382452157,53.11286025086456,0
2025-01-15,72.21254107496082,2.58736082654141,1.6499705400862885,34.55046886843506,1
2025-01-15,68.15098510210461,2.3909280115254914,0.06555321327023722,49.07871564383778,0
2025-01-15,74.55858975824373,2.444790280240299,0.14710631269193816,44.24907549957502,0
2025-01-15,87.8985466882716,1.7536533827313006,0.8400049799646756,49.6415387935249,0
2025-01-15,70.98162716015135,2.4334655788851594,0.4819493095744073,66.87465742060104,1
2025-01-15,83.19558402722033,2.7908107907224164,0.910540070925297,49.22125372633633,0
2025-01-15,83.3885040703822,2.3105792333300323,0.36256272770839,30.559231673580474,1
2025-01-15,72.23205879146003,2.515757910464595,0.23659895104706935,47.55346952336524,0
2025-01-15,77.84491539592638,2.273214787992424,1.2745338182061712,62.82592720197528,1
2025-01-15,83.14198311564269,2.6081325028878317,0.01846287939605055,61.202436928726726,1
2025-01-15,73.10436129506256,2.435043040739148,0.9694233482732795,50.53560294112724,0
2025-01-15,73.98209819948819,2.218227537795398,0.13121369360190258,39.99076051437261,1
2025-01-15,72.09159543025679,2.8997654402995385,0.9443653955707402,48.6035465165818,0
2025-01-15,69.92621634653567,2.7786796040596644,0.0749445776773802,52.54808877672767,0
2025-01-15,71.75361227466996,2.3185279708215476,0.4340110228855562,69.99485753096535,1
2025-01-15,68.88029866618872,2.6493364928253333,1.0951102174071694,55.767123606775094,0
2025-01-15,75.17041734129613,2.6612236008461143,0.3207896264977151,57.77059720250454,0
2025-01-15,71.15013384470679,2.6926903705033527,0.6863272517880141,49.658165742722076,0
2025-01-15,76.16892955895374,1.9917232312014768,0.8165365628889446,44.179582031301194,0
2025-01-15,67.22052176898187,2.8019819623097884,0.666839966468898,62.51811934588824,1
2025-01-16,76.65440116107229,2.3290903111222807,1.297336675048567,49.79729297356945,0
2025-01-16,79.16764480804463,2.3926516199676198,0.29604877920080885,69.787605198581,1
2025-01-16,65.03132178714273,3.29136452567806,0.09505113761369044,48.28482297072176,0
2025-01-16,76.87028284923787,2.5905620142163035,0.02449590069222637,32.720011345903096,1
2025-01-16,81.13834496236646,2.3841032573658474,0.1414865018619811,57.30312548360331,0
2025-01-16,68.95179490654397,1.8384116881732282,0.07727392327390108,31.865658037032443,1
2025-01-16,83.36286193418852,2.9169292401839066,0.408164717011573,,1
2025-01-16,77.09509504683022,2.0964370987574195,0.10225004854228834,44.149530111196135,0
2025-01-16,71.47494072120796,2.198968328950149,0.01985594467075199,59.57934342485311,1
2025-01-16,74.72115461171147,2.4005943102736453,0.018326716730570156,49.76943705630451,0
2025-01-16,77.7916345626086,2.9249235375100877,0.8906160337379327,31.145837252410264,1
2025-01-16,75.38002695706206,2.7319719959997277,0.44757040267292064,54.673994051036885,0
2025-01-16,77.69377996223184,2.452648747047922,0.22164992655642168,46.45744949706649,0
2025-01-16,70.39663203460317,2.592487619091646,1.1232349244733337,66.87338039868429,1
2025-01-16,75.8468041201804,2.3198842921386684,0.036391062650462574,49.98249244560942,0
2025-01-16,67.9314275154751,2.541896106869605,1.9641288572203004,58.35900583757356,0
2025-01-16,74.4438696932565,2.522001023433441,0.47893644284831166,38.754739693181875,1
2025-01-16,70.48046179267605,2.7906309687044057,0.10134229397245825,60.438942581266126,1
2025-01-16,71.32235028705117,2.7901534367316847,0.5682647203173605,58.838212419346895,0
2025-01-16,81.18046587605218,2.6481932146616933,0.7206525621248748,66.16326834165233,1
2025-01-16,80.45655060297135,2.3912957327361695,0.28048328536536027,31.35286566876797,1
2025-01-16,78.04569060453589,2.722546688317038,0.9889214289074952,47.90002790469805,0
2025-01-16,69.5384361766371,2.472409460139086,0.08169047828964404,57.16621610958521,0
2025-01-16,73.41795775152599,2.17542568938606,0.1634454507849806,33.8065560032086,1
2025-01-16,81.06548849989592,2.3790136624267184,0.04907791127512215,46.424162685956496,0
2025-01-16,75.70858456819953,2.525358095135297,0.11841707099666826,67.68586412264781,1
2025-01-16,86.59664769990847,2.7730647350994237,0.1363828135297584,47.43737963564513,0
2025-01-16,76.96658919697185,2.4449415483528543,1.2482863628306735,69.41619133922526,1
2025-01-16,75.96024558245016,2.137240386628118,0.040664515389786035,32.27356244319279,1
2025-01-16,73.4544176789875,2.517022504989046,0.2787971464312811,58.713191045635654,0
2025-01-16,75.66770452391141,2.5340368120169656,0.3800696209589593,53.24064944993078,0
2025-01-16,74.23765081809728,2.555751288670826,1.1448001497586275,50.02158708528502,0
2025-01-16,78.54054338344295,2.775961454786329,3.03660172284642,68.83389605940037,1
2025-01-16,79.78351158397292,2.8056769720269696,0.6999697468149814,35.186016019645145,1
2025-01-16,71.07005269746026,2.3217367382855,1.76663903757036,65.83995806723654,1
2025-01-16,68.3438352322111,2.315156962585317,0.7734690133320657,,0
2025-01-16,65.81897313448351,2.187940386713358,1.651164600955073,40.359842931985305,0
2025-01-16,77.53995663456271,2.7096447010841427,0.6142535382148563,66.06676582529174,1
2025-01-16,69.48316696913064,2.934646032501315,0.04156224787332257,47.17179671444053,0
2025-01-16,64.23554703523759,2.405475421627323,0.2570155336849723,62.56909312292284,1
2025-01-16,76.94289302265481,2.427570830582502,0.5200735166123743,45.553460681896,0
2025-01-16,87.46499758716395,2.940034767069693,0.21594446332854883,64.03723309732965,1
2025-01-16,74.96964544230053,2.651667355964502,0.15967851318666357,55.46516473780195,0
2025-01-16,79.19245387225821,2.6308707114403167,0.4306637198079541,35.64186534334909,1
2025-01-16,75.40914679273783,2.142725048207882,1.3552907764038988,55.986526538781106,0
2025-01-16,74.50555173404429,2.7036184207838256,0.017804196949241183,37.653790508074906,1
2025-01-16,79.59538241493884,2.2212590978470725,0.7331694754040474,,0
2025-01-16,73.54862727905675,2.1597939442195124,0.641376850678197,36.81182337008135,1
2025-01-16,76.33696157035952,2.395968526969986,1.6614717187356267,30.88064462668474,1
2025-01-16,76.60848903098007,2.324262182965393,1.3347361621601315,38.4754615779983,1
2025-01-16,,2.433520091684488,0.7182311172402781,51.45488094896503,0
2025-01-16,79.96021174768262,2.0677055096425243,0.3674105654901676,49.26243871109384,0
2025-01-16,74.12520121652295,2.787644891940302,0.11424613589606464,50.05988382144255,0
2025-01-16,71.22127420253578,2.838305888354929,0.3939880282629056,39.907475137864054,1
2025-01-16,77.68254921785201,1.9157972577577558,0.724834367099015,57.406448024567446,1
2025-01-16,70.50766009104481,2.793537341699965,1.13009438984398,58.170531472813835,0
2025-01-16,75.14090578684564,2.256841411053512,0.7796386515210875,44.318713022386625,0
2025-01-16,74.95440501677898,2.757092661094836,0.1086223265322397,65.24680353896697,1
2025-01-16,80.42947782915789,2.4794660522000753,0.45775341238988604,55.760928665421915,0
2025-01-16,77.37349116439977,2.5086326692242995,0.20186340456134672,58.52157101034527,1
2025-01-16,74.87486520627428,2.4444707051736345,0.004624150699035432,41.093596717557574,0
2025-01-16,79.08883149600143,2.863638761270046,0.11170987959596321,30.02446540622348,1
2025-01-16,81.95103774508657,2.1281235962424914,0.060079543704044856,64.61502448408439,1
2025-01-16,77.78905153175931,2.6823521016205025,0.9248610249930347,62.89697538319234,1
2025-01-16,75.0517630992169,2.830399049466865,0.1495442745983465,34.92767552171321,1
2025-01-16,68.4408188382492,2.7149020241621233,0.167525202173267,44.96420539825226,0
2025-01-16,69.67443168462313,3.1974096742970253,1.6086456878715196,56.4535723355433,0
2025-01-16,73.47387647822666,2.34131597118259,0.2382819287214956,56.08443428874913,0
2025-01-16,71.95243898920359,2.7871914467780594,0.00481593905523209,64.41401339234226,1
2025-01-16,74.06514348507277,2.468172809397574,0.1669301292463114,35.610726465417144,1
2025-01-16,75.28324962448553,2.8700218229058008,0.0635188784803953,47.19758991140475,0
2025-01-16,77.64846377178365,2.497693301283589,0.054243009554970884,33.88897671705699,1
2025-01-16,74.64750610970454,2.383637265441259,0.04032706276587082,45.583809937545126,0
2025-01-16,77.43250821913101,2.891821661161489,0.4497899078497603,30.604297823508176,1
2025-01-16,75.3223720740506,2.352531418294321,0.10495803795494565,65.93092260440508,1
2025-01-16,65.12266716823065,2.076182272329833,0.2241154280915295,51.08175987314724,0
2025-01-16,70.30332303090623,2.3449459350478516,0.9903149899099031,63.992090432094145,1
2025-01-16,74.27956222139193,2.6857098839765596,0.27611741946198204,32.39618804013455,1
2025-01-16,68.95152628579446,2.9176116254761273,1.2366354050618316,39.098324418916825,1
2025-01-16,77.99964364998102,2.5333388125889535,0.3445158836465837,40.37519980884723,1
2025-01-16,82.65375416171848,2.8954591201702073,0.25444426294252415,45.46765978555152,0
2025-01-16,81.09380925848659,2.092547523556722,0.6939256404267374,62.11465489590184,1
2025-01-16,73.93278564534896,2.3670209605546293,0.03799530940882829,45.46231494925971,0
2025-01-16,82.45363068424976,2.4134274648537697,0.04686881908847173,38.18614118585308,1
2025-01-17,75.74333728601056,2.465632171758244,0.5277386336780644,32.599610413550735,1
2025-01-17,73.3145701444098,2.5252283164750593,0.3336819358772552,33.1796699341075,1
2025-01-17,71.93298668229531,2.707273287217658,0.7813135441694316,60.4018882384391,1
2025-01-17,73.48765156755935,2.366557948548853,1.2400839716678522,47.79211964146532,0
2025-01-17,73.05911590729386,2.5417086060859377,0.2458113247726532,59.04724488000061,0
2025-01-17,75.85208111187744,2.4864631329027844,0.4536779168435033,57.291484870547905,0
2025-01-17,75.80286990524932,2.222233028832655,0.34727070381679487,35.41449847041031,1
2025-01-17,75.01523010076707,2.465899993275569,1.9979919465592637,35.71551736769069,1
2025-01-17,77.18469084873175,2.4569021410308647,0.8891780703204194,,1
2025-01-17,80.9532313739317,2.4504758304990863,1.2137211549457703,58.85073173941669,1
2025-01-17,79.74777067720662,2.5095278369744354,0.14674283209762293,45.121230674972416,0
2025-01-17,67.57551015775049,2.522702062184016,0.7403605965531098,33.096890533313605,1
2025-01-17,62.230394325490224,2.370311446267801,0.1542644153298865,30.48392086793809,1
2025-01-17,79.67159955619637,2.8818144201913793,0.11706593457142914,41.52627797846979,1
2025-01-17,68.16560650792289,2.149155811239095,1.4435838849758125,30.368890943489077,1
2025-01-17,73.87617299053659,2.283708967459031,0.009746590116042729,39.20290484414814,1
2025-01-17,69.1494348697032,3.3339890872670668,1.681787583243382,46.78002960845354,0
2025-01-17,65.9900978120999,2.188602593503231,0.08082547490869582,34.85663061247817,1
2025-01-17,77.70731364102394,2.0938735975870726,0.8558407614382928,34.17111031326185,1
2025-01-17,78.79577580151323,2.7203430235003654,0.1614284607084947,65.85749742874947,1
2025-01-17,72.11744799636641,1.876864043867838,0.21593200199851667,53.41880116091557,0
2025-01-17,62.04478853927545,2.4294178270082685,0.12215659724325202,67.37822747051126,1
2025-01-17,72.26877775873758,3.1437474775229464,0.4403580915507416,43.83304655142717,0
2025-01-17,76.95902002701273,2.03651922335398,0.21392863652588254,57.085797493166524,0
2025-01-17,67.60544215612936,1.905410654278386,0.5355856882935333,38.18766698487161,1
2025-01-17,75.91679959889578,2.0502456394126907,0.007885514710135955,54.73361269119765,0
2025-01-17,74.92345075413502,2.769507870504096,0.03327019965431417,35.183429200399374,1
2025-01-17,77.89645749800545,2.8374330159957437,0.0524920447748725,30.08322556705143,1
2025-01-17,,2.346223360906447,0.27149682676609993,67.26127205638316,1
2025-01-17,70.13465529559222,2.7049637212003206,0.8431491455003729,52.195775047008375,0
2025-01-17,80.98285750832245,2.9170765982535967,1.0954230780945517,67.07762651128158,1
2025-01-17,74.20735213486515,3.0362039243289476,0.14039344286545966,43.353260948082884,0
2025-01-17,74.86347730245033,2.4260994156460454,0.42709210341417114,43.11144276647027,0
2025-01-17,70.33366020463401,1.809558484699004,0.7312961952644557,46.02620007092127,0
2025-01-17,72.78358874404245,2.253736323277094,0.17042148814525662,58.24163935832673,0
2025-01-17,70.5759864298655,2.3719587415194225,0.26297617629302295,52.632345367446966,0
2025-01-17,74.13526970038288,2.4223183610264827,0.3711416150904266,67.01419628396472,1
2025-01-17,83.55854240071172,2.443642179697384,0.0724405481414152,31.017636045297575,1
2025-01-17,68.14049428534322,2.8356683793792006,0.013162898289266525,58.32783751890146,0
2025-01-17,66.93219301061629,2.8823285280062745,0.08291267089928842,43.213107574662175,0
2025-01-17,82.35585163746805,2.448497903822565,0.4928922500018542,37.20934607273845,1
2025-01-17,73.95338161424067,2.8295454628155454,0.038234442360671736,50.415824900803955,0
2025-01-17,71.65463630670041,2.6072984099893266,0.10517312167385995,50.20255136719984,0
2025-01-17,80.19952343698039,2.5193517918587713,0.2061345154635375,,1
2025-01-17,71.97192230131569,2.771963247132989,0.040534568635385716,38.07584224531559,1
2025-01-17,84.13004856773468,2.521675614471375,0.10641055027492585,46.3265865960622,0
2025-01-17,78.38962935669635,3.117343353129329,1.2110774249756049,46.352456495692614,0
2025-01-17,72.56044295927148,2.068476649961632,0.009743895866810732,42.70232558478739,0
2025-01-17,85.78654106632752,2.3454487302723948,0.5298380063100203,35.94180606039924,1
2025-01-17,71.9714253849833,2.4620443309138147,0.24258619239107232,30.17494716403918,1
2025-01-17,78.71047686004654,2.631835807137397,0.5583607466386261,68.80940249712083,1
2025-01-17,76.49646290203246,2.880388146130927,0.4442061367704476,67.73996918815708,1
2025-01-17,81.50870644699398,2.492680429829153,0.12647851610760774,49.34601516704541,0
2025-01-17,82.80755598363426,2.073331105148138,0.9393437478131743,69.80207013100024,1
2025-01-17,75.16002074532884,2.752754168936501,0.33857824061063085,56.94617323128973,0
2025-01-17,71.23291064826908,2.7264876298425893,0.8644938070572978,,1
2025-01-17,77.29986071469558,1.9174424021861782,0.2604485322680855,34.708727963305094,1
2025-01-17,71.61142315123946,2.49885875989876,2.0894793537514524,66.64443375478551,1
2025-01-17,85.06693623763312,2.0229574507959107,0.7359029411852178,,1
2025-01-17,75.68267665541369,2.3006046707493812,1.689965635134442,63.72734506629405,1
2025-01-17,73.17339224343945,2.2291573219111602,0.3611093240613179,65.93078598535376,1
2025-01-17,75.92340152932454,2.742779409472596,0.3209335188056027,47.917680451295446,0
2025-01-17,68.26436855235151,2.5350490522516553,0.7041755344975202,31.941038063067722,1
2025-01-17,70.14192980744674,2.114322699773192,1.0613468391918703,37.53121395589288,1
2025-01-17,81.00206953972213,2.764019788887203,1.664147224337131,32.662877892097406,1
2025-01-17,71.71552860514302,2.0698582528214757,0.19618948272051628,37.54959382794029,1
2025-01-17,69.7654450865903,2.5990341371412833,0.8014908340589111,46.421317058235076,0
2025-01-17,77.68326376263643,2.255796799212533,0.11826993990893594,34.72787242059942,1
2025-01-17,80.92852077331499,2.390296875240844,0.39436047897151955,36.66932991221373,1
2025-01-17,78.59476655332533,2.651281224411515,0.09913288550080442,47.83287128286717,0
2025-01-17,79.98023842902909,2.656434819717859,0.2133934260780778,43.60683801553958,0
2025-01-17,71.21602455715269,2.901090722066788,1.3394280181503353,48.70632496752164,0
2025-01-17,67.89094666629079,2.475323890098564,0.0789651483285454,47.16688111036248,0
2025-01-17,82.50666825977743,2.591935258889002,0.5003811617914973,55.77912103919534,0
2025-01-17,73.38660080578933,2.3686788032787027,0.44941487416039044,67.48758195503417,1
2025-01-17,73.74583491772476,2.5545969647868394,0.06433638043394342,34.3145735377697,1
2025-01-17,,2.6318458144025536,0.19724703811102365,33.9704059723678,1
2025-01-17,77.7811500470033,2.470507045763687,0.4138898805092391,64.11224444363609,1
2025-01-17,77.27943886040804,1.9588748547722512,0.10362194241137013,50.25586818609837,0
2025-01-17,85.82501172450542,2.5994412688992687,0.8062805332352259,60.65620094273769,1
2025-01-17,71.78240884809928,2.609368443206637,1.7905780377339233,38.616876144291254,1
2025-01-17,79.63920064040619,2.2959479570956147,0.120882555648602,63.15450292670207,1
2025-01-17,75.28506562448543,2.114683889178246,0.10345794545311118,66.95386496770783,1
2025-01-18,76.34296139431629,2.9427637451511894,0.3034251785491034,55.41932062185953,0
2025-01-18,82.64234213206265,2.6474336532683207,0.6886975925355955,34.23516085895209,1
2025-01-18,77.53917878144811,2.431275690723487,0.16536480571555257,65.81179256625356,1
2025-01-18,77.69148039524816,2.1588901350557537,0.0100400863397813,61.699509094802856,1
2025-01-18,80.362536686549,2.2534555514735963,0.38959292778830235,60.035111060579595,1
2025-01-18,73.17523635228558,2.8907771190358695,1.5686544600786894,31.46912755623662,1
2025-01-18,70.80395166330497,2.541298582260414,0.24819586060834428,61.95850101027885,1
2025-01-18,69.77595402989483,2.3348238798997882,0.27247959616318534,35.51804041873428,1
2025-01-18,65.16821705311999,2.6529067693673967,1.7353013369956272,38.895447047875535,1
2025-01-18,85.28103564970161,2.2556805437661027,0.5930789049874469,53.0853933947703,0
2025-01-18,69.48395817139158,2.9502529090841136,0.635006310975332,40.599230916675324,0
2025-01-18,73.89373188207114,2.9058401604690176,0.4135702031877204,56.453928252476786,0
2025-01-18,73.6159335005554,2.360027778639167,1.8366844015678827,54.32281790796326,0
2025-01-18,76.5370334890455,2.311398925890742,0.5837665742007714,34.325983920530504,1
2025-01-18,79.07868606269648,1.7145600403923165,1.127053448765512,56.240583183660256,1
2025-01-18,79.30236744179872,2.0555257685345896,0.6009522485963174,66.9581963929972,1
2025-01-18,72.08461280715531,2.098159067512673,0.6642313117051978,36.44439620743333,1
2025-01-18,74.16439143106794,2.5405571022962157,0.17153462003784817,53.8824808377155,0
2025-01-18,76.4128997524415,2.402129888667592,0.18082845094974268,43.67461487746776,0
2025-01-18,73.75654436908226,2.0963993537754275,0.7638935943313055,48.38446687094416,0
2025-01-18,83.03672788009996,2.415650787260633,0.17599033903984068,41.480007163158795,1
2025-01-18,77.45487475819125,2.6516011442942045,0.4136480342423351,44.16522545390781,0
2025-01-18,78.6743889302491,2.658351804974676,0.1434094298347145,31.15647293066229,1
2025-01-18,78.31440634333707,1.9300989157423356,0.8490891575065923,69.26206951668883,1
2025-01-18,80.86736928742663,2.4615209558548505,0.05854864548209006,54.99199688290993,0
2025-01-18,,2.084997766908517,0.8843535339733302,50.02822361975541,0
2025-01-18,68.51584026022077,2.770518609142082,0.4615693132724475,45.34861398001307,0
2025-01-18,76.99843975876321,2.7352439249060496,0.10345645117465523,51.57498235296111,0
2025-01-18,71.74321553104086,2.2305918321026623,0.39048167939156025,45.20423994863216,0
2025-01-18,72.35691659125122,2.27018643927988,0.16599035511549282,44.39631709974693,0
2025-01-18,77.93182009377547,2.3616198848505077,0.19538727342334394,48.55786166888053,0
2025-01-18,81.19141535716818,1.8241619815805983,0.21656825843253166,41.03932134684763,1
2025-01-18,75.1063578836803,2.600790452032173,0.03270638330797551,37.20199599867142,1
2025-01-18,76.54416506299482,2.4181466360979607,2.1329824295962836,52.26423592721174,0
2025-01-18,83.5110747231762,2.791052524770358,0.01602127558447292,63.710617446012044,1
2025-01-18,76.20376589744284,2.1704772346112344,0.543090252036647,36.113127109035695,1
2025-01-18,88.00841557090197,2.3142631155250206,0.23199300395684588,31.309373624168746,1
2025-01-18,77.82754822815772,2.0480424225882654,0.5192437183709089,39.87246980616145,1
2025-01-18,66.19618620422091,2.198712830951724,0.2202210566787589,69.18882573815243,1
2025-01-18,78.76670810552267,2.1454054011795343,0.5600466506086305,63.15032294973357,1
2025-01-18,76.90579192441389,2.7987921036539336,0.6532529372820298,53.83464214114386,0
2025-01-18,81.44876377041373,2.290521445374582,0.5864836416948925,67.16995660972543,1
2025-01-18,78.36590675634979,2.537252705423384,0.06049770943335147,,0
2025-01-18,74.30772008008113,2.3857709788414585,0.5348568055110441,69.33122410300696,1
2025-01-18,68.87850881855317,2.119160420196156,0.16424338734834174,41.85208180477136,0
2025-01-18,73.95488371356987,2.449509873048507,0.014612134945072602,39.612229980637565,1
2025-01-18,70.7473977289535,2.6797309995590783,0.2679270119351547,55.52192804588044,0
2025-01-18,72.09738275097638,2.137672182236994,0.2841771437792334,45.126158718014416,0
2025-01-18,77.94289202210305,2.7427338372194137,0.31478030621086156,55.054621679050314,0
2025-01-18,83.34952252175704,2.245083723556691,0.6100920253431413,42.19982073210743,1
2025-01-18,76.9733576491149,2.3551048221781476,0.18469472239173124,54.716730273519644,0
2025-01-18,69.02058468982408,2.659204936903014,0.18937301638609694,41.029850423401456,0
2025-01-18,77.22301334110071,2.3009691528341536,0.0312315415036887,32.0388827527556,1
2025-01-18,80.98315743322826,2.5112724578007595,0.580490528299456,66.48543607692733,1
2025-01-18,71.95108547840309,2.405592751363572,0.4194636027706973,65.32820807493849,1
2025-01-18,74.3299141666354,2.5388104020111455,0.21494943248563492,68.83192597090688,1
2025-01-18,75.07344097364599,1.7857782683429508,0.6107103672089201,58.66108704885619,1
2025-01-18,71.0755084345888,1.9510954554375752,0.3854006000400974,57.30884710941212,0
2025-01-18,78.2414021692193,2.6847901018140514,0.3167273279130964,52.36012280299323,0
2025-01-18,74.3952592569611,2.811154421694715,0.35802834915725706,35.037696654100905,1
2025-01-18,77.09766221953514,2.2268539889405434,0.505779128536303,37.569412437970804,1
2025-01-18,70.5625391109895,2.4267914943486595,0.5394086609573998,41.578787546901445,0
2025-01-18,72.81270849838295,2.5884157758706903,0.17051176241777488,65.60625450293577,1
2025-01-18,78.61190678913886,2.707965280497611,0.07584381977959283,36.918780984123,1
2025-01-18,73.13583423954117,1.8916968184987455,0.08517723317156073,66.91492697951563,1
2025-01-18,83.63481925616702,2.234187925906487,0.509980346860451,50.91142932205669,1
2025-01-18,73.00181907192699,2.4002261860450376,1.031285470039976,58.62278541892289,0
2025-01-18,76.12342362875943,2.7109420591708147,0.263389670408414,34.40977946722266,1
2025-01-18,79.66295415936546,3.2495291451164485,0.09287581257677281,40.761341951036435,1
2025-01-18,67.90817133533484,2.4315982819570845,0.7065296813151689,68.34074432725706,1
2025-01-18,66.19595594009613,2.0779067613688036,0.8933545452022233,40.64599787718925,0
2025-01-18,67.37171842714953,2.6206804231603895,1.0625645231476806,41.860868815645844,0
2025-01-18,81.31292051713591,2.896298736862213,0.46675841250852285,37.90389539364318,1
2025-01-18,72.24070927053776,2.5324042362938504,0.9856652199744205,35.16294661227318,1
2025-01-18,87.79099642834126,2.2280054364537123,0.007767502092494085,39.330305658159915,1
2025-01-18,72.17876200671306,2.7873981824440057,0.05671639435372024,55.69307567803194,0
2025-01-18,75.92275651598518,2.6990636855495307,0.04857276839967244,48.21470934014254,0
2025-01-18,82.71054976283938,2.1921757467413125,0.6234483020995512,52.150233453515945,0
2025-01-18,85.03046444079561,2.614427685260303,0.03606054940147458,34.89459315064097,1
2025-01-18,85.30751788318199,2.799179670297662,0.3429511168079731,62.084657886516005,1
2025-01-18,81.04183115296571,2.854567012767668,0.3199993577375699,61.36378802319392,1
2025-01-18,80.12031262905731,2.480065307407163,0.18604190044780922,30.863596445707017,1
2025-01-18,77.96263474600592,2.3925761661462044,1.0216711936940994,,0
2025-01-19,78.89180538083319,2.868182146624379,0.09342582221012691,32.75082407884591,1
2025-01-19,72.24407141835734,2.1369518491057344,0.21728950561441335,61.684231176598324,1
2025-01-19,70.90900558288847,2.6315737872763014,0.7439897087204884,59.49078732502818,0
2025-01-19,74.98312771294523,2.0889920117906713,0.01544733897569499,66.07952377172624,1
2025-01-19,74.14907688737536,2.8196128816778807,0.5588217191917744,39.45615835812458,1
2025-01-19,72.73385975336362,2.4225863453166516,0.8474917086104238,48.251835325111955,0
2025-01-19,78.48193723728357,2.8805749706942407,1.3460970788886337,37.37951508657591,1
2025-01-19,79.77652604285255,2.647423826906658,1.0449344207178932,44.84939737896478,0
2025-01-19,75.44203443145923,2.133033930981421,0.19237859009079475,50.88973006267536,0
2025-01-19,82.3876504052763,2.927388319623173,0.44138463030851055,32.133231593543556,1
2025-01-19,69.29155442933248,2.9653735799283187,0.04022203622797178,58.59481642709541,0
2025-01-19,74.03170270360141,2.7646859477797645,0.14911542689268645,51.73173441484301,0
2025-01-19,71.41588839698598,2.271523640489134,0.049480727111706,,1
2025-01-19,65.6673169146347,2.4081958136927772,0.1893049471940586,40.87122004764789,0
2025-01-19,74.5865965707865,2.543628165221728,1.0404701860174546,66.13284421077017,1
2025-01-19,74.39126245808359,2.28888688020057,0.21321683977740036,69.94777012121773,1
2025-01-19,,3.0077039717389615,0.4126518770566425,66.77193753510697,1
2025-01-19,78.15405842277389,2.543297941517811,0.2840339453680581,61.115699033326166,1
2025-01-19,69.87906587835397,1.688995585867793,0.3070908565726125,62.49475211495123,1
2025-01-19,84.27046283167094,2.601806743826866,1.7461968727146941,52.94976970178346,0
2025-01-19,81.10516847762676,2.395552780954806,0.17559818102332264,37.60615451650442,1
2025-01-19,77.91048851734308,2.477522033164466,0.4935235646982564,57.08162740590869,1
2025-01-19,73.86757950575084,2.38941419026429,0.2724176161393242,58.510120082397265,0
2025-01-19,70.2028038163826,2.7421139249820063,0.0315477446299656,69.41540561071622,1
2025-01-19,73.13896611964473,2.8359063335660144,0.3360166592267778,51.65205265025287,0
2025-01-19,80.44374309852093,2.584915948677596,0.8392421669053794,40.854760601002255,1
2025-01-19,84.42293152967304,2.3982066438585523,0.051987942174333904,57.34690086958027,1
2025-01-19,82.71621764136094,2.4875988385572487,0.03606595767217483,69.17503278665818,1
2025-01-19,72.55575289106864,2.5058798849732886,0.08340022955589857,37.08855633076376,1
2025-01-19,69.40191283355495,2.259270988040549,0.7228101499973706,43.03991674142411,0
2025-01-19,,2.6736785945713706,0.6436688446457827,51.67523815090724,0
2025-01-19,66.15780317218574,2.63801269715814,0.41622504839389096,36.80858539528019,1
2025-01-19,76.61583857092391,2.962132371933002,0.31576872591223987,30.888825580797533,1
2025-01-19,74.26198706850666,2.8766049340865423,1.0960848535352583,43.479324897650024,0
2025-01-19,72.66981749065879,2.294297524722961,0.7277103861188934,64.61483206004232,1
2025-01-19,67.02648466366603,2.7460895123526896,0.8355030946969356,31.738735972948593,1
2025-01-19,77.56800053284859,2.2147139850716586,0.8390251639125068,47.1571623606767,0
2025-01-19,72.33649580169045,2.708779630282255,0.5146137636338024,60.4880309170433,1
2025-01-19,69.15041582144856,2.345015740371968,0.3062581300196283,68.1273038764354,1
2025-01-19,60.63868893359175,2.1930240329873247,1.00004816353065,69.41901596017729,1
2025-01-19,74.86242547474681,2.5840136028092213,1.3018952143419427,46.87877522434967,0
2025-01-19,83.86125798334872,1.6976298615537577,0.012046993071371833,68.0153717751647,1
2025-01-19,83.30629607273934,1.9747073276784317,0.026465671979915343,31.41675893123455,1
2025-01-19,72.71451871706864,2.446752434867715,1.5939708401068056,59.83667751994225,1
2025-01-19,71.9889396981911,2.5247325299904526,0.16228411533212378,55.70984138534452,0
2025-01-19,77.34387128037513,2.3892043689525435,1.033240702714041,39.98087430344609,1
2025-01-19,70.00807280405854,2.0261691103847204,0.2461615275846223,50.29274002718596,0
2025-01-19,76.50895949909733,2.2546324473584485,0.0634056161323407,35.182149510419826,1
2025-01-19,78.83040139192344,2.617362798171218,0.041931732185353635,64.86388603806245,1
2025-01-19,81.13466611942154,2.6745345311885087,0.08510237084390336,44.315923421825914,0
2025-01-19,74.49922961760024,2.4951330647212178,0.1437698378735796,55.041778818628664,0
2025-01-19,73.98163124911517,2.8470501343110968,0.33522178839848027,36.35105145149049,1
2025-01-19,70.61008706621719,2.6192191070377704,0.6044891564468783,38.24659378524829,1
2025-01-19,70.8655982298007,2.2757633038125364,2.14879041075957,69.67825483212609,1
2025-01-19,73.86760554049236,2.4158493839765147,0.291256367237229,60.12345577765317,1
2025-01-19,76.8368275340809,2.0791401528376436,0.36509746818482874,68.47887479096283,1
2025-01-19,79.56792313116625,2.467558302882575,0.36887952942043856,41.83404660848176,1
2025-01-19,70.98410524659828,2.8336301857664017,0.38764994146566895,36.582515064792815,1
2025-01-19,82.46344284479761,2.7055870254132905,0.3646366269158928,50.12273853915324,0
2025-01-19,73.64438199478715,2.9206027977757367,0.004406739962836878,49.78673128909374,0
2025-01-19,74.89316352825782,2.409134426860302,0.0008631556640834152,36.997860550319515,1
2025-01-19,71.26394160426088,2.9038299383542774,0.05138544588508964,59.32878278325641,0
2025-01-19,62.87879869863529,2.442008732065609,0.0535457862191039,44.47110137754936,0
2025-01-19,79.42022698180524,2.941475524770968,0.6102152612597336,37.454609237220694,1
2025-01-19,78.68421948546217,2.493442975767363,0.11465377521420976,43.27933578173153,0
2025-01-19,73.59336221440893,2.712169412141283,1.12553790855525,52.54634798540061,0
2025-01-19,75.33495358612436,2.942533709292957,1.3197730315521445,59.05883728721773,1
2025-01-19,77.57969608852049,2.4419717114256385,1.8626335204160267,49.27563544229938,0
2025-01-19,67.18727071556728,2.565516696263252,1.3991075854332302,51.02379959313494,0
2025-01-19,72.35473661326853,2.886659027561891,0.15865041929628224,35.557837437709935,1
2025-01-19,78.97132339810913,2.460099050820981,0.3564472862883933,66.58763698832928,1
2025-01-19,68.72855288415376,2.1037323152481515,0.09646176189726985,67.14896791968178,1
2025-01-19,76.46778966083315,3.142902116375473,0.8204892005288679,57.337063616720144,0
2025-01-19,68.21709097688297,2.359070660698859,1.09655918283559,30.705256357360987,1
2025-01-19,77.33214991216764,2.5476268152812627,0.9528746865856133,51.482968636133045,0
2025-01-19,74.82179258851258,2.8468020008353383,0.2840216802976108,55.16875888354454,0
2025-01-19,66.92434092047245,2.3174518288806394,0.7108030423174684,69.7861689183244,1
2025-01-19,80.82369677228586,2.197639626033361,0.05133715757256438,69.84267820779188,1
2025-01-19,71.32704211600975,2.57612118903245,0.020538498212765165,64.3044494130223,1
2025-01-19,70.9487378149281,1.962077080626283,0.6996622718292096,32.553239681044545,1
2025-01-19,76.00284598615471,2.413628176939624,0.2770016487709192,68.1310556311492,1
2025-01-19,80.74318674714358,2.573511599294622,2.7073429846946846,54.50644988607996,0
2025-01-19,69.92089090510801,2.419014430952451,0.051157144424955406,62.03547081916718,1
2025-01-19,75.30839924923986,2.0369647170442757,0.9676798856413915,46.287713987434145,0
2025-01-20,77.14408250165286,2.9782533868612036,0.3269469508232668,42.786778849383595,0
2025-01-20,78.46552803631572,2.5310614461847525,0.877666121838023,48.52976581935232,0
2025-01-20,75.88220777638612,2.9293456353285223,0.8494824495595027,35.87498051875308,1
2025-01-20,73.16486080458338,2.4219891249458665,1.2384216313960539,44.282645550132244,0
2025-01-20,70.8620488967564,2.235996405492771,0.17680411932079143,64.30469999073114,1
2025-01-20,75.43071941523188,2.580754276076548,1.4958636865622117,31.51801945043526,1
2025-01-20,69.63930494007197,2.435263862101534,0.08224099243163566,36.03512187298418,1
2025-01-20,60.39324758252696,2.1466715626025925,0.042761938801976,35.00464638597942,1
2025-01-20,77.18279902078834,2.9409352776362487,0.2824785916119725,46.12302170800912,0
2025-01-20,79.51967420543097,2.3133189331318014,0.8810701459827418,69.87947603563447,1
2025-01-20,63.185337822290805,1.9479200845613296,0.3206770796301183,36.934317208455305,1
2025-01-20,69.95134647645031,2.8984498161872,0.8838848030629579,35.81930598397041,1
2025-01-20,78.09577130502599,2.348710595256213,0.6540870068497203,66.60222919104618,1
2025-01-20,85.2874773485585,2.317652832215313,0.11749951665814527,65.28202067863863,1
2025-01-20,75.10396853837705,1.9703837238910078,1.4868056277006472,31.28961479986218,1
2025-01-20,71.35998529385432,3.0222824459790973,0.03135338983606772,60.0682384071726,0
2025-01-20,74.0855177944758,2.1131558238370935,1.1427642316610978,56.21862805905718,0
2025-01-20,81.87438209574093,2.517534844211695,0.18152148053061865,60.70963239410836,1
2025-01-20,71.77017910437732,2.773786096762132,0.34672169537732617,49.780098191836885,0
2025-01-20,71.00403996674873,2.626515079900929,0.2743951859940697,69.65516873793182,1
2025-01-20,72.58628238908983,2.4821037064023423,0.0942711670347589,31.753880748438526,1
2025-01-20,70.23335695870644,1.989500242513775,0.22169788266409296,39.37486345615223,0
2025-01-20,75.61335157997398,2.257082549269815,0.10717518513055001,45.8618394789446,0
2025-01-20,83.1233922923478,2.5563401014127565,0.11400674226932879,47.99111766262813,0
2025-01-20,76.61539636558014,2.263847779003901,0.10354704044480662,66.85469610798074,1
2025-01-20,73.73823248936856,2.56100783799963,0.3357098508884089,52.40017456309035,0
2025-01-20,73.54094365542228,2.7045230226445427,0.799573937246226,31.804439820815755,1
2025-01-20,67.18404595651671,2.7887508657400306,0.4207888320295979,46.31451853702647,0
2025-01-20,79.41554888573579,2.132146192656195,1.1184295224549685,46.659616494762794,0
2025-01-20,74.610814014936,3.158993816493686,0.506049189490407,68.6196375375114,1
2025-01-20,74.09760043204687,2.730243803366239,0.5845282923191935,53.96788364084433,0
2025-01-20,90.96553783922431,2.4994857538992807,0.5507189831593087,55.426042846357554,1
2025-01-20,76.49376454182843,2.826860974922992,0.2984270993716506,58.53012125005083,0
2025-01-20,71.24104474952408,3.209622331599992,0.5845262105733773,60.801572627284926,1
2025-01-20,72.86821201897229,2.068383969682939,0.036128245546364554,55.402042808099566,0
2025-01-20,80.74222854598378,2.432421207252594,0.9825262519285972,39.48777404535742,1
2025-01-20,75.56635205268883,1.7864705020380016,0.752116027116375,64.96183657364656,1
2025-01-20,67.80861010841316,2.5577954597944075,0.1406710782832324,59.28479201642521,0
2025-01-20,79.59614467287602,2.609618272577542,0.7305789030637134,59.67481940387823,1
2025-01-20,71.65927957230502,2.488251365367172,0.006361599557755638,69.86226956938997,1
2025-01-20,84.36648888108773,2.303639928700507,0.1224687699840324,62.101061394532636,1
2025-01-20,80.40024032857325,1.8851456451435025,0.033677769896875556,63.16605612620613,1
2025-01-20,72.76339052170624,2.612060105023531,0.7575798520507308,68.05622062840634,1
2025-01-20,81.40508180867556,2.9366303451745974,0.7050357063977425,36.045359993955756,1
2025-01-20,75.33927755263701,2.32269446327997,0.8400268280736721,49.90909505912271,0
2025-01-20,79.2638683756111,2.6320179787069433,0.002245883110038664,53.2226809436315,0
2025-01-20,77.42366408647237,2.029556705973985,0.3478078390757653,43.17102916889831,1
2025-01-20,70.76821672504563,2.637163919107754,0.6101124070452429,63.57613375578022,1
2025-01-20,71.7822508384127,2.381985310676603,0.08444673645081405,60.496784865828936,1
2025-01-20,80.1498040879058,2.271274614819126,0.5246121908949751,58.83532298032496,1
2025-01-20,73.3261233394673,2.2718909076351608,0.043929558642513584,69.88597759032668,1
2025-01-20,72.98175768379002,2.381916525390097,0.10003457250092644,40.37525493633562,1
2025-01-20,70.22438710325324,2.6147299947077607,0.32293795608788534,59.418290067016855,0
2025-01-20,77.11799532796731,2.1063510396413445,0.5300302544289412,52.05617899623603,0
2025-01-20,85.31262459621573,2.380865400529644,0.0788354249040616,42.519567299755046,1
2025-01-20,69.66233542872864,2.4875584666002557,0.10242061442628561,36.42347482892503,1
2025-01-20,75.1210972833638,2.1702882326404422,0.1143585065346172,65.83535348270189,1
2025-01-20,82.06110277707715,3.0389995605025053,0.13636441883846842,53.818219308313815,0
2025-01-20,74.60179304377142,2.2439513559815976,0.12844961405190106,62.997353505631786,1
2025-01-20,77.26185898124866,2.299168925909953,0.2513866558271527,51.81379936006179,0
2025-01-20,69.6880323592656,2.2065076150532508,0.5303543715449226,38.79908322616078,1
2025-01-20,77.14153548603824,3.039544026141435,0.28815499215385754,43.50195252401301,0
2025-01-20,74.06427867497726,2.6658715685798446,0.7479963775575416,45.26155369894186,0
2025-01-20,79.92864997839932,2.2190223981269073,0.6351783018243776,68.9173925001481,1
2025-01-20,80.93693025782376,2.8318694676579907,0.06763898080803032,30.2253311352553,1
2025-01-20,87.94781821009306,2.5602096082866637,0.025037346655317545,69.42664092098028,1
2025-01-20,77.89816586606788,2.5771760263334507,1.0516276826575632,69.21846540439323,1
2025-01-20,76.62898158291084,2.3966568373742643,0.0415990012472607,69.84603162120547,1
2025-01-20,75.97192150788668,2.275175203912908,0.08028346542586091,49.06352715678538,0
2025-01-20,73.23416853594655,2.6013298297163803,0.01119094590510753,68.55235878483998,1
2025-01-20,76.69241921730845,2.336473831001323,0.4948830207717638,45.82396727399309,0
2025-01-20,73.52299294930485,3.0450266888725315,0.43658037718842607,31.05177762673547,1
2025-01-20,75.84230488134807,2.119212668427069,2.1677114842513836,38.97388745487058,1
2025-01-20,81.5879876780398,2.9608470318564835,1.0898846882388378,67.81184979749538,1
2025-01-20,69.96728717360179,2.46660434536066,0.2645314393073563,30.550587733416,1
2025-01-20,80.69939280564523,2.589725720206332,0.2322779204442316,51.839765416919,0
2025-01-20,81.58557533669932,2.74994732998883,0.17609396588270035,33.024063555787166,1
2025-01-20,74.40965736504461,2.310925211498669,0.08267730844721152,41.45586313710314,0
2025-01-20,64.39072550495703,2.759274515409591,0.07429853122516407,33.52371402847547,1
2025-01-20,71.96089006452783,1.687736843385647,0.07094523514767545,64.38114484452225,1
2025-01-20,81.48497273280555,2.2840031400334184,0.06058392977501536,53.64282838590823,0
2025-01-20,74.88565968850558,2.2227811577976806,0.1375554063869193,66.08425862873251,1
2025-01-20,,2.1239481962884716,0.18312361357063658,57.53412798160913,0
2025-01-21,72.47612539385891,2.435513548576315,1.6295751700438512,68.84116524980399,1
2025-01-21,79.20310013252276,2.6157249904545083,0.4319360210555403,50.395106190416264,0
2025-01-21,77.73366784100689,2.7107979995497917,2.194859049680192,55.54842327051498,0
2025-01-21,73.80533950415153,2.572263027160122,0.23297946828779448,53.052352795562264,0
2025-01-21,73.16587794092656,2.300291960531936,0.30590032247158816,49.37041717786451,0
2025-01-21,73.0412092547809,2.6107049313475503,0.19620928710137925,63.838374616920504,1
2025-01-21,70.38794907750749,2.537285708455255,0.10098933968691975,55.78100542681441,0
2025-01-21,83.07687844734721,2.780816850380805,0.07725478498056391,62.05249059421891,1
2025-01-21,73.3883976539433,2.733081010879455,1.4509315458154957,61.45455746409653,1
2025-01-21,81.08579260412748,2.5091429241761887,2.1641740020846694,,1
2025-01-21,82.60658025961226,2.230824098151623,0.02297458746896544,56.00654130070575,1
2025-01-21,79.9915544907398,2.3041149532503757,0.08146296187892048,37.98592076725336,1
2025-01-21,72.84189843640976,2.33506319210859,0.2754108653905905,53.33281912975083,0
2025-01-21,77.01865045168304,2.405420099825123,0.10310233650927826,57.09738737785202,0
2025-01-21,74.87902196804542,2.580415128276926,0.22618433649402692,69.88940286350348,1
2025-01-21,70.48149069634935,2.7145523170384176,0.06911196403216975,31.221679125989535,1
2025-01-21,76.62179640860802,2.484664392095387,0.30487360207883557,33.64969576454884,1
2025-01-21,69.10480104420098,2.5048374363701416,0.15851741772999106,33.08106785484926,1
2025-01-21,80.93839694230782,2.542991891500001,0.2168590372358756,45.9344514506696,0
2025-01-21,72.67691351350804,2.345228406060298,0.04953056120555845,62.86353445943255,1
2025-01-21,76.0057982793642,2.222382322707113,0.2794200887708457,63.76225331148542,1
2025-01-21,76.41643935773071,1.973368630806787,2.0449057548704594,59.47918382884607,1
2025-01-21,73.70547513147962,2.2914551925769384,0.1993686802807482,65.8751296731979,1
2025-01-21,77.93346900737637,2.641943635980336,1.0454708067441496,42.9143977667781,0
2025-01-21,72.62548171688738,2.28912656858813,0.9263893483710355,33.52618577009196,1
2025-01-21,79.35648648728622,2.428657888772218,1.5188860285684969,32.326121119594006,1
2025-01-21,68.27010159876626,2.639929386223695,0.780584685636231,,1
2025-01-21,75.63189789773206,2.6562068489268005,0.5388122805562691,59.21745177414765,0
2025-01-21,84.69464499529143,2.1761401443501884,0.9710044392546392,57.94461224044483,1
2025-01-21,69.99834337697213,2.7991178069360925,0.0393293682578526,43.587053541826755,0
2025-01-21,71.61127514737574,2.8382050268066457,0.3107209422313274,45.19620754472905,0
2025-01-21,77.56953924829457,2.161045042834432,2.266715014576645,68.32454115597277,1
2025-01-21,75.89790890969799,2.2528489391076536,0.7339695034108904,32.5521897639174,1
2025-01-21,76.7531504963678,2.8573272049438576,1.6360773609094628,60.949269477511706,1
2025-01-21,77.44593565073832,2.4559439436234096,0.7562335473387318,42.38533294833572,0
2025-01-21,78.17360734280885,1.8340666157644447,1.039248863375228,31.562184736502243,1
2025-01-21,80.54849920978111,2.080095548580194,0.6129893033308563,59.70280442969824,1
2025-01-21,,2.4251891124482556,0.7146051156702339,43.236475427134984,0
2025-01-21,73.79371172690729,2.1510872049146195,0.37030602199572243,58.885900749711865,0
2025-01-21,78.36286850601365,2.3759728688090678,1.2900772411412569,58.306175324724805,1
2025-01-21,84.49940967447607,2.5097188641050736,0.8715958381002311,,0
2025-01-21,74.33683126808714,2.938676381210419,0.9285810719494036,61.09492516842195,1
2025-01-21,70.12735347664679,2.412863825131663,0.5589114700817419,53.24153296684974,0
2025-01-21,80.53540334643486,2.821762539871828,0.18161961165441198,41.465474113930426,1
2025-01-21,74.39809418023201,2.928628048611031,0.018140014206918163,59.36461204257676,1
2025-01-21,64.13665226992983,2.9302929008056227,1.3717490296105668,53.56559263510894,0
2025-01-21,79.23710838575211,2.5854263780156703,0.44109002250768914,30.509091267596823,1
2025-01-21,72.32335907023038,1.9110132556483077,0.17701277915127941,66.06576711081237,1
2025-01-21,74.54733358847919,2.6382474596211596,0.08075096332058543,51.82574473297254,0
2025-01-21,76.65990165284508,2.8145199663440623,0.8845779297645403,64.74509061918127,1
2025-01-21,,2.475679868369375,0.9055329048570457,65.30947355928978,1
2025-01-21,78.5472590856952,3.0233751610225745,0.842371676369403,47.79866626940354,0
2025-01-21,72.82256814715079,2.757950068440237,0.5179352258790136,50.30639985804924,0
2025-01-21,77.56552899088041,2.6704820131458353,0.22786529774454733,46.63017550702408,0
2025-01-21,73.70226661208041,2.8259142133617514,0.18125330381330612,47.97747101232182,0
2025-01-21,78.69405240443751,2.6000109553782633,0.004295786101646026,65.80588635886912,1
2025-01-21,78.07683742006526,1.752156850181394,0.8967030882179516,,1
2025-01-21,70.32280648977702,2.3502583145588902,0.045746720036996216,35.06102705262312,1
2025-01-21,80.42991058087516,2.859150408174356,0.498147446658843,54.41231126160383,0
2025-01-21,72.32018277442975,2.257722597970511,0.3506652330872603,,1
2025-01-21,79.04028899140573,2.432958248428918,0.3740016797989327,53.82202804929943,0
2025-01-21,76.8364365670067,2.1865491058290787,1.3066849641950358,61.43486502372422,1
2025-01-21,84.19091838397561,3.035176778560531,0.016062777572287492,60.76245893524684,1
2025-01-21,73.88267008814074,3.0044477372254046,0.7422673088882201,44.01270103489314,0
2025-01-21,73.25341601940902,2.2348393314577812,0.026728025397025925,44.873972108158355,0
2025-01-21,74.90290197056133,2.5441894001167253,0.01945025729755193,58.96305687161613,1
2025-01-21,73.48410108582863,2.2958517856707856,0.2808995707327099,49.999341264193404,0
2025-01-21,78.99970950971026,2.6844833917094135,0.03257611435835688,52.82282836521552,0
2025-01-21,66.91844695781705,2.6529049231726987,0.7782898059745108,58.5162316145935,0
2025-01-21,69.73158790426822,2.74351167148398,0.3770467140475518,61.10300108156201,1
2025-01-21,69.66098539210404,2.599575534312366,0.014734376217858773,40.86066310932286,0
2025-01-21,79.75153795986787,3.3806218619165405,0.020671839496302788,35.87175037747852,1
2025-01-21,83.55306686290963,2.1916228704967784,0.4742372201243071,41.67178586894901,1
2025-01-21,74.47775390731265,1.9868189936690457,0.8202368328859662,50.30153300368302,0
2025-01-21,,2.3820729397895617,0.2879483933880518,43.685652691881565,0
2025-01-21,75.3502608155659,2.02960352033192,0.40436956467822116,52.73451035390375,0
2025-01-21,80.80939151304095,2.052261318998202,0.8042927730255336,32.138628965025134,1
2025-01-21,70.36323432904713,2.19960560374061,0.47145363249773725,50.39001646455069,0
2025-01-21,,2.223343328370512,0.1272914633556216,44.71939627750832,0
2025-01-21,79.87598814891214,2.213614569414982,0.47473251438032354,51.3866701957153,0
2025-01-21,77.50547084969922,2.6554656851336236,0.4948064705364798,46.90133419539907,0
2025-01-21,75.94790808299372,2.3481432816743992,0.6623306174308266,41.3690340255017,1
2025-01-21,,2.446145627538256,0.4849435850164312,66.16431621830543,1
2025-01-22,61.48383853500381,2.7682698323502803,1.740804698703879,37.390599536854275,1
2025-01-22,,2.2701032425655723,0.10987983450185265,57.254623023222386,0
2025-01-22,71.72962158436287,2.4206362303885833,1.508893649381632,66.98578850329656,1
2025-01-22,65.84683551571771,2.6097279958278747,0.386462742807985,51.546798387417326,0
2025-01-22,77.5560129976249,1.9175296598139335,0.5573039807670658,65.05633954317928,1
2025-01-22,81.86829272581478,1.7845283473148252,0.052381234734990054,34.99405913733138,1
2025-01-22,74.31275742686154,2.6038351986393167,0.2394825851898215,49.751550810256326,0
2025-01-22,79.76437273601469,2.6476042841700695,0.7334901217965415,48.28101121923758,0
2025-01-22,83.06139128994323,3.1192660404557233,0.6136395066697942,30.324752281479796,1
2025-01-22,81.57457226792023,2.5474284627600428,0.020483600533925606,47.73029365437338,0
2025-01-22,83.19982264685696,2.7459219151774286,0.39548394439958356,44.761190255303916,0
2025-01-22,78.71063745535946,2.4413582069242077,0.04621018579518338,56.79194911098462,0
2025-01-22,75.37716819450796,2.5891681664755257,2.743098672773579,67.53319114306075,1
2025-01-22,66.99017094051416,3.0001770525248603,1.1379549724062565,33.43164353048146,1
2025-01-22,73.76968755935026,1.8628021545623095,0.010653015238863037,43.09905546858492,0
2025-01-22,70.78376702341905,2.624084877271504,0.9782566078678839,47.76258949577007,0
2025-01-22,85.85471358748907,3.1406760190232097,1.2593119747545016,48.207415121375334,1
2025-01-22,74.12057093783832,2.584610265762803,0.2181283368754526,60.99238883369015,1
2025-01-22,75.61602403392243,2.995171888969854,0.6355937271926673,47.73582663333763,0
2025-01-22,,2.311236355141167,0.2917911294952936,31.086452058146136,1
2025-01-22,75.21801223186228,2.490385751750886,0.5324424787196634,58.40416378371325,0
2025-01-22,83.47525520215376,2.510057410716576,0.20799823762099184,65.39318780582687,1
2025-01-22,71.88675319132774,1.8347226761923687,0.19471658209795714,50.55618850198692,0
2025-01-22,75.97303727618622,2.1495466516449397,0.27620059070513053,53.24434086794022,0
2025-01-22,71.28764707150975,2.1709374761848044,0.07865903791432648,36.51745755876184,1
2025-01-22,68.39988744389647,2.746619823409758,0.8893395885389869,38.82583778715828,0
2025-01-22,,2.7616459317052167,0.21439084099635625,39.40680956498447,1
2025-01-22,74.81481601475794,2.59721093281196,0.25553745567264974,,0
2025-01-22,72.8534888774137,2.7472308690567115,1.1224157659048355,67.12580883582568,1
2025-01-22,71.53789510063072,2.450755176183468,0.34320875192122,50.87139066859544,0
2025-01-22,67.96841268164083,2.860579500861863,0.3929097216503877,37.68390580805411,1
2025-01-22,74.58447213685653,2.5026365327896216,1.567475616622099,40.64350943475799,1
2025-01-22,67.476398129845,2.5173592142280268,1.088974499504398,45.36060118908737,0
2025-01-22,78.80027981844802,2.4203222100212765,0.09284363255359855,54.93035902771198,0
2025-01-22,75.41219876467251,2.7053351432909283,0.3204814200581337,47.601326120160216,0
2025-01-22,67.71224250267535,2.3736403550161262,1.7753633581862105,45.697793767076995,0
2025-01-22,73.45395461475069,2.7929294131594204,0.23289928006023833,52.58914401595979,0
2025-01-22,71.23921797204709,2.160355257785198,0.23226778996963454,39.67339979817862,1
2025-01-22,76.5958725520959,2.170325123581542,0.10847527864318203,33.156130903383286,1
2025-01-22,81.70225223011572,2.7062280265379512,0.06070154175708056,30.976572592888886,1
2025-01-22,65.62413765177128,2.4734367356250964,0.6741233038767219,40.05036653868508,0
2025-01-22,75.57513039573709,2.3638325751540616,0.7349042257247513,33.66368136577875,1
2025-01-22,74.1993360221668,2.7670173197426378,1.7370931697368592,43.45362554083067,0
2025-01-22,78.35670038225233,2.3178215757741745,0.7423246497421513,60.917341614390224,1
2025-01-22,76.06598314118844,2.439939623709889,0.13942889000339126,58.65177321947353,0
2025-01-22,,2.9197683850213476,0.0204717188056862,54.43710491152115,0
2025-01-22,73.4047303216669,2.961742703743195,2.114648803703449,64.10000975517914,1
2025-01-22,71.01987071598255,2.971719463081098,0.2080992746303697,41.28270498177107,0
2025-01-22,80.38003569299299,2.4153622669198267,0.1869625395803168,65.40215012119863,1
2025-01-22,75.10655824335971,2.869210871495341,1.1819920590852824,45.96956678676717,0
2025-01-22,84.50595342876504,2.215314151669397,0.43985875355725457,46.03573273066506,0
2025-01-22,74.6966959309269,2.2279291375833816,0.12095373245896728,46.21406454502086,0
2025-01-22,71.45796616544769,1.7948632442126917,1.0995462526370123,33.923774649639256,1
2025-01-22,67.43142803693587,3.001860460569559,2.507386048545256,69.01961993324223,1
2025-01-22,65.98430161872028,2.2408060452771763,0.04533369575538838,35.54027111300637,1
2025-01-22,67.07932028497255,2.462040226075882,0.9911633258633449,43.63542897876738,0
2025-01-22,76.33563325505742,2.2269026974215147,0.2475710427059957,42.77201281307028,0
2025-01-22,77.54362511614967,2.708549574499042,0.3712448174387936,32.987177312668386,1
2025-01-22,67.09404648983933,2.387309901784798,1.2314706858537603,36.09040520447507,1
2025-01-22,79.47519157038057,2.108554932870115,1.8130311275843198,31.794333447415433,1
2025-01-22,72.58469474158281,2.632498769255818,0.1520167899373184,41.69617974242054,0
2025-01-22,75.73396505992774,2.0698809925569313,0.11966871547699887,64.66627696115626,1
2025-01-22,83.06110314127712,2.2487782824053526,0.041971621678021105,43.57768822949538,0
2025-01-22,79.48419657932766,1.8679332656121759,0.4125374757362633,34.94767328269517,1
2025-01-22,73.65734676047084,2.0728125663407178,0.006848891597459833,55.82775473535672,0
2025-01-22,70.54403887292357,2.5535587509161433,0.2654276913957605,69.86403648219643,1
2025-01-22,64.24092299335348,1.9106391885691225,0.03810802834506704,39.2929515812771,0
2025-01-22,71.4042334037879,2.0556562826134854,0.25978670628024686,41.182840214822775,1
2025-01-22,73.94434880586152,2.4992893251601576,0.02037568041660786,68.87388217123154,1
2025-01-22,70.06410236424408,2.336917931172084,0.9015637018478659,37.151051502019484,1
2025-01-22,74.34371516453848,3.0976109907877927,0.11769600033371912,50.44856269836656,0
2025-01-22,75.38425941479385,3.050168963807313,0.19897821721232534,39.5860853206438,1
2025-01-22,73.8757200909596,2.239623261174654,1.020295050681965,67.29407591604975,1
2025-01-22,71.7499870958827,2.6671412855210446,0.6857345232599363,69.26084058305176,1
2025-01-22,75.84327335983363,2.724784767063835,0.12361462448430159,62.58791384480062,1
2025-01-22,77.20970324784705,2.320756342592679,0.03730758350091006,42.591352632512425,0
2025-01-22,69.54800461278577,2.051337539050539,0.6288165134982314,46.1394990112202,0
2025-01-22,82.05466189873135,2.496310465207583,0.24772435399813622,39.69222734665686,1
2025-01-22,74.50705933857869,2.4481462975557666,0.7263880493255747,65.63031868035966,1
2025-01-22,75.09424811472424,2.369270650908814,0.2946592138637042,66.58233110752633,1
2025-01-22,78.54107211628279,2.6326950604493455,0.21232580854590022,46.75482648984189,0
2025-01-22,76.1660806563175,2.2747811178983204,0.30001552861672187,56.261322796120076,0
2025-01-22,79.76568316956623,2.154400735726257,0.6902734262099876,36.622127190987754,1
2025-01-22,76.43562082600913,2.5327248911049494,1.1625190761479418,47.39743601453636,0
2025-01-23,71.9378131267978,2.615791027770663,0.025524134093185026,55.2599642669399,0
2025-01-23,76.8075176260305,2.147006516829984,0.3712858912595415,45.41612474072078,0
2025-01-23,69.28136896339669,2.778427183297324,0.01669330545946356,44.3039810274584,0
2025-01-23,75.54279852888261,1.9688556586671766,0.31594095378978104,30.039959690677705,1
2025-01-23,74.8338500467777,2.326565962385307,1.0826427816607105,62.171738551084566,1
2025-01-23,73.9594157136373,2.4225974391407172,0.22438749306370767,65.57350448085793,1
2025-01-23,74.35731244280535,2.309132886204421,1.347446724104809,68.77854118183329,1
2025-01-23,65.5907547725118,2.3304818579346422,0.497949072511251,58.77085540276862,0
2025-01-23,72.25637546129519,3.0613223446924342,1.3602285025402743,51.95169249479538,0
2025-01-23,75.46422450570557,2.2447347732883305,0.7076898860641645,40.771380792348374,1
2025-01-23,75.799281959987,3.2323665167415743,0.05459233512852381,69.97197903853994,1
2025-01-23,69.8616242953702,2.6311380339193153,0.13143058286697984,53.59011418128422,0
2025-01-23,81.3285392043235,2.5276165411935976,0.2505783053347784,57.24616289321785,1
2025-01-23,70.66912575892749,2.6428721060163,0.09322917999601944,57.29624647821271,0
2025-01-23,79.84728600263368,3.2589783247755855,0.34151091248914095,63.81007183028726,1
2025-01-23,77.13597180935842,2.2019220988205657,0.3187315179563388,30.38690155387677,1
2025-01-23,71.76886345078098,2.1638746243190834,1.5647369644540146,38.80987761725487,1
2025-01-23,83.87655446304755,2.2735401410284237,0.2843402720221609,56.62136000680056,1
2025-01-23,69.0318158412176,2.5096429440893684,0.7700184388005658,65.80582947298271,1
2025-01-23,79.59577086805001,1.982268662556228,1.4228855632292083,57.41355127685425,1
2025-01-23,80.0029115902149,2.5067017717955826,1.0477400613213517,46.53965165974721,0
2025-01-23,71.64689895461677,3.0080641400241017,0.1170186014501976,44.46221983481046,0
2025-01-23,81.96232650032164,2.5454222171874332,0.34261916333252024,59.51792033133282,1
2025-01-23,73.74976742700524,2.412194362307417,0.21365584488468617,59.649507885487736,0
2025-01-23,76.44346814639928,2.314551865394912,0.2552950716945151,54.28231970022762,0
2025-01-23,76.30160919385611,2.7695535113654692,0.22377428197264046,41.65868096389348,0
2025-01-23,,2.252250168028586,0.875383269963003,67.00619273562174,1
2025-01-23,79.05404136579891,3.053918776179774,0.3008668872288005,52.07519768474556,0
2025-01-23,78.96744360276107,3.080007924314307,0.3708477358484315,61.619694249933225,1
2025-01-23,66.2573401338091,2.5770252395985365,2.02127537240018,38.57233048647326,1
2025-01-23,81.52170121439076,2.4965454735770063,0.03092667655055761,43.761631544589115,0
2025-01-23,66.68754005982163,2.809197942472468,0.3346739612906345,64.9831806554937,1
2025-01-23,80.16273102170828,2.8284395506681976,0.7437466782882648,32.004281197598736,1
2025-01-23,80.63352568413792,2.258202480682175,0.08194343717052126,50.492612450266485,0
2025-01-23,69.54516784892401,2.3420334600589894,0.4727717185506069,49.26821919376036,0
2025-01-23,72.94592856022707,2.1032957695950114,0.13686642805297336,60.04920755632328,1
2025-01-23,69.47147665757032,2.622719481500217,1.0102246107523087,41.2757508239733,0
2025-01-23,73.92539484855632,2.699988365037067,0.19807902576870015,38.76267287438398,1
2025-01-23,73.4598285790713,2.095022308641618,0.19953988161733865,67.04531355092935,1
2025-01-23,,2.363440328555152,0.4558927957851262,52.86838607833859,0
2025-01-23,81.55154373059804,2.095823824725595,0.10140270780720792,34.18758273134618,1
2025-01-23,81.97841905394978,2.2303600569268487,0.16765849931496973,37.721446488572845,1
2025-01-23,72.18915986710849,2.6653051180678897,0.26946840850210796,69.95304238056993,1
2025-01-23,73.95389063127736,2.279955379996516,0.21819767444662788,37.824359850087696,1
2025-01-23,66.58280903889525,2.4097522131903104,0.37209100997028427,54.41902045414715,0
2025-01-23,70.97064966751906,2.0118064816158054,0.45769574823996784,46.805123159824724,0
2025-01-23,79.8242581654873,2.556097062917399,0.4181249202744009,65.42396379399341,1
2025-01-23,83.07791411774116,2.4867180040466055,0.5309015365618719,60.20674369181311,1
2025-01-23,68.82825564060039,2.2813122249900513,0.18390370931998506,53.878055850472634,0
2025-01-23,72.03767870423553,2.4432957106952577,0.06758134818435331,30.4295592719193,1
2025-01-23,74.86797121520536,2.5540884641510333,0.7152433925622819,65.19180829973838,1
2025-01-23,76.40080579409803,2.255539555327197,0.9511680580735681,47.78669883354865,0
2025-01-23,70.95198240039177,2.0571212367994662,0.14853381110834646,67.26310612074306,1
2025-01-23,77.12030522232045,3.0416723298060444,0.26135798070767824,49.82156051416805,0
2025-01-23,72.63080326464542,2.3100181885869184,0.3451448504866366,57.76897956730902,0
2025-01-23,74.9277386456086,2.470971969043933,0.38106307187852634,32.771705978665686,1
2025-01-23,77.73142124001849,2.803251920506094,0.5386556438468142,,1
2025-01-23,75.03211134905469,3.558716556271145,0.02124671266396916,43.519841252476915,0
2025-01-23,72.81807054736716,2.1266540650333403,0.6391274673960449,44.05436057327123,0
2025-01-23,74.45195098037084,2.634948164117953,0.031987210524992184,34.7462337883756,1
2025-01-23,74.55818520397332,2.287734314411768,0.31582717862069926,35.874285945608094,1
2025-01-23,73.14994485058936,2.3383629086269866,0.8791753126070936,37.43036224824841,1
2025-01-23,73.70601968666449,2.283936393697963,0.300024553081919,43.128246742856895,0
2025-01-23,82.99323585252358,2.1623035096598247,0.08072430934137018,65.67879651102422,1
2025-01-23,77.8045972397062,2.4876125914646017,2.1009819804835232,44.73040952920322,0
2025-01-23,73.5225984098542,2.0576491938855295,1.100400060323893,58.97450826252874,1
2025-01-23,78.48477202255368,2.784042269953561,0.7377018957790202,33.30990015559485,1
2025-01-23,73.33090255121995,2.516500880810012,0.265099034266301,53.643951970879705,0
2025-01-23,80.86562318793321,2.626730491870432,0.1015759408514852,49.27564925081758,0
2025-01-23,76.84821096099047,2.360143416416133,1.4186057048975,69.11831787818018,1
2025-01-23,74.46348927997886,2.3898388197364757,0.38001876749695107,63.84831079515852,1
2025-01-23,,2.5862691715501986,0.9564738267217225,48.19319089754599,0
2025-01-23,67.1456192396575,2.1507848102782523,0.20934737186702718,61.00571056181355,1
2025-01-23,69.36616265545098,2.3926028696759993,0.20420094592919322,37.721549651751104,1
2025-01-23,69.03037496800472,2.242115945836464,2.118201152219413,52.49345309567112,0
2025-01-23,75.71471547381853,2.2328293568226956,0.3688976682701487,32.98476222274833,1
2025-01-23,83.66257499742547,1.8670485278123077,0.07581592462516727,43.923561290067326,1
2025-01-23,86.15650073096316,2.901797976844,0.12402218337900504,39.03448726488681,1
2025-01-23,78.19025550720379,2.2940383740538692,0.3288362368839174,58.75639261300844,1
2025-01-23,77.50422237472229,2.849012816549065,0.021699588848932815,49.60362764857446,0
2025-01-23,65.99471132923631,2.8206376964182875,0.31044487479506183,60.04281915392042,0
2025-01-23,72.2866310013299,2.114200088045052,0.2714513532266261,50.611817505257825,0
2025-01-23,71.0610812404588,2.1734766292981464,0.7555576493739131,33.459377686065544,1
2025-01-24,71.89576200874443,3.268150887806705,0.21920749434902048,59.41470598930107,1
2025-01-24,74.15928090707605,3.025277782578143,2.0241723304546797,63.32917055951222,1
2025-01-24,72.63954711151436,2.490544446001569,0.09969515288382606,66.14124903651171,1
2025-01-24,65.10350094812107,2.5772119319252047,0.447003784189553,52.879677812268326,0
2025-01-24,78.73955128058766,2.310746079115843,0.04699014560369155,60.1434143599798,1
2025-01-24,69.63628487130097,2.629705814260102,0.6618738812604319,60.081773475305084,1
2025-01-24,76.19623432055575,2.2848454297832586,2.625114968616743,36.22999039195777,1
2025-01-24,85.37041334874986,1.8902938707104846,0.8550122478190949,36.56882749838283,1
2025-01-24,70.40307704206788,2.1035332640466846,0.40563161914134993,32.835420232365045,1
2025-01-24,62.34856238626835,2.5063278243551763,0.3315431428733001,42.79654540561206,0
2025-01-24,73.56997889059944,2.1606798293492235,0.9009957025026302,48.94034350964258,0
2025-01-24,80.50479817499286,2.4798167605259396,1.3742336755940503,69.91591411016867,1
2025-01-24,84.79173727110297,2.1776016881701414,2.2644067840215145,47.23973368272678,0
2025-01-24,68.85225202773792,2.2652938232494018,0.2525371203319998,59.049703540294836,0
2025-01-24,,2.7559495919239576,2.3507015093510444,57.735881050901384,1
2025-01-24,72.67344771609973,2.5742441642920313,0.08475770463126964,38.17927801002318,1
2025-01-24,74.47025822847932,2.497100673605996,0.14621317165214232,32.34028605797746,1
2025-01-24,88.22171673508518,2.763689191921195,0.04661504095801696,51.840270061343496,0
2025-01-24,67.48514835802423,2.6441825780042043,0.15854755731109774,58.01222369257904,0
2025-01-24,76.26869830747286,2.9339689873754105,0.730374384738184,69.93007160745024,1
2025-01-24,,2.362042221305458,0.9584041271673134,44.34444209124683,0
2025-01-24,80.42893162469673,2.3711095064417473,0.7545534633225963,65.85458248324387,1
2025-01-24,75.48991576735447,2.1096672200825966,0.4985684557244926,45.27729823476746,0
2025-01-24,76.54025269752051,2.371305784788274,0.36073887659052095,57.57646833722051,0
2025-01-24,73.04175716289105,2.7894309682907337,0.6167081697555845,53.93011722068208,0
2025-01-24,76.34563470622554,2.8899962116786404,0.24783186525030576,32.11915173210387,1
2025-01-24,73.28403862251295,2.7880915504260004,0.9203961386406275,33.13553707881034,1
2025-01-24,78.10785944928026,1.961742440035169,0.565345827626473,30.83056358897844,1
2025-01-24,73.15194831978182,2.8249435637982203,0.5983408884482118,44.833363383759576,0
2025-01-24,76.88550196951093,1.948444413018379,0.3838663952135079,59.83204195064043,1
2025-01-24,74.85368593157511,2.7694351972367044,1.082408151340553,36.91021575962891,1
2025-01-24,80.63025125386083,2.3896646420286833,0.14518599931677256,54.234118735355835,0
2025-01-24,74.74303138205757,2.710759994180157,0.23994428503416812,41.55311120124311,1
2025-01-24,66.1348376589656,2.1002654956316302,0.7517345726741431,61.879704959162886,1
2025-01-24,81.30960750356996,2.851350289811844,0.3393745620459811,61.935845960119636,1
2025-01-24,70.47133849568691,2.060507576168533,1.1000774938075775,61.016580598656944,1
2025-01-24,71.7311683067559,2.299463526744047,0.2126293473411878,50.99334055205507,0
2025-01-24,72.02169352978254,2.2005716116692895,0.23048640016158795,41.38266840319407,1
2025-01-24,81.87219046585409,1.9737145441532502,1.0979238151213788,62.377761755145386,1
2025-01-24,64.32162893010653,2.5283582702765406,0.3121561262759425,37.44402247756966,1
2025-01-24,90.68874266829997,3.0418267353510884,0.36296390538849715,41.59038408114624,1
2025-01-24,80.28028404533026,3.3000715666960025,0.20230552296331963,,1
2025-01-24,76.1161945706458,2.5291467361258744,0.16194482474208616,56.96840641550591,0
2025-01-24,74.72552999691857,2.835004382520257,0.5334822681612396,57.44944112463272,0
2025-01-24,76.42777037428829,2.5696283913785614,0.06382616073499119,,0
2025-01-24,77.6056121418967,2.649664958430464,1.0571102543255053,,0
2025-01-24,78.22607792975029,2.397355404661828,0.7552560855219107,34.00684028805733,1
2025-01-24,77.77802233001724,2.5585230776267807,0.10582262030918634,,1
2025-01-24,75.44790340627624,2.6612436113819284,0.5921176807937218,50.309238560489526,0
2025-01-24,74.01330789846337,2.3264620813371004,0.4614473969905112,46.27888779644366,0
2025-01-24,74.24363358173244,2.4767517100321035,0.10199841925754086,53.55299572993173,0
2025-01-24,74.0254585982366,2.4824709643007536,0.1595543832131982,37.711617432764236,1
2025-01-24,80.66885048433532,2.7479209951991574,0.26295821275750725,35.301951164194975,1
2025-01-24,,2.180190348511696,0.6007258844796581,46.221008858317745,0
2025-01-24,60.2980568266786,2.4845373374177044,0.5090557167267172,39.08882776399642,0
2025-01-24,78.27950388264881,3.0736016407158093,0.3798944601444504,39.771611781486584,1
2025-01-24,75.97368097359387,2.8492180457757814,0.7313945286321888,65.70045951114118,1
2025-01-24,74.90645621777051,2.9047537146666116,0.709280155780068,51.230367087432995,0
2025-01-24,73.05740773455557,2.5073295520534105,0.4809830158439219,49.338762572934044,0
2025-01-24,80.62056359993007,2.596299269105807,0.7732082787388475,57.579183749143894,1
2025-01-24,79.73763231061429,2.8006708500108775,0.2034305721410881,68.06192454706958,1
2025-01-24,71.13561166088195,2.968076658859279,1.0653654320275558,34.48794257882256,1
2025-01-24,77.03526143562267,1.914519126135134,0.47713921429488915,63.34138268437029,1
2025-01-24,70.14171632729357,2.1053676078850465,0.8640080146393506,53.36076719471384,0
2025-01-24,68.10190917605534,2.8928332304207944,0.3951365191244089,35.84661415247349,1
2025-01-24,71.86641387705018,2.416933193269359,0.12323055555744117,41.88597274755966,0
2025-01-24,79.31196736191379,2.2984837632225767,0.39089098675548395,,0
2025-01-24,79.76562522688043,2.123751703901319,0.2319007819591044,57.64708578309692,0
2025-01-24,77.56542710048646,2.333494989536767,0.5978354074310426,39.70428067813809,1
2025-01-24,78.62547893423998,2.0792892149728526,0.3229350724244189,,0
2025-01-24,77.5808914355748,3.127328281819743,0.9042884613749185,57.386865096634466,1
2025-01-24,71.79259202388523,2.493269184405828,0.5667144761719639,47.94963003390025,0
2025-01-24,77.1596127233697,2.4826148374711847,0.5768687203078067,64.52103844480703,1
2025-01-24,79.0020476261384,2.6764230025503495,0.12241049258176247,64.77836411361618,1
2025-01-24,78.77145664906787,2.788703550779971,2.07545004393529,48.82764870561783,0
2025-01-24,80.94456685737322,2.783766446966392,0.921553359182375,68.91702841635599,1
2025-01-24,78.54151923600531,2.8220865831722715,0.7779601476753889,33.02340369621789,1
2025-01-24,76.75724103770791,2.3107463347627433,0.20039942489258622,30.134495132917465,1
2025-01-24,80.35075119158213,2.4106399585129417,0.38353859503353666,45.22673055215676,0
2025-01-24,74.8673937037547,2.7307094966326826,0.07373008203966133,54.04388245490037,0
2025-01-24,70.5906267438614,2.341783281508114,0.386610585745997,55.16800629798644,0
2025-01-24,74.18466518028119,2.4984680103918326,0.07884720282182174,49.05782945175314,0
2025-01-24,71.27548677596775,2.619629129327444,0.4026406750608711,34.99533252962585,1
2025-01-25,71.62410862512809,2.7355555246931127,0.5230885025200214,36.81990087151577,1
2025-01-25,74.2774066464224,1.9666957112889396,0.24730881560792134,64.08591935408037,1
2025-01-25,71.0379003950002,2.7144236949666833,0.3451205818912235,64.71644526957046,1
2025-01-25,73.46019235180479,2.429882782644482,1.0423411760822123,56.95594151442881,0
2025-01-25,65.53192666523107,2.7122373132593145,0.057460336957909586,56.56871889115529,0
2025-01-25,76.06646853686469,2.7330795077064485,0.7844669274243852,53.9072851211123,0
2025-01-25,75.00602737681112,2.9823745183357473,0.09361954462854857,38.11703542807953,1
2025-01-25,70.91455684465905,2.906036094286361,0.018699338094022144,47.13002801039613,0
2025-01-25,78.29622834216202,2.903971498783089,0.10263622421882912,57.83578605853515,1
2025-01-25,79.6878506881328,2.9331010957498713,0.7241767844186826,51.49009088013355,0
2025-01-25,66.96220067815513,2.5874136954447837,0.25970289192452106,30.743213362203967,1
2025-01-25,71.18637610716893,2.509655526111052,1.0298999218863691,68.14227226880394,1
2025-01-25,71.1542882510635,2.7618451249535,0.3719124808202527,63.792642102885736,1
2025-01-25,70.30048449445567,2.719624285429907,0.011250812640730206,40.421800564389514,0
2025-01-25,79.14737420965874,2.407280128978522,0.6306484564202329,54.658357406651845,0
2025-01-25,74.03086930613598,2.62144702264248,0.05839777284825493,66.9295753491275,1
2025-01-25,73.67742579344694,2.4894710599646217,0.7788489883748833,33.84044048454606,1
2025-01-25,64.98068817796623,2.243820127461983,0.09202305136753688,50.12117923186803,0
2025-01-25,78.17709015104613,2.8871382224129047,0.21190089036179846,48.24972103385178,0
2025-01-25,68.80370802573263,2.516559772759027,0.7162140306214417,46.408200211341295,0
2025-01-25,75.29966315133164,3.114612477309655,1.542078041703328,63.423544355717,1
2025-01-25,76.38688468979096,2.0123523189400503,0.2321570830073953,45.22584586789829,0
2025-01-25,81.80329297919326,2.33296636814699,0.8842174673288615,32.546533329640305,1
2025-01-25,68.45589800440445,2.5097916510072613,0.10584980774936643,32.6335096865721,1
2025-01-25,59.90243922089587,2.841214329288674,0.8229984879872239,31.70978426098436,1
2025-01-25,75.91924772376848,2.6198408117806555,0.5357331380965303,46.36581687496149,0
2025-01-25,84.00255590755427,2.5931418262542256,0.10705691314104894,58.7362511079344,1
2025-01-25,81.19473176469718,2.161820862233756,0.18012922161295328,38.14889847722062,1
2025-01-25,76.04829707637313,2.1529175808311587,0.07064982296104526,55.858740817261975,0
2025-01-25,72.54181907183977,2.596751398086971,0.24141639491777991,57.48353888414817,0
2025-01-25,79.03561298318655,2.0907682018544924,0.11385739245226748,40.20808496062392,1
2025-01-25,70.13226900147765,2.3404366749132013,0.5164093999588103,54.022306242425174,0
2025-01-25,77.38178884678109,2.6502751987257573,2.6019678288705617,57.394733601073895,1
2025-01-25,77.52735079583313,2.2053027183169673,0.006040927827031051,48.66454491208503,0
2025-01-25,80.30104953749439,2.981606788708542,0.38926519272957705,43.4686638912038,0
2025-01-25,88.7983001945554,2.867180903271367,0.4262668019751258,54.76606206297309,1
2025-01-25,76.96207983589383,2.02857400049851,1.2279193607841272,69.11388349312227,1
2025-01-25,72.4551818714625,2.2202886270454036,0.35261528048794044,47.073656374759125,0
2025-01-25,74.87212843904003,1.814266826651515,0.3923039511315848,45.669403851404844,0
2025-01-25,66.15462047555441,2.26522259123556,0.3190008190703697,48.57067609704453,0
2025-01-25,71.52643434455472,2.72991654297172,0.1566054587438774,33.04873573780193,1
2025-01-25,72.95358780943448,2.375831517317543,0.02882998740267766,52.1265311868556,0
2025-01-25,72.37955801032703,2.63823917308479,0.2626801056694661,43.147895488690544,0
2025-01-25,75.76177436016862,2.043299704515477,0.02701244312689906,34.8568848932505,1
2025-01-25,70.887900338089,2.7393925763745717,0.3998013360380087,48.65026964469494,0
2025-01-25,80.60515333662235,2.333467231621495,0.18357454860625344,30.135359462959098,1
2025-01-25,,2.5036509046848714,0.3813583965136762,46.07140980651036,0
2025-01-25,74.95349839430686,2.472137649582084,0.07210667211724323,34.229410717058016,1
2025-01-25,73.36052641743541,2.118535443732315,1.3487774777326182,30.97170813599121,1
2025-01-25,75.7759534192949,2.1540747004780654,1.124622853502343,62.97900184978008,1
2025-01-25,79.12549132333817,2.7903383407010276,0.10535836084906489,66.6499521313054,1
2025-01-25,70.6643489214455,2.6196976472505087,0.2103738597622139,38.30698593436426,1
2025-01-25,71.70941755462371,2.815014712466028,0.47530235479113037,51.57193055337045,0
2025-01-25,73.48136985611667,2.5973974706507557,0.05028943150433291,41.1183262852394,0
2025-01-25,,2.542897190442765,0.21891757089249167,49.743097546887284,0
2025-01-25,70.90371070139251,1.98219681439997,0.1445831111747972,47.46525283576641,0
2025-01-25,72.6188956322767,2.4188899909716493,1.235600868598452,40.76204220321942,0
2025-01-25,79.37194590356364,2.491784703878877,0.9569996081188172,58.01574318541191,1
2025-01-25,76.31280664500963,3.0859321594817724,0.4335512059501852,35.05963837281017,1
2025-01-25,75.96794955683772,2.706086989629603,0.3673454853305402,32.12291128685469,1
2025-01-25,79.25448981083986,2.9608183545128584,1.3348413288690102,60.707017321491165,1
2025-01-25,74.31314105800301,2.6792613117684185,1.347279185611984,56.637201248827196,0
2025-01-25,,2.286609031915156,1.7422371939871109,49.941044965855916,0
2025-01-25,74.48389123533752,2.5351372648449555,0.06698224840497945,48.71159081890166,0
2025-01-25,76.32681174699815,2.57086709387927,0.08750883408145621,49.896455179657046,0
2025-01-25,72.08620671194208,2.2182533290687956,0.5646440567339872,47.480963043946915,0
2025-01-25,62.80591420861786,2.384683787022124,0.3898260446693217,45.71569183324716,0
2025-01-25,74.32860418906849,2.4382699018968483,0.00931926405686362,49.98762411544482,0
2025-01-25,82.1137406804997,2.9816859497695356,0.031989358123196386,51.14060684639042,0
2025-01-25,79.63107701120796,1.8757778423827065,1.0949871820477037,57.67609256334484,1
2025-01-25,79.82698742295585,2.861745526214813,1.015786074128231,58.448286429360905,1
2025-01-25,,2.218961429512185,0.22101599205911607,45.105163205605784,0
2025-01-25,75.44328795480719,2.088376243819116,1.1084359400590922,46.54162090973955,0
2025-01-25,75.98657853702798,2.853982639011539,0.450301065046204,44.94788678944892,0
2025-01-25,71.91174052282825,2.7195694207703145,0.819705441289338,51.46143094502841,0
2025-01-25,73.41963571986476,2.876355610714357,0.2788110755405286,48.13414151656781,0
2025-01-25,78.0788557488557,2.740210584263673,0.06017973503900191,65.58385852544774,1
2025-01-25,81.01942218584408,3.1179535005212204,0.28433954776844733,57.85445067665891,1
2025-01-25,74.302768621595,2.6676171510833457,0.30559911284706104,65.94625535017782,1
2025-01-25,72.74905367574294,2.4530567871630526,0.4003040545379662,58.36547966237702,0
2025-01-25,75.00263979428298,2.602877913196403,0.055791424310043844,68.83968594095256,1
2025-01-25,78.00603374464558,2.8730407385037893,2.3781048664334428,55.429471130210764,0
2025-01-25,67.7807259193323,2.266187402421965,0.13994744954237912,68.54200552652219,1
2025-01-25,63.51909523431381,2.304433425240586,0.11066784545022426,36.32679561637704,1
2025-01-26,72.24731575254208,2.4073119956206277,0.3741216576157688,32.099107233176156,1
2025-01-26,68.89643787042921,1.8686251603704003,0.38523897876645213,53.165007408154366,0
2025-01-26,72.45929901176345,2.541423522525264,0.2897492177327385,69.33972823199099,1
2025-01-26,74.26109840591265,1.9341613888146922,0.7389683597219511,46.704209892095875,0
2025-01-26,72.73375795488494,2.515917793879786,0.36351167737737333,38.481734487718384,1
2025-01-26,82.26233767235372,2.759586926840575,0.4704139801731429,50.861657967740555,0
2025-01-26,76.63372382301161,2.3569370618068493,0.643217970869536,55.95194498315554,0
2025-01-26,76.50237179805414,3.0031347610560615,0.012671776754706205,42.60714782063556,1
2025-01-26,78.111035720217,2.061849730174454,0.42273464625435114,58.59077433997038,1
2025-01-26,69.30583441109616,2.85737820448955,1.0779214854205341,69.00458028182904,1
2025-01-26,80.19555893710134,2.702541116922076,0.008770851448502655,65.87852486842468,1
2025-01-26,74.6211785673227,1.9851900255067934,0.2597499885448943,41.66341494048781,0
2025-01-26,78.35240308620607,3.3132382897121597,1.3033842852881483,43.06894732578393,1
2025-01-26,69.64071383479923,2.4808764143488102,0.21782382818266816,44.86164897798354,0
2025-01-26,67.23120616991967,2.2367547933533105,0.30691743827564694,45.782111135745815,0
2025-01-26,79.08944829012515,2.077873841564795,1.996112257805204,34.01277996773118,1
2025-01-26,76.88204763048758,2.4339945917020978,0.11114936598140526,60.478513555571574,1
2025-01-26,70.48974222821245,2.4617779382830123,0.03374085824547881,44.613570544428015,0
2025-01-26,70.65168459362653,2.5307936585618993,0.9809984936021767,65.1927990682181,1
2025-01-26,80.62717392207385,2.410661153132812,1.0142424485832484,67.07762492480435,1
2025-01-26,69.05294053566337,2.689967593034528,0.3194032101545517,30.977252372307525,1
2025-01-26,83.21336476627982,2.383711050201026,0.36098651544979127,69.54012279712825,1
2025-01-26,70.49689632676066,1.9195107648278587,0.9033544372711366,58.40090926000738,0
2025-01-26,78.19195962804191,2.4551915513051075,0.6707742738103077,50.81568903971849,0
2025-01-26,,1.7897567039880167,0.15404376221269284,45.58110433490213,0
2025-01-26,78.01593715541172,2.606131189267417,0.008518837736922693,50.74072530438852,0
2025-01-26,72.27942998942903,2.2062099309152092,0.3266750115351087,42.98498895913778,0
2025-01-26,74.18603546963853,2.5490081064747403,0.9791868905509087,54.90751254786193,0
2025-01-26,75.2045958769786,2.8942224944573813,1.130887997391252,33.71921105779165,1
2025-01-26,69.98906272109264,2.2153753914196,1.564359873649221,54.84490411647241,0
2025-01-26,78.70412172710063,2.8183768775536353,1.0583152286353896,41.01379400553776,1
2025-01-26,72.43393216764207,2.369983129994154,0.4338021380864854,30.705393162093856,1
2025-01-26,73.85700042329991,3.0259584406196756,0.2940383928040215,52.1082306465151,0
2025-01-26,70.02825312695744,2.390454216040536,0.7454938753092644,53.137910234107856,0
2025-01-26,62.18833170602345,2.2478521043479924,0.6731939307505642,47.06276018846144,0
2025-01-26,74.04486118699916,2.7061715351185867,0.38625044541160225,32.891449302012674,1
2025-01-26,87.06307710806458,2.3692630811129094,0.045689015330035714,65.73371811216767,1
2025-01-26,78.92302143949011,2.2475651457612975,1.3023950356673455,54.45723228911555,0
2025-01-26,74.90369810132803,2.3566480447888627,0.3040378346567627,34.62853198275879,1
2025-01-26,73.68554585395866,2.4866180403450997,0.22575487559516963,50.437223063765906,0
2025-01-26,75.11232946406024,2.902654039373456,0.49654187704096886,49.89017263793886,0
2025-01-26,77.73559557587605,1.919773676362127,0.5601804847348173,32.416074751717076,1
2025-01-26,69.09593592345577,2.506924197685126,0.11829674696107015,54.2743881441179,0
2025-01-26,80.57160847334436,2.687471078396213,0.9068149816623777,,1
2025-01-26,78.57690657720622,2.558034572497539,0.17120085619802106,59.960322169939126,1
2025-01-26,78.59092862853967,2.89295955083006,0.10331773498730487,38.118776566567334,1
2025-01-26,77.19237869404864,2.4776964010724427,0.2607746696211844,64.49170118216846,1
2025-01-26,75.09808328846995,2.4446345673442167,0.6557049240855941,43.701686626374034,0
2025-01-26,78.3643061798341,2.677698864104003,1.6827922349765356,67.86033513167766,1
2025-01-26,77.95907066870689,2.529794144485405,0.8284777622957186,32.86991856902855,1
2025-01-26,73.22979644529488,2.382877378515859,1.40961696666297,49.448347540793705,0
2025-01-26,72.13199113551549,2.6548432118759138,0.07576378065104133,53.884975087101964,0
2025-01-26,75.50928147630994,2.3042415120350066,0.03691843461008605,39.90600393898419,1
2025-01-26,82.74510075747594,2.316646854394202,0.4078888302014583,60.85520754880911,1
2025-01-26,68.80446462173049,2.341601793470316,0.17145469347528114,55.07582719242868,0
2025-01-26,67.6623736712378,2.905920748049922,0.8802902317707036,30.724377491518222,1
2025-01-26,75.82380420618259,1.533695093204286,0.5573523469248545,54.334743627849434,0
2025-01-26,75.25443850928009,2.6186796504288825,1.7655647267096477,49.65912937673786,0
2025-01-26,75.86670832185204,2.5102815442600668,0.14704619114889733,37.841168068140306,1
2025-01-26,,1.995738862228564,0.33255604536242805,69.82992908238118,1
2025-01-26,73.88398872682598,2.592918033740801,0.34781560903941666,65.88648779310459,1
2025-01-26,82.44931719301042,2.6427255975494597,0.13667713361999637,41.70030780116254,1
2025-01-26,66.99548010761742,2.67689176940722,0.4459129744321294,51.64283683194465,0
2025-01-26,70.85751487609878,1.7044515810865153,0.2928518054544695,42.66008559641163,0
2025-01-26,74.48372619925476,2.9099168235563315,0.29594694439606156,61.019830065443124,1
2025-01-26,66.78405594422917,2.2786789885945478,0.22528614168591518,67.2132573278582,1
2025-01-26,74.12072797783965,2.705970324025953,0.008537146031987377,44.35314427657534,0
2025-01-26,83.3073508286401,2.7223221342046857,0.3691719033745981,62.2233699657451,1
2025-01-26,75.10443244147982,2.236990874314212,0.20417049652717553,49.93630170852819,0
2025-01-26,76.15350452859342,2.6981379857054653,0.000660370389292402,45.863142452463094,0
2025-01-26,68.6991761741371,2.3843520277262926,0.18404398968181682,67.53687408395079,1
2025-01-26,71.91819295980261,1.8785868461985527,0.1633003932146003,50.41618754876126,0
2025-01-26,73.12401809838032,2.850322577658334,0.2499825345237281,48.696420010298596,0
2025-01-26,73.41142451621883,2.267486511095128,0.07069653000722986,56.89737607849372,0
2025-01-26,81.40821897501884,2.2436519611785837,0.3543170680171907,40.44936804073138,1
2025-01-26,77.78845530362562,2.3790802395889834,0.5895431174977961,42.99171483153263,0
2025-01-26,69.44271021531485,2.5816710175982163,0.4973769685707207,67.2818334495449,1
2025-01-26,76.23252389216002,2.4828188767533694,0.8141955665905285,57.1411938174777,0
2025-01-26,77.49110874248393,2.664420077412151,0.30074755810625403,63.06548591084022,1
2025-01-26,80.70074519260633,2.0981531900414025,0.3660393673151894,40.84447047741718,1
2025-01-26,82.90270343284186,2.2772840888707795,0.8314244629058116,51.751607597194884,0
2025-01-26,69.92452904086066,2.46520087830354,0.2790469976914873,68.85585067957993,1
2025-01-26,70.94571244394831,3.0693661877976117,0.6046591160171254,42.7481559611287,0
2025-01-27,68.71211070542692,2.4658562384758724,0.2851130115933307,36.419059052681675,1
2025-01-27,73.82990070446509,2.8255666790984892,0.27041582995661334,50.43544032898656,0
2025-01-27,77.33179187223168,2.5115665506352953,0.7139867458739346,45.51284354899505,0
2025-01-27,79.9366725829455,2.3549024087687296,0.09608711698022356,36.38308931146854,1
2025-01-27,74.62024488178739,2.425982672765668,0.20668763450777006,65.54205530813472,1
2025-01-27,73.40076238372578,2.449474086391336,0.12691239478153285,69.62895642215112,1
2025-01-27,75.7587899612437,2.6810937216882214,0.2224486773312548,52.74328722759991,0
2025-01-27,70.82428549184988,2.912383380272966,0.13092583247245437,60.98707073493816,1
2025-01-27,85.44769360847387,2.6079042543058963,0.4330432020131527,64.36153478185199,1
2025-01-27,66.96169486440971,2.8561233036225264,0.8001667483902078,58.039280240873076,0
2025-01-27,75.92370289447862,2.210563078711094,0.7723240736599277,31.76624196446925,1
2025-01-27,85.1180310961482,2.375610847355791,0.22667235306657726,36.30536926867271,1
2025-01-27,75.03399922279999,2.2827092397377,2.2441562733788767,32.83956764605546,1
2025-01-27,74.04980482499253,2.5943333772624557,0.4505217380397109,30.39518426568226,1
2025-01-27,73.21277288594787,2.392312484446176,0.2549133129471983,42.239856350289465,0
2025-01-27,74.09804159118796,2.7189318811102585,0.9025417584361137,45.69423841926239,0
2025-01-27,81.86424237338265,2.2206994865102674,0.6544334044874377,39.64118929343703,1
2025-01-27,63.940690443352466,2.5129092919963845,0.6916999507046617,32.584185923452836,1
2025-01-27,82.66716850648163,2.706057373303677,0.10916467269471619,51.19452363346711,0
2025-01-27,67.88021423774927,1.880409167487817,0.3158607879195725,40.93277279828567,0
2025-01-27,73.66673835382792,3.1364893921990613,0.9896284699604192,61.84148619454249,1
2025-01-27,72.85377789850669,2.4150544345360374,0.35062799173854564,30.322104865011248,1
2025-01-27,77.9427663488536,1.8924880258971482,0.5751413693287104,63.701082051504414,1
2025-01-27,67.00937824058126,2.5474281695730356,0.44328555020823956,68.19014715783828,1
2025-01-27,77.31086333040972,2.5100330403919453,0.9237104747686417,58.64540252614278,1
2025-01-27,85.12154811643427,2.475431686128252,0.16742935735716624,59.34576261050266,1
2025-01-27,68.18412997703595,2.797357333878,0.4283925183659241,,1
2025-01-27,,2.7242334914281168,0.06575795140742036,38.36285141201397,1
2025-01-27,71.69008911101696,2.5893628573071537,0.5859315687968297,69.78262272834307,1
2025-01-27,77.12943603096518,2.6350466901839944,0.6583241497624226,60.939248135141675,1
2025-01-27,75.09573888707877,2.468692465168574,0.02189095683365076,59.062828333111746,1
2025-01-27,71.79256545477845,3.0326472547720145,0.563183398618685,44.44362315981171,0
2025-01-27,77.43936142435537,2.05624119449267,0.2678069604836035,51.83109941622442,0
2025-01-27,84.02174054893372,2.541895502264769,0.06624989166374119,56.15671153093388,1
2025-01-27,74.0454810413635,2.519507389356634,0.2722838938123508,54.813714452688636,0
2025-01-27,,2.743984121819378,0.10798028645102159,,0
2025-01-27,68.53363521064418,2.24684383677253,0.26855017731151376,33.29526956313642,1
2025-01-27,70.21781811590995,1.9768982192810391,0.2425294185101792,44.22593731326787,0
2025-01-27,77.36203138940189,2.547046904829458,0.6704533455056124,47.360000663819086,0
2025-01-27,82.42058014267982,2.5843691476655812,0.7440872660300571,40.42517191499866,1
2025-01-27,76.7780667439283,2.9468798228342945,0.46700929084552256,36.905090810768954,1
2025-01-27,73.43470984738423,2.118891386102474,0.011474074145196297,35.557099196514514,1
2025-01-27,74.99645702711678,2.846408130015016,1.3369858558051801,44.655335690263406,0
2025-01-27,68.74796133015141,3.2102243092081366,0.5795527497133914,49.73766802250263,0
2025-01-27,78.02257663177683,2.3866705337432568,0.017396897175938248,32.51905760586643,1
2025-01-27,79.41166531161704,2.1127173341520327,0.8541677324248169,67.85832378362198,1
2025-01-27,72.7395483358346,2.3779076900879885,0.11173815003321554,60.60973291443033,1
2025-01-27,72.64978926120249,2.5042014902114142,0.4328239871355802,59.234070927418664,0
2025-01-27,76.32939114826024,2.6691363625020745,0.3142740524562182,36.91442099954908,1
2025-01-27,72.81640131979702,2.3225815810485857,0.2722246263045181,54.15203072048756,0
2025-01-27,74.66933692687088,2.9665595602442028,1.1023378748100512,51.1889978723467,0
2025-01-27,85.49860894583257,2.1656403054975817,0.28755879126249484,69.29875383146775,1
2025-01-27,73.76487149627002,1.97823845434816,0.03916681484197356,59.90687080320632,1
2025-01-27,73.20829923989389,2.8320131272861953,1.4653350124329998,53.03047534864925,0
2025-01-27,71.7622909718242,1.8176136906381402,1.2662207578966305,64.03250665880489,1
2025-01-27,78.72095985749968,2.438761069338185,0.5766916372654993,36.20377083442838,1
2025-01-27,74.09387913390948,3.4353043387624145,0.3154548976266529,30.608661187639086,1
2025-01-27,71.75313480839287,2.4963869341120204,0.04872895237658459,57.60933333658093,0
2025-01-27,81.60652016136505,2.1637697047911253,0.782108289193216,33.9324584094895,1
2025-01-27,82.09801502256819,2.482780760863962,0.039239169614432926,34.61734559934037,1
2025-01-27,71.99788217130647,2.48475976341414,0.03553375293480985,59.78722905698122,0
2025-01-27,65.66730024319692,2.548194982105935,0.38542880104023186,40.821393765359566,0
2025-01-27,80.0375684491846,2.6986788946478857,0.08725303284301476,55.145248622755716,0
2025-01-27,71.57685087119998,2.188266649489678,0.0038801503672442794,66.69627704370994,1
2025-01-27,78.95312799581384,3.006264416571038,0.2750548096571283,42.658981265514335,1
2025-01-27,65.14948091144082,2.5735342853117853,0.07379616819911074,38.68576631359675,0
2025-01-27,79.46298669149655,2.7180382139205412,0.08748358254389922,34.26251534964207,1
2025-01-27,68.9441403535961,2.311555180073307,0.040014616530465986,35.218494456789045,1
2025-01-27,78.65382059533262,2.88591464109866,0.1147655502470447,32.48890781515371,1
2025-01-27,75.07136533918217,2.4228842773560806,0.6284832099209366,33.505695153189606,1
2025-01-27,70.23030290301678,2.5832657540480595,0.8275506664294633,47.280183552366154,0
2025-01-27,72.9648184353661,2.220068176843867,0.3012271347307274,42.83460180095879,0
2025-01-27,78.4315922847835,2.200920512079362,0.35317073773001056,58.26243257291992,0
2025-01-27,75.52947226557617,2.7064615919358648,0.016600054696512625,64.80966632988007,1
2025-01-27,77.92206490236242,2.3669179509377845,0.03591788006875038,61.390928125695375,1
2025-01-27,84.88220292257743,2.243853073748687,0.14891181273071152,51.22549026662609,0
2025-01-27,67.17879194144474,2.3070449973918907,0.39251986634072805,34.09768464930614,1
2025-01-27,83.08606287484312,2.7096859215152262,0.672674392689241,58.39069135766214,1
2025-01-27,75.52177968761606,2.311288641638917,0.4644386321669584,44.51314898907494,0
2025-01-27,70.50607975838436,2.464703520519351,0.24889535346838434,33.42601575661641,1
2025-01-27,68.34843187130505,2.504508325086129,0.06296536010147705,63.69865628850503,1
2025-01-27,74.05439804611483,1.9247953341969104,0.75882431387274,43.528660687300224,0
2025-01-27,79.60825055962229,2.0586620783879446,0.22611018767696153,,1
2025-01-28,,2.600883366774269,0.6660053985414588,64.85808258475373,1
2025-01-28,82.55577465123673,2.278891191654191,0.359723855541091,66.0853547378802,1
2025-01-28,67.7441215497422,2.8170174733841256,0.6709704476343719,43.5588334876624,0
2025-01-28,74.93955526076972,2.7900421312751633,1.1891371035301244,44.19205677125494,0
2025-01-28,68.73803277793441,2.7157505999066314,1.2693405586315045,53.18514110332576,0
2025-01-28,76.81815941312485,3.045931536193779,0.38297376708734937,59.337659752426326,1
2025-01-28,79.4344369504865,2.475073201677045,0.3582164655073326,32.52596807627454,1
2025-01-28,72.89619103159474,2.6946645777711518,0.15440414419446474,53.73374628753887,0
2025-01-28,61.978930716864326,2.3246797070211906,1.3728747220676623,68.11280247134326,1
2025-01-28,75.99474073398247,3.235710973860617,0.3061700753271892,40.48375588719815,1
2025-01-28,77.18369275866755,3.095090095730806,0.06824860131137826,66.35308856387735,1
2025-01-28,77.02147377480848,2.5035641303553375,0.2834378389375684,68.00673363052374,1
2025-01-28,81.17891095911077,2.6159758689715575,0.06794036091955953,40.76614563884359,1
2025-01-28,69.64473160175476,2.9077892798094416,0.349111705680242,60.16807463541402,0
2025-01-28,78.40108052725225,2.455858148555768,0.4119418297057376,39.5510003327824,1
2025-01-28,80.96253756238987,2.3030127787600887,0.20606042537243283,59.504446469285305,1
2025-01-28,66.10706207996742,2.7621969253020646,0.03717356188335565,61.89679885155304,1
2025-01-28,76.59825912959488,2.523531773825101,1.4367886101836265,39.88822814842598,1
2025-01-28,72.47910084496164,2.5548983348935783,0.742181019328005,58.6347817433294,0
2025-01-28,74.59238663449177,2.2497185970796103,0.9128062781239417,62.48418155456359,1
2025-01-28,76.73838241769168,1.9846983554909812,0.2285384852635844,44.34315488427647,0
2025-01-28,72.56385717943223,2.5708427229637305,0.7152924947410748,36.70811103958908,1
2025-01-28,71.62145960419194,2.77148861244826,0.3321563544360741,33.678582692700544,1
2025-01-28,75.17076208744012,2.4322579752771873,0.1122494148984496,53.01526814439767,0
2025-01-28,69.56377030568599,2.93092885586766,0.06643630592395477,69.12392477262853,1
2025-01-28,69.57087435557408,2.2888251023753368,0.21159885472496429,62.91801280088865,1
2025-01-28,78.39686641478252,2.183588663510224,0.07399027550177045,47.43358555738211,0
2025-01-28,69.25602982420672,2.4798309078411607,3.1795211279775635,51.46483611419834,0
2025-01-28,78.33156250454606,2.475222227394613,0.025219982042414497,41.18111541647276,1
2025-01-28,77.31295646426976,2.7309906194005666,0.2909313624990126,36.52263469440254,1
2025-01-28,66.37096635604702,2.2675111527808047,0.30082533394736954,49.28324632929093,0
2025-01-28,71.61217673832172,2.9104282710444696,0.17878905339210835,48.54006264668741,0
2025-01-28,80.97054701523686,3.090075088752476,0.42355909825529847,50.87719811215041,0
2025-01-28,70.0941723443016,2.4882567919094973,0.08124594972657122,68.11218342255764,1
2025-01-28,72.67797868845307,2.8749131260552954,0.7660356540601815,54.15581200579089,0
2025-01-28,77.31030446625948,2.183050878812422,0.20206878352615706,54.23087346489495,0
2025-01-28,78.91695254641297,2.8225664623545748,0.44743905090756053,35.12099051444307,1
2025-01-28,73.74230556977753,2.8141829225678388,0.6287557757124064,69.85955464707281,1
2025-01-28,72.01244902654179,2.7590311840569637,1.0993022941624815,60.91379776938674,1
2025-01-28,82.11184930849254,2.495331073338912,0.9032967856007148,65.0881337637602,1
2025-01-28,83.6944983189879,1.6137253176273907,0.46864104354578506,46.57201647323976,1
2025-01-28,79.89429025390898,2.3074818569043614,0.2458328272689677,50.085123831424994,0
2025-01-28,75.42659071282512,2.3122251946946193,0.34978857435948774,50.88335236649106,0
2025-01-28,70.95867139179536,2.206523518581857,0.732095073194827,37.763781571584204,1
2025-01-28,70.84777796721717,2.53667290136412,1.0500080470594413,57.57956625307828,0
2025-01-28,77.61257052632878,2.3743109663436295,0.05478575594441457,66.11906894469827,1
2025-01-28,77.09199110444342,2.2526163970704935,0.24294965948014094,36.548232725536764,1
2025-01-28,82.00799296473215,2.182359955525654,0.7483149456404276,33.45273093944658,1
2025-01-28,,2.2853461043544314,0.2825104770508143,59.52875622161369,1
2025-01-28,67.48459849120091,2.8364497635549784,0.2019040638790372,40.928073266919284,0
2025-01-28,80.2597380886146,2.3016924836117516,0.26493855891646884,54.954501664693176,0
2025-01-28,70.00969686342793,2.345518388070018,0.46171400435599674,57.83033351968723,0
2025-01-28,73.08014364023825,2.362990715493026,4.271625210202447,42.876430543272875,1
2025-01-28,76.25100103125847,2.601698054142826,0.33961467138488355,62.60578389703137,1
2025-01-28,84.97833744891982,2.63687484655856,0.11690920960535771,51.999559284568676,0
2025-01-28,90.5495927800268,1.5866030382270513,0.08887396107965972,64.7599763180721,1
2025-01-28,78.03361529568092,2.8064905641482825,0.021636324271303263,60.531742102357896,1
2025-01-28,74.08401690639806,2.930910410273126,0.40914802804863004,64.74302528149815,1
2025-01-28,77.67252824240275,2.184944038791499,0.39325892185934624,30.806455284715764,1
2025-01-28,,2.2083105265795497,0.11485372757475143,39.74025042954379,1
2025-01-28,,2.3649239836665186,0.5942620535869003,33.60031761783755,1
2025-01-28,83.97605677956162,2.2731987941630187,0.6756702954275843,47.68332068757397,0
2025-01-28,76.15035379595702,2.5671780621839817,0.1499435966745427,65.59840486461273,1
2025-01-28,77.48871544545698,1.9160424140923407,0.21087329045845107,48.70161049067477,0
2025-01-28,78.3296212602723,2.164621717588978,2.326743029556626,63.98852178321577,1
2025-01-28,77.10793305307227,2.9617591600524724,0.23441373487686945,43.08712952077271,0
2025-01-28,79.19470250234806,2.2215340097955947,0.7152311229384986,43.5828029122101,1
2025-01-28,71.91373406726538,2.8730284834308772,0.3014023201078894,65.82246921307511,1
2025-01-28,72.20849123026984,2.606601458677041,0.7883518549200137,47.032685860468064,0
2025-01-28,69.49922883514152,1.9572196856235224,0.732719087155813,61.590619511786656,1
2025-01-28,77.19750615310113,2.690598758564862,0.5509428580430268,39.465741915276055,1
2025-01-28,78.89468251756057,2.464699809342144,0.9647470287572542,67.95203318710541,1
2025-01-28,77.28886433075942,2.363359883125078,1.4002348641764988,52.98312986122284,0
2025-01-28,83.37246216673769,2.5734871279516014,0.43373042764197384,60.37294274313608,1
2025-01-28,74.97201990585476,2.6423900456700378,0.13555599695957699,33.58062799179542,1
2025-01-28,78.34370827796256,2.712277546592386,0.25427158331383004,49.70656903322115,0
2025-01-28,69.54149561930343,2.8534758542644005,0.7100408152077706,66.04153990936094,1
2025-01-28,73.064501487628,2.6224407738335067,0.5261747794915629,65.08154516173218,1
2025-01-28,78.47768878782888,2.0873097733640913,0.09788479190095,31.872558289369103,1
2025-01-28,79.24551055371572,2.3579063627046426,0.026299463254236995,42.14793876515787,0
2025-01-28,73.53016526167909,3.3829145005805863,0.5743661782124656,47.732800259163206,0
2025-01-28,74.64200374070967,2.7173473181145185,0.14456090353913106,36.890592574231526,1
2025-01-28,67.41063126659596,3.210786190243449,0.34624394270043807,59.19993243959881,0
2025-01-28,73.21485399596695,2.9186302246597555,0.6866826958302458,37.38047982394846,1
2025-01-29,79.45191581759893,2.5725406214667244,0.41352992939667477,43.86558777479544,0
2025-01-29,77.87602508053283,2.590422120934335,0.043488915928025965,56.53122547431273,0
2025-01-29,77.50332860690605,2.4890259880369463,0.10263968313478036,49.2835737809792,0
2025-01-29,75.2488684359048,1.9786586152460501,0.12380021374110516,59.54284154539575,1
2025-01-29,75.03531579314088,2.505414175740467,0.14911155298857487,68.44831604891439,1
2025-01-29,71.69839430263276,2.863202365762659,0.41666850797721294,34.6618675086079,1
2025-01-29,78.49414210101267,2.320108001553639,0.3505551811747774,58.382708655922436,0
2025-01-29,77.10486472194695,2.623585899718543,0.11355071065699533,39.21376622528458,1
2025-01-29,77.460094239964,2.755477313767959,0.034972471275522464,46.57906909630277,0
2025-01-29,72.3698257866621,2.2270958682062574,0.09402830811170958,31.314509031805592,1
2025-01-29,64.23328540064378,2.3646091406969005,2.0796435862916685,35.43629529170796,1
2025-01-29,80.48576355876848,2.1946265528568523,0.31607020980537087,42.79109156195599,1
2025-01-29,72.60581271995798,2.2533503179931778,1.0100036552801592,43.6794322115194,0
2025-01-29,70.6861211797844,2.1137184149040817,0.944418745379254,65.98340865848382,1
2025-01-29,78.46739455956997,2.229865461586592,0.3582279220243509,59.6725163706606,1
2025-01-29,73.03993680040435,2.9258367042393516,0.6132586980695869,68.88731872748164,1
2025-01-29,80.29968192023311,2.2253568912729125,0.10706217989653755,53.96286041340962,0
2025-01-29,78.08502974788348,2.537937765718207,0.5830121951762288,39.668549283652716,1
2025-01-29,78.4178466160024,2.3491393738987134,0.15899131929353558,43.10620119686571,0
2025-01-29,68.17022144399733,2.8536597811110815,0.8920804957215533,42.793436931678684,0
2025-01-29,81.059719926932,2.893348688981085,0.04371889746036805,43.059773106530066,0
2025-01-29,76.30625265616928,2.759220994641684,0.7417081709700513,56.91856692447263,0
2025-01-29,73.15361430376899,2.5918403659308265,0.05264520715116939,51.232317123616646,0
2025-01-29,75.71694233671126,2.4306821389477307,1.0651116388123194,45.416967123465774,0
2025-01-29,66.1188238355084,2.142437588742625,0.18134975486229493,35.963590749148665,1
2025-01-29,77.04326405740335,3.0830586643366593,0.5312270216254646,30.885566517685838,1
2025-01-29,69.85314245908964,2.272098094674234,0.3342295070339043,38.753387103507706,0
2025-01-29,68.23664857078232,2.6990939041098523,0.22809229299758466,34.29885615874725,1
2025-01-29,67.38820406891054,2.8178696717870193,0.5184414325910389,61.41780123408957,1
2025-01-29,80.56344187494963,2.333415850928401,1.4736899649997517,34.499918312555415,1
2025-01-29,71.85368303153605,2.8114037581947886,0.021072761756850807,58.969129492273446,0
2025-01-29,82.6686385495825,2.7292639610016565,1.2557455891426754,45.4263475910433,0
2025-01-29,,3.0183891506145297,0.4696282885885006,32.93513558975104,1
2025-01-29,66.46321021203526,2.359196060071987,0.8233474594605326,62.50920197726343,1
2025-01-29,69.4173778002567,2.1142407948160855,0.24215266918911468,53.185222809464534,0
2025-01-29,81.1790581000347,2.3483530733666464,0.3191808216742295,39.43046051454292,1
2025-01-29,74.22050911031667,2.5626560627602997,1.015709652531039,65.78724697330672,1
2025-01-29,72.25856351754699,2.517463818125517,0.26794179242322125,31.810332554822057,1
2025-01-29,75.80009112926393,2.3819686311176347,0.38249301337089353,38.07278432791052,1
2025-01-29,77.50891368083772,1.927240762306827,0.010200814103715008,60.08187711223444,1
2025-01-29,80.58699407951231,2.641144898838732,0.08634286888814079,58.375117212395566,0
2025-01-29,82.24249614946463,3.09170334372466,0.5131734998569918,41.57086774897912,1
2025-01-29,73.20115677105457,2.6392753714369013,0.6311133814936774,32.48099501411132,1
2025-01-29,68.36976156958981,2.6827406557160542,0.43685626433716407,64.32312288899776,1
2025-01-29,72.93267419438362,2.6717335918465306,0.07733959756087203,42.5479055227961,0
2025-01-29,76.30140253291444,2.61911400096472,0.2947589670621511,37.82853659713061,1
2025-01-29,70.18120536894695,2.7794997900604286,0.2193259487874664,50.64247289443908,0
2025-01-29,70.21424542552478,2.6186121043557,0.3422536500603325,66.4090879712979,1
2025-01-29,76.71893940774943,2.4061968491040173,1.0213775360211075,31.741863113735015,1
2025-01-29,74.75673824214775,2.2612033269973737,0.7477454204752572,60.63216352123551,1
2025-01-29,75.16398497705794,2.4253079034157974,0.04386372650407037,52.898929117548356,0
2025-01-29,71.20752332649965,2.5942388489351997,1.1050448800080817,47.01796466207268,0
2025-01-29,73.84799642897116,2.405175111663108,0.31910904543916174,59.7632177642024,1
2025-01-29,70.37883427865847,2.594301604939429,0.6810197414503687,68.6329769776653,1
2025-01-29,79.45099205562393,2.6317450401101254,0.07543425426217573,39.16824844650764,1
2025-01-29,80.17624667361876,2.7499538293810546,0.5554226929717211,35.74589460288478,1
2025-01-29,65.76906068880953,2.884838490651694,0.13480715275409302,66.51526980890789,1
2025-01-29,70.35244569903794,2.5234022255436575,0.28846570589329545,56.758123098292145,0
2025-01-29,67.51735372454961,2.1076670304557017,0.008503333560987604,47.51944086247864,0
2025-01-29,71.74988032796551,2.396468770954243,0.08220779759251046,52.930382810571324,0
2025-01-29,74.58281015104819,2.5132187702219797,0.048299776562470684,59.82455620704976,1
2025-01-29,67.75177390150735,1.9492693731468729,0.13705014389440293,,1
2025-01-29,70.39070093437344,2.9165993560307446,0.052690307943429646,66.79576723275858,1
2025-01-29,69.98021313959251,2.54271337375314,0.5886817086513211,47.07371155582491,0
2025-01-29,76.03633664699473,2.6144058503740855,0.014734952734237788,41.7364364007758,0
2025-01-29,75.34672168518125,2.9096579387578796,0.48082779163590256,55.58657067159368,0
2025-01-29,71.39131223331373,2.310957150957296,0.07582314386659898,46.629115971181214,0
2025-01-29,75.884104360697,2.672212579265209,1.4516809980416858,53.78393815795911,0
2025-01-29,72.26659957706367,2.467040763069419,1.3522338612481928,46.79943193823801,0
2025-01-29,73.64172444836973,2.4447739398952244,0.12777081248525163,36.11983146712698,1
2025-01-29,83.36726045149268,2.2683422836586864,0.4765049758760423,48.777070066358334,0
2025-01-29,81.70230525895174,2.9996809641059583,0.014202473622481934,57.636712877641315,1
2025-01-29,68.50209381536202,2.387349987977329,1.3425713688947718,61.971352306705995,1
2025-01-29,79.14866208939587,2.7098392740687105,0.3701060904416104,49.73305107186187,0
2025-01-29,79.05698277245796,1.937497783758419,0.022092546397210578,36.60951560841604,1
2025-01-29,69.2586835562369,2.853996558906936,0.20965525214810296,46.587508385977266,0
2025-01-29,79.0938882187743,2.8156633467871175,0.039981480601520555,61.45175715366793,1
2025-01-29,82.68965959206277,2.5292302330891907,0.24956747947699032,46.51437082468291,0
2025-01-29,69.38727596877793,2.4319172601586225,0.5542197219282602,57.86123174416889,0
2025-01-29,70.41248589492868,2.62000000168407,0.31733528666519656,50.28854726712359,0
2025-01-29,80.08830733421752,3.1866371982640866,0.24202870102976037,39.64892500437587,1
2025-01-29,76.35747655412824,1.9710289903289544,0.06343796360553385,61.846020320922975,1
2025-01-29,77.75738137619761,2.7346082162722385,0.14047839940567663,33.368538162827484,1
2025-01-30,76.70294608200248,2.226514809353829,0.05275986846551421,50.99561131020602,0
2025-01-30,76.95347960464072,2.4940244811100807,0.8238262682397183,38.3556413697362,1
2025-01-30,68.36763935844459,2.425635964276401,0.07265153413955498,32.68262514165502,1
2025-01-30,80.23658853310724,2.3715045226606732,0.45239526489667564,50.117357483329954,0
2025-01-30,80.84794996213887,2.4968604612841814,0.20983811491981774,49.98248623739694,0
2025-01-30,73.85304627965986,2.159748656416663,0.12807773949013365,58.27603606702883,0
2025-01-30,74.78261525093069,2.8087541308383903,0.5100878898019771,59.790027722076196,1
2025-01-30,67.34446248722139,1.9617569466404199,0.3053251060267265,59.111659547715874,0
2025-01-30,77.57127378008917,2.6619293538485027,0.25553404931745555,46.3823493166702,0
2025-01-30,77.86028720857072,2.402039244239629,0.4492892676457078,55.267591489062504,0
2025-01-30,74.68904491500345,2.148722531857764,0.337916596710137,53.07780970575841,0
2025-01-30,80.62176679935251,2.5607150111796084,0.18083240672218245,46.862470244676786,0
2025-01-30,73.3296138451003,2.032914673988057,0.4094246938587626,53.88850776743973,0
2025-01-30,77.823029629468,2.5119141465158905,0.5535721563713099,67.8899150682505,1
2025-01-30,69.90167830653942,2.0731369276565337,0.013527945242274247,37.715749747255096,1
2025-01-30,74.88223924562881,2.638381625295349,0.3135596304146064,66.23088383142105,1
2025-01-30,74.12822871048581,2.222692799910887,0.029706922486325803,32.138220559327934,1
2025-01-30,76.1265396102047,2.3647017948912072,0.10314654436462904,42.335568516066424,0
2025-01-30,73.15236535583321,2.588184816382949,0.41106871740713224,41.52580994446113,0
2025-01-30,74.34263702164166,2.2682373664473294,1.0056631445853939,55.054604315236226,0
2025-01-30,79.13023585720754,2.482610800099509,1.0719609301264732,35.24899807109161,1
2025-01-30,,2.045850849626544,0.036255245247511635,65.29390447359015,1
2025-01-30,66.9671144963066,2.6892626810788465,0.2715927049475612,63.14205633860165,1
2025-01-30,83.7479195210271,3.0294741416652315,0.4373423020388461,56.082632787411114,0
2025-01-30,81.90727039345244,3.337662660372988,0.07953884312793005,48.33655327168791,0
2025-01-30,68.53868652447191,2.5273504439999317,0.7250053392353389,67.31824168568313,1
2025-01-30,78.44853902622597,2.736461242239156,0.6817486176462234,63.22986218882224,1
2025-01-30,72.48512614724328,1.9658122981277533,1.1682830499827352,49.972605923249795,0
2025-01-30,76.3174360766553,2.9508202978916764,0.0042611116443311324,58.07493417817245,0
2025-01-30,76.47112064506747,2.7328685514172317,0.12210969994935013,52.677198087187385,0
2025-01-30,73.82796099841839,2.35481996651463,0.8777717702066529,53.51768953553058,0
2025-01-30,71.08117167206802,2.8711542400867027,0.5552109504599079,43.23904277749885,0
2025-01-30,71.5472947384187,2.4236571770063975,1.1240004149624694,48.48338418499587,0
2025-01-30,70.41904042259378,2.362592445095633,0.029439764158314122,33.12485723158977,1
2025-01-30,70.84088895884777,2.6426004776282475,0.45436465296853507,44.2939476665837,0
2025-01-30,74.66410854975322,2.1809936500509046,0.4208776285579334,57.83314061448608,0
2025-01-30,,2.8064874293199846,0.018163149514556026,68.12864122024746,1
2025-01-30,78.4102603285631,2.183203056421947,0.36028187872265677,68.52256451052081,1
2025-01-30,82.43623077667964,2.184983563053044,0.4701896623264539,52.228914764995665,0
2025-01-30,72.09973379314978,2.2270930634774997,0.10615940922929461,54.26489007238328,0
2025-01-30,76.19702250267689,2.7278500112548367,0.15964112552140466,37.4288474200387,1
2025-01-30,77.49842555151467,2.3149673915440876,0.5113082820636049,57.81232432374123,0
2025-01-30,77.36001135459637,2.0956012646898494,0.315838820340683,32.82635170697545,1
2025-01-30,75.37977633958043,2.3182960000192607,0.9760122030325572,41.387427431977784,0
2025-01-30,78.71341209179862,2.490387288795854,0.209565353768183,56.73453389141769,0
2025-01-30,77.41124476340329,2.1457082549006845,0.15507268580307143,42.41240526173957,0
2025-01-30,68.81168788836351,2.154495667289697,2.0954037344602403,31.993874964578172,1
2025-01-30,79.34578032194636,3.133388900229875,1.2103227905501195,63.27481637403855,1
2025-01-30,79.4364541863337,2.241830378855834,0.01471066951949631,42.41320028538252,1
2025-01-30,71.18356947910709,2.403087289368098,0.7364244455452411,32.524208994347134,1
2025-01-30,75.18968917723801,2.3898288997602144,0.058455018691821105,32.99152658011461,1
2025-01-30,78.41664496405535,2.3735929576688677,0.013934989889788658,40.070351951550144,1
2025-01-30,73.9534309021032,2.6864040219907306,0.15989297629266983,37.12063788886105,1
2025-01-30,80.36489023883006,2.784442885141615,0.15690754498880635,60.97200471120603,1
2025-01-30,86.8193624730968,2.4082136705405226,0.8555104591233361,42.86736186668138,1
2025-01-30,71.07006983682508,2.1290565140222952,0.620088927549237,62.1878314015933,1
2025-01-30,68.09477698423113,2.882332068354671,1.9979585503333233,36.953839912926114,1
2025-01-30,76.51909297802437,2.4713976726409954,0.6215524545763442,49.71516718176335,0
2025-01-30,78.60781252563072,3.0190965444571507,0.27086201131138765,57.52148534212515,0
2025-01-30,73.84566813077616,1.8263242307304512,0.6002023570110058,56.07963415463419,0
2025-01-30,82.26630331660517,2.558620966384996,3.7611077380564524,54.04517639721075,1
2025-01-30,68.30697100138376,3.075581900162862,0.6191818629695846,66.9928640772468,1
2025-01-30,78.46459311515805,2.3940207593685527,0.7170733301697566,39.141005908269776,1
2025-01-30,71.97069589620553,2.432351972999609,1.3932628172168866,49.74876817848421,0
2025-01-30,83.59688953103648,2.5886535074771015,0.060322397781779315,65.35970200289636,1
2025-01-30,84.9625767658406,2.3323612543345127,0.610024490596672,33.11575062380628,1
2025-01-30,71.16671706108326,2.40637842038418,0.9512537623837556,32.23553073012301,1
2025-01-30,72.2522143204571,2.398655471742579,1.5436891895720186,39.33209150233166,1
2025-01-30,79.297939434899,2.311773779672088,0.11847501792069981,55.32084878152074,0
2025-01-30,73.06434675105243,2.868656965060168,0.3505181164555272,,1
2025-01-30,74.77294391033881,2.6383234096889305,0.5705848435099564,37.60959535235196,1
2025-01-30,75.12694210271205,2.575188469630991,0.1421556994475052,48.35209261433168,0
2025-01-30,65.40163421901171,2.742571302067035,0.45873679464996686,54.54392275077646,0
2025-01-30,74.93081126952882,2.4206932500389597,0.14891925915457982,39.942308280669614,1
2025-01-30,71.55136112967912,2.2677388544941297,0.20282532805930137,42.02764746894968,0
2025-01-30,72.53438588800114,2.3192127086156327,0.291267068664209,54.542372192460554,0
2025-01-30,82.21816001734408,2.5005349123313825,0.37665043655871355,67.82953687957811,1
2025-01-30,68.71746552860373,2.1822364874881295,0.2983423521114001,56.98966909752353,0
2025-01-30,79.06602593373988,2.349921695023997,0.3398149951883856,61.3161657433824,1
2025-01-30,73.60518534834095,2.3451650074385695,0.17733045551000867,44.67240379021875,0
2025-01-30,73.60119915752082,3.137366868948704,0.0865610572733237,40.89017437537864,0
2025-01-30,78.95185948025856,1.6678555180198251,0.02425384013247436,48.1707097281049,0
2025-01-30,76.70025647284446,2.44611408357831,0.10906477279537434,62.28531314846695,1
2025-01-31,77.85306498609765,3.0177081378444313,0.4360695133062255,48.251985671622236,0
2025-01-31,79.84092330266431,2.5365533392397364,0.7711594426226188,63.86901635159444,1
2025-01-31,73.34345808408338,2.726025242026328,0.09271173985889193,69.55087922780508,1
2025-01-31,71.93881632746125,2.5299478945299305,0.0574559693484124,32.88106662921345,1
2025-01-31,69.57424736721102,2.299799985635056,0.6917299122072387,31.816406243348148,1
2025-01-31,70.87294735010522,1.8274252196473262,0.1820356365467759,35.98358811653447,1
2025-01-31,89.74547212654363,2.5616367061108907,1.5130899593914566,45.37478702937385,1
2025-01-31,81.22339790368393,2.2673180186192825,0.6264379360025175,35.241688365817296,1
2025-01-31,68.24462816895989,2.259899378150409,0.19782376474821453,64.82657910475024,1
2025-01-31,68.38771021628214,2.3503038232062665,0.17092324952244434,30.92585004108255,1
2025-01-31,77.40933030859246,3.023458421987048,0.37085199156503124,42.6317086534329,1
2025-01-31,77.73632398688983,3.221451262676192,0.041226166228484226,37.387785179768215,1
2025-01-31,77.74441917658682,2.5651623812585203,0.06259826225458473,67.26157320630129,1
2025-01-31,73.72522103223152,2.3605698328264815,0.09670614490689197,56.77924019560112,0
2025-01-31,74.3727286999855,2.146832074764637,0.74521357826639,66.48121025805497,1
2025-01-31,76.63939762079679,2.6405620484638206,0.360626599348965,68.89314841241574,1
2025-01-31,75.42946503146665,3.034871680019543,0.005311675641402595,49.88392974709477,0
2025-01-31,63.90349813626232,2.4257978838924528,0.5596879758379321,39.37276432192105,0
2025-01-31,73.85100184712402,1.7863011877740327,0.2755549393120834,37.74915144786357,1
2025-01-31,70.74296782869843,2.701014901544657,0.3575454614670457,38.91675446743362,1
2025-01-31,75.87605709454256,2.795619913435015,0.1204731949364785,58.34373230488011,1
2025-01-31,89.92629501301705,2.024246307884246,0.40123803366979915,31.61782912492003,1
2025-01-31,76.83740832737152,2.552945255098886,1.9352783632875379,32.05444292130859,1
2025-01-31,73.432351569138,2.6353678048408296,0.03814076916833864,54.325717695326,0
2025-01-31,79.60900750988625,2.4780678093973183,0.1669798775390978,55.68228586949626,0
2025-01-31,77.41343943604606,2.2627687242743937,0.13919442285468028,56.6105169728984,0
2025-01-31,77.10047245225921,2.8047811670690668,0.14287484418866453,44.87522018354365,0
2025-01-31,78.03425296607836,2.378986076209395,0.23797572732346237,62.237795548566126,1
2025-01-31,85.28271782414771,2.05444415119002,0.8521759933957341,51.344983509064704,0
2025-01-31,69.34555782337043,1.8851576542990958,1.2201121123586915,34.21862520037678,1
2025-01-31,77.36816038405728,2.878254855999793,0.11295812550976303,61.88397228269381,1
2025-01-31,70.3680943500923,2.6849991929413353,0.3914811745581188,68.12271145081833,1
2025-01-31,77.77756323171124,2.5263920641387507,0.5065370849228059,32.401452520094345,1
2025-01-31,70.40656744256952,2.367917608944759,0.3688918396589304,45.6540535480232,0
2025-01-31,72.91316593197458,2.341300475739062,0.28464809098393407,49.5006417933899,0
2025-01-31,73.52455042881047,2.1772790054675166,0.10658145319493577,35.85883040313268,1
2025-01-31,79.87908359672355,2.3705633066320346,0.33492959084177015,64.70835791131509,1
2025-01-31,79.59227221971207,1.8639738354639477,0.2564261945601126,41.36598579560176,1
2025-01-31,68.77141311776808,2.2791809039594457,0.7937485962984204,61.32034159752641,1
2025-01-31,75.27467055499925,2.406718745094672,0.721124216697996,56.83977928113264,0
2025-01-31,71.45210072625413,2.682964014157126,0.07193442378183414,,0
2025-01-31,68.70747544662333,2.488022060987991,0.046342293754909204,37.685713947862176,1
2025-01-31,73.91491474787814,2.7384769341626676,1.1938206997037732,38.828140822036225,1
2025-01-31,73.4575860577209,2.9047405315340287,0.38340589054738544,31.89393618986277,1
2025-01-31,87.13358243172762,2.8174510281472305,0.9752636764664125,39.628497191290656,1
2025-01-31,77.16479912680349,2.641152954213567,0.029955221252501392,43.817744378420564,0
2025-01-31,68.11191249622881,2.503558803754235,0.3738181739690902,63.325812154497015,1
2025-01-31,72.17612997914529,2.2057635974759324,0.38764142927522444,44.65570666859221,0
2025-01-31,80.106916477147,2.721983215413795,0.9855699947083055,60.18487131062426,1
2025-01-31,85.44221386434963,3.003924214666459,0.051354238949122596,47.5776912518195,0
2025-01-31,67.07008343881022,2.6026318118951255,0.13751164280932843,61.39473247975553,0
2025-01-31,65.60037807430477,3.0751777445278368,0.26089131142472344,69.0508640174816,1
2025-01-31,84.35482587685891,2.042328487581675,1.004366579496469,39.5936623223032,1
2025-01-31,76.94807088685452,2.1537509845661376,1.3974851871574272,64.49366447855505,1
2025-01-31,70.65853634061817,2.7565604523244787,2.4616295888779733,54.87296345223099,0
2025-01-31,77.67314543061218,2.5792870630459754,1.5994567823447778,62.69177046354619,1
2025-01-31,61.82126130491561,2.8941346529715424,0.002979739156100002,56.06343609071221,0
2025-01-31,75.0168775329858,2.495358507781978,0.024441963545801523,46.957980290966006,0
2025-01-31,76.63910586421542,2.2396073732415003,0.07985368936995978,,1
2025-01-31,79.62135069768915,2.435922027338487,0.21451691314441257,32.8014090132466,1
2025-01-31,69.93052023853731,2.04019480872288,0.8857373937369244,51.42073457842868,0
2025-01-31,75.4284358070168,2.1614227980708898,1.1158592339391,69.61304378107462,1
2025-01-31,70.37287686970207,2.791733199375403,0.10341025394013147,59.52167220056825,0
2025-01-31,76.27691877837158,2.761836224340883,0.48335030253303074,43.09382165596067,0
2025-01-31,70.52326838818487,2.608901285441823,1.2466427375471278,63.08819200346941,1
2025-01-31,72.9594958041989,1.9836767437118592,0.3115603752252843,60.75936000705626,1
2025-01-31,70.02092302604885,2.3924789273461333,0.0546527947039274,41.265431734138275,0
2025-01-31,78.25568120911828,2.132500033401985,0.30607275880132634,30.572299591769386,1
2025-01-31,79.29225558328332,2.85295997613633,0.23563814119310156,34.72650554135798,1
2025-01-31,73.82689715021293,2.3248833599312198,0.4309699286547004,65.09224761248231,1
2025-01-31,75.19118997480014,2.1742756867655353,0.28871307638585586,63.46252141219487,1
2025-01-31,67.75704292683228,2.5089388495364275,0.008749065040802717,41.8083600351345,0
2025-01-31,73.50161675996607,2.3079536629496165,2.557809058350471,41.40781705137682,1
2025-01-31,74.74897691479127,2.9451231730611123,0.3921273634100653,61.71459948409884,1
2025-01-31,88.10396545514988,2.279556730739743,0.3208761633752428,67.50949879581688,1
2025-01-31,69.44016487112918,2.0802315222326104,1.546312939702559,61.165490271904,1
2025-01-31,82.32088619376219,1.8541259452727454,0.08471867841126747,,0
2025-01-31,79.98429386732904,2.4907640492759753,0.10489012128528832,39.70685401327218,1
2025-01-31,76.40318202245068,2.331420965842622,0.8251683639701712,51.029916563810424,0
2025-01-31,83.79310242097567,2.071328618046482,0.15111440251348832,39.340474343730584,1
2025-01-31,76.86052736303431,2.8567679383767355,0.8027904458842012,62.32045680387095,1
2025-01-31,76.94579597833965,2.7001735442287726,0.15840680792119954,45.47844318070949,0
2025-01-31,74.73439673491227,2.491534636318831,0.016875417840230417,63.34788867976105,1
2025-01-31,81.11784441209313,2.9092978732512598,0.3638845550158627,45.26436871930901,0
2025-02-01,80.48234616905442,2.698760810019584,0.10950507413261057,62.96597620799565,1
2025-02-01,71.87161356251893,2.25314322954447,0.7090913006391244,43.332712606609675,0
2025-02-01,68.40376402700616,2.18823395080277,0.5124945632955367,47.60530818470679,0
2025-02-01,73.98509681302171,2.7453944633361584,1.2859037522981775,54.6195367737063,0
2025-02-01,70.99980717801176,2.6189100869402053,0.7639021368638328,32.81150456119675,1
2025-02-01,74.68237712692323,2.5509243303911986,0.0996988365632947,67.92828247261858,1
2025-02-01,81.1871906734207,2.246050659139328,0.8051147044543961,52.94423144495213,0
2025-02-01,72.71349172456605,2.682384270101726,0.5132440252552294,50.31280058763209,0
2025-02-01,74.78588309344212,2.273350335059815,0.5527454084381677,63.57575884479648,1
2025-02-01,75.29011367404198,2.4694040036218965,0.8926786612972198,64.6305091958731,1
2025-02-01,79.24215441102642,2.9340832439160938,0.42645151742113613,50.89041618116064,0
2025-02-01,63.765553330076976,2.301749729256956,0.3136830106145079,67.0904930317455,1
2025-02-01,71.96649852617352,2.028103222878142,0.5061820250154978,32.58951064305923,1
2025-02-01,76.05641846139736,2.1842358424389667,0.17688061714277428,34.529031690048704,1
2025-02-01,81.00039478213431,2.798289648006287,0.10081159902760346,53.871529200577605,0
2025-02-01,72.54048776246897,2.576419341214063,0.47932236380988974,44.162634471743345,0
2025-02-01,65.61723646979063,2.4613367863933737,0.1331875886229187,48.56900664756795,0
2025-02-01,78.09855722983067,2.347271858406529,0.04164467037327557,43.12316871588666,0
2025-02-01,71.82318805587185,2.645607972265957,0.00027716910114429874,46.189012457797425,0
2025-02-01,69.0516667045482,2.245268544702933,0.4686542854055855,62.90585388585198,1
2025-02-01,71.87827305143388,2.591699670592779,0.22482511289023116,53.73904799417219,0
2025-02-01,,2.280623629356113,0.6977906168154939,69.89378197133993,1
2025-02-01,71.97627667730893,2.230702184417484,0.2351429531915711,61.475167912838515,1
2025-02-01,63.97216971450465,2.3087537695524967,0.3327693610920786,40.94665016407306,0
2025-02-01,79.48533098443566,2.3873777660548114,0.261352091681899,40.57380470906785,1
2025-02-01,81.37437520639361,2.485351049219889,0.5257328673993926,43.43593080468028,0
2025-02-01,78.25760995669752,2.5706367385333344,0.22013633315698214,63.73037922590971,1
2025-02-01,69.31157164787592,1.3934904125714669,1.6589014556067698,31.091506026022625,1
2025-02-01,73.99254233026241,2.2577048326759703,1.3755857513029819,39.20725115485031,1
2025-02-01,74.96739342385271,2.382529006793188,0.9420291725503046,66.19673681377068,1
2025-02-01,77.99397194780956,2.951518611582499,1.26474454404096,55.595857443330075,0
2025-02-01,78.3417024435904,2.1759992174853604,0.29813701002274096,39.073883820042255,1
2025-02-01,71.32913100610752,2.5488389854299736,0.3843993682557319,38.765798729303214,1
2025-02-01,75.4099777820678,2.948509092920751,0.6775773221800697,64.50472407037722,1
2025-02-01,77.2864020230762,2.106109441015818,0.5956038545328977,65.75030033108186,1
2025-02-01,82.27911161073384,2.6181925677593205,1.1067315356831053,40.24524363848461,1
2025-02-01,,2.2593184498196437,0.6299736547900266,46.82041432306129,0
2025-02-01,78.94528343687759,2.34860987731323,3.0792812612760216,63.383829545132684,1
2025-02-01,75.4191331396468,2.259066749814006,0.21424339236549278,60.84029754439542,1
2025-02-01,82.05229572601752,2.280442807475234,0.8948739735661632,62.55664426264338,1
2025-02-01,77.04881397979749,3.316573644371948,0.5980598980887557,50.73592763151875,0
2025-02-01,70.69456044913215,2.7533367616214997,0.5878327082703758,66.46196193220692,1
2025-02-01,82.01684985062596,2.830521358535863,0.1971406366261365,,0
2025-02-01,78.48951636269514,2.6475980460509487,0.7699601050012224,36.26688537390072,1
2025-02-01,72.78477989435758,2.0181229634794127,1.1531762019413738,58.34929330259459,1
2025-02-01,72.60253516300378,2.618487391096992,0.12330107097309648,51.57417664027585,0
2025-02-01,76.4828777257038,2.8218788843522042,0.4910775152221248,64.18343075237924,1
2025-02-01,77.31592397633793,2.2439801577882665,0.24890109000036026,33.246369964988595,1
2025-02-01,75.98646132815604,2.789598000148338,2.2804866724910986,63.747696137522674,1
2025-02-01,76.55654336721443,2.711300862956224,0.32584219889258587,41.73178612835289,0
2025-02-01,83.4997868728819,3.055612013444101,0.12959277394021454,56.19422668672732,0
2025-02-01,80.35771576117443,2.374665096245914,0.2405182340789365,31.60515156313023,1
2025-02-01,75.95317795632512,2.170716705317282,0.5304247657590815,54.38325185214403,0
2025-02-01,79.70655290383742,2.3915115671882363,0.03956996712907577,58.69086756749344,0
2025-02-01,69.8373804823623,2.930671297949087,0.4626681603442425,44.750008580224815,0
2025-02-01,76.98963524973405,1.9514782357474112,1.3384557352992692,38.61642821048561,1
2025-02-01,,1.8794872853706903,0.9497707493856071,51.5052270641418,0
2025-02-01,73.90977052303813,2.526818583679484,0.03503612153767297,63.32763217742586,1
2025-02-01,70.76183035690458,2.367223212167753,2.5095766401069564,42.94189433186603,0
2025-02-01,71.73955555703469,2.5023183679527055,0.599869097649096,40.09877190085118,1
2025-02-01,69.55183481328805,2.7835935313707596,0.08853617360468934,41.15741234550751,0
2025-02-01,71.07619045936148,2.3342291961643444,0.00624690641193576,67.96528611666658,1
2025-02-01,73.14745950704986,1.9380982507208138,0.093938059199421,44.37107663058239,0
2025-02-01,67.97216490410679,3.1133444671599833,0.9106227319789973,30.144169595531487,1
2025-02-01,75.07809166974802,2.2008315137683674,0.010938444266709552,61.26724831838479,1
2025-02-01,79.51138586893323,2.1822888633963706,0.13273027385623415,57.97099181341561,1
2025-02-01,70.46121909926539,2.831116004116779,0.7079761105235861,35.14273058411875,1
2025-02-01,82.59641961820884,2.384653263687545,0.4410781678646722,69.3961699653965,1
2025-02-01,77.55396044263797,2.4809830443895566,0.7633203709513959,54.32249141220445,0
2025-02-01,80.15290292812028,2.6448370372180956,0.6855068611664132,50.03117963762406,0
2025-02-01,71.71082723073931,2.8250749309329986,0.025963266958485637,45.28877070491564,0
2025-02-01,79.27262613533308,2.3999617920454686,1.1151853305941222,65.94691022254551,1
2025-02-01,69.54033049802344,2.9559856017742896,0.12875870700705916,39.75853925674253,0
2025-02-01,79.45123750418254,1.8592600453795585,0.4030375061670664,41.430756008796074,1
2025-02-01,75.85919669896765,2.7279361710859233,0.516817152171505,34.89643226746268,1
2025-02-01,77.76625609992392,2.2481417325947026,0.0923390922615745,60.3647638233704,1
2025-02-01,69.12202697187574,2.911681394982397,1.8696919341057323,53.82197121623413,0
2025-02-01,70.52465078861698,2.5426133436491636,0.33486765103809263,54.362646770179936,0
2025-02-01,77.98614109126693,2.2981284003971796,0.029685386143313813,38.738817240778545,1
2025-02-01,70.258259978879,2.6988523279064895,1.384394334022793,56.04673556508335,0
2025-02-01,77.31603146049561,2.7679565041621754,0.4412682393817196,60.61833788987456,1
2025-02-01,68.16431096769877,2.6925682368575914,0.600643537034148,44.31554122902757,0
2025-02-01,79.24087106333334,2.1910911281100818,0.37240531375877867,62.05388575846849,1
2025-02-02,68.83738342615746,2.3547948629133746,0.9001114559979085,43.95162354128084,0
2025-02-02,77.76149968839762,2.4987781488635696,0.01684740489992664,60.325538460371504,1
2025-02-02,78.12815466823001,2.487622104204982,0.15624589555545118,31.34920429830876,1
2025-02-02,71.51614090785212,2.7249236426315044,0.31710750697751333,52.04658405894611,0
2025-02-02,77.91013283542364,1.8955296302480176,0.03984834260969863,68.78106242559547,1
2025-02-02,76.30221131666778,2.600298116366051,0.6119290553752893,69.24978402729563,1
2025-02-02,72.30579071903631,2.4130055936690082,0.2501600123761487,41.27010313366962,0
2025-02-02,69.95722657961896,2.2484498150848142,0.1591861105296339,47.65596364321422,0
2025-02-02,65.1868715416371,2.2772539666691203,0.00169228400114166,32.519116319465326,1
2025-02-02,76.74825023649846,2.4356387006446107,0.6361799149550668,64.933652304184,1
2025-02-02,67.17598614318972,1.4196744686621445,0.8973097040973825,52.742886125608564,0
2025-02-02,75.47672099720654,2.289613128762535,0.25129691216120753,45.40402715762068,0
2025-02-02,73.68275891958875,2.237255552606112,0.4153065539863341,34.510822339566126,1
2025-02-02,78.39571387719097,2.659834962796787,0.1291824431804747,67.87069141987557,1
2025-02-02,73.48977250255068,2.2583419952468438,0.4866920469328337,51.20876191283975,0
2025-02-02,73.35276106826454,2.4354658599488532,0.006105859381419745,41.317117163316155,0
2025-02-02,78.65935352144147,2.9626829882983907,0.335344528460322,44.00860520526038,0
2025-02-02,76.67529014542059,2.798305455944627,0.5167009554768345,40.82788723688591,1
2025-02-02,76.58077978591389,2.7706814199830356,1.2516887343333967,54.07239235427922,0
2025-02-02,77.34633794904263,2.3500382708767447,0.24009633452861576,67.1985430312204,1
2025-02-02,67.32213938396447,2.6629096837868955,0.7244897334728163,64.26775213306257,1
2025-02-02,78.78394339993491,2.4298306598639217,0.4552624803917357,48.4152350170391,0
2025-02-02,78.06234397006801,2.4411720367969187,1.3087308910411435,63.05997449204031,1
2025-02-02,69.91658435711751,2.622905603123965,0.2540626993780651,46.924219251053195,0
2025-02-02,73.77959763162899,2.3209019234737203,0.19216649122350263,40.09228563034552,1
2025-02-02,74.80346356186185,2.947900931332961,1.0908124380488629,69.33660461065712,1
2025-02-02,74.32751607799133,2.451960958120619,0.02524912179278619,42.15550271883287,0
2025-02-02,76.66929983284267,2.6855081698778993,0.07331433316356806,42.948969239476334,0
2025-02-02,82.15683390915592,2.9366801437771892,0.04299927299301303,69.58771471146089,1
2025-02-02,80.40883363836414,2.8094961323725527,0.926105039679984,35.357099726626195,1
2025-02-02,68.43890403284297,2.0773242691928426,0.0053320415588732385,60.4213595203878,0
2025-02-02,78.11034995153024,2.6334687685029654,0.989010147170035,67.43251033930906,1
2025-02-02,81.64466659767704,2.7552158183381943,0.30007237202058334,50.47179977101675,0
2025-02-02,76.93404260344602,2.7675589066482247,0.0020167010475493183,30.100870468112802,1
2025-02-02,80.45490212592983,2.1660115497656105,0.25678567592488233,45.00235776452425,0
2025-02-02,85.06135222850382,2.3028894288948027,0.10338961573489656,34.46275969539308,1
2025-02-02,80.11854773053491,2.7983674707224866,0.48961591474904037,46.64750643734783,0
2025-02-02,76.24654297820864,2.2714718887952063,0.5687162532929263,61.601070465691386,1
2025-02-02,80.22544237042376,2.4100911830007057,0.3342541826644103,47.54846195535202,0
2025-02-02,75.72443916548445,2.9727627428505907,0.02068165666992186,47.2770048538369,0
2025-02-02,75.11951521642477,2.485660224884563,0.5337440615128233,52.271579076753866,0
2025-02-02,73.24292882143133,2.2819677586498472,0.922702870972287,53.26762338990721,0
2025-02-02,82.81706679416054,2.2367147929411284,0.6370622401380427,64.25185235195886,1
2025-02-02,70.90785667028999,2.5998157988755564,0.8858546685033983,42.33421756915806,0
2025-02-02,82.66183862339058,2.1000555974568376,0.11189032933130587,62.86685057472064,1
2025-02-02,77.49932061870186,2.4257992108310744,1.0986080171405275,52.63734994768189,0
2025-02-02,68.00346912599029,2.5999691604970065,0.19444667859713116,42.02118198868588,0
2025-02-02,76.83824646495711,2.8897449461643,0.006747734916780184,41.805041760243085,0
2025-02-02,64.49986746174189,2.7002644241109985,0.9270035764223976,44.44550068422898,0
2025-02-02,78.12754008415519,2.2857804646053466,1.42211771858289,54.90772970479902,0
2025-02-02,,2.853525795269116,0.532915067897934,39.23246925439797,1
2025-02-02,72.03822022173973,2.4101454887357567,0.13161613033483818,66.8133424668907,1
2025-02-02,75.61773847977791,2.1292890933851774,0.14500536702877898,52.99650336711601,0
2025-02-02,84.77078716875143,2.4483875922203584,0.314235153342671,66.80063107984027,1
2025-02-02,72.47126647869031,2.9314507603437105,1.1405638765755406,31.856174343166188,1
2025-02-02,69.705462064717,2.5495720150194776,0.0810228478908803,43.704454818458935,0
2025-02-02,82.40831701231299,2.5037565592989357,0.8742743334915656,30.912306427504923,1
2025-02-02,84.81293595265397,2.991163493410856,0.17216346817652628,40.890072603918796,1
2025-02-02,75.01847835923924,2.0705935458836717,0.8266587712689263,64.48025889074353,1
2025-02-02,80.05731517704179,2.114320265784168,1.2645621866473442,31.464388633688035,1
2025-02-02,81.70737957765441,2.0152460587099505,0.27886591983548853,47.445883996629796,0
2025-02-02,71.28757883730808,2.6117944559440165,0.22710502675809552,34.70268281892911,1
2025-02-02,72.57347082316066,2.5499479381345376,0.8103033230218092,46.67362637041471,0
2025-02-02,81.15437256577367,2.962820910183933,0.37696146942656716,63.55406337057509,1
2025-02-02,83.42507139354255,2.573042523141031,0.5767175577349076,54.92284133610077,0
2025-02-02,77.81440430087177,2.378752852156209,0.4875286208642326,59.47025381325693,1
2025-02-02,70.60092823248974,2.500538461863432,0.08296167996770858,43.964164617983236,0
2025-02-02,84.9353055584972,2.5353122255382874,0.9314892808127654,67.77590780040566,1
2025-02-02,72.34514551094017,1.9984716180015498,0.10893816837130552,58.370483751180004,0
2025-02-02,73.32431109414274,3.313099493300468,1.3462026915195806,46.87195277138124,0
2025-02-02,76.7116891724481,2.6559613054305733,0.144222042302754,47.0585920090822,0
2025-02-02,82.77080210357387,2.5630024924067767,0.661905800694541,66.7473671177319,1
2025-02-02,79.26987988276112,2.6845491952835743,0.16749544262757868,53.05618773741567,0
2025-02-02,77.07432750180955,2.7128232941759816,0.19120551023238408,58.25516839612167,1
2025-02-02,77.31644265059053,2.4578339543492707,0.18553318329309196,46.68140898052683,0
2025-02-02,75.21757334321732,2.31062765912779,0.6889493597306675,38.947710590588564,1
2025-02-02,77.79069757259253,2.679835205896511,0.4068841275363129,58.94237167977674,1
2025-02-02,62.352199611528484,2.6157132521594355,1.072587533224278,54.31295088565551,0
2025-02-02,73.51696270465101,2.2570329702731775,0.18363162941313924,50.05371521699117,0
2025-02-02,76.2066096745839,2.925710683410179,0.5888156086333746,54.96083759977856,0
2025-02-02,69.24492958190247,2.588005610896895,0.6990794327368696,38.331423442569346,1
2025-02-02,76.9316165890578,2.718945808680289,0.08213205691732839,61.75754826127825,1
2025-02-02,73.97764389506939,2.9175762663039757,0.2559041843506658,67.92651220081223,1
2025-02-03,83.77737849157745,2.5065666463494503,0.3296797288866605,65.64412576670811,1
2025-02-03,82.86509862607429,2.5950856020952346,0.21978562561850157,42.857429812280685,1
2025-02-03,72.67097215440918,2.743008171551835,0.19438703779197836,46.24023093128304,0
2025-02-03,74.24581144216653,2.2825416748599845,0.5798502150053039,,1
2025-02-03,74.63026217195804,2.5162154988538004,0.12158793100072404,53.804685232984156,0
2025-02-03,72.74170261920189,2.5376645759953447,0.6178878406581696,51.91657774706597,0
2025-02-03,75.97512492014063,2.2131824344949815,1.3670240924131796,67.0656787013378,1
2025-02-03,71.20858965556205,3.195291036602163,0.4164317113441019,51.44099843908203,0
2025-02-03,69.34692332531237,2.077811966952279,0.47264642434896453,50.597547183492395,0
2025-02-03,78.11355611950134,2.110568828893853,0.035711859368273396,31.680743650654385,1
2025-02-03,78.14764792110905,2.8942679727110736,0.9993066000914433,32.776678343605504,1
2025-02-03,70.97842120170004,2.713979875238963,0.16804960414237327,30.296812315226006,1
2025-02-03,79.476777153813,2.192210554755767,0.4773224255013984,66.52976903134534,1
2025-02-03,71.84211135417334,2.682186704530508,1.934294287022548,46.33546640070803,0
2025-02-03,76.26582619018991,2.940355133499193,0.45255498580442516,48.7424550453365,0
2025-02-03,79.10172006306227,2.490921082720904,0.6449641648513339,63.81547790369848,1
2025-02-03,74.83193717648143,3.2796468700223746,0.2946816099073657,54.36985241503112,0
2025-02-03,77.27370456070567,1.9827814567395894,0.03113233735149577,54.38006385562324,0
2025-02-03,72.41785178056215,2.7081470361577304,0.7987530637953665,41.8613771741925,0
2025-02-03,74.01766708285952,2.849958500866301,0.017812988440581445,63.35633495698077,1
2025-02-03,73.9707028455983,2.767403170481574,0.6030839874551795,36.63319904157975,1
2025-02-03,71.26710826729881,2.4386932820063056,0.011594178514330672,32.12598368691792,1
2025-02-03,74.11612918442108,2.412867555396655,0.9913579514249392,37.664134300741296,1
2025-02-03,67.25690850568127,2.6332435513261774,0.08577154832843484,40.70948875098259,0
2025-02-03,72.54423126428948,2.7447263459956206,0.361052721886405,41.29244231416827,0
2025-02-03,73.57562253315164,2.680742030884709,0.4545963717542499,56.8205439447507,0
2025-02-03,73.71910123752309,2.812017367238017,0.3058254486490348,38.71298349314574,1
2025-02-03,73.7925127706461,2.1943390128799796,0.208336457808687,57.06633217979938,0
2025-02-03,74.69117900069935,2.4316687062629097,0.3153813916106591,33.64528692935199,1
2025-02-03,77.39720759043031,2.217995220362874,0.1865588032353215,35.88809844391636,1
2025-02-03,79.37258537066262,2.3841661671741576,0.28823557611027395,50.3528579396398,0
2025-02-03,,2.8045662675442915,0.22229504590029228,66.8758321030657,1
2025-02-03,68.98399572305428,2.5323951762175687,0.41759139992349925,64.38270355244455,1
2025-02-03,69.78977793878448,3.282057748944931,0.13585460181742695,68.75013769771212,1
2025-02-03,72.56398539402537,2.5580219101569153,2.239557613675224,56.01916261112684,0
2025-02-03,73.24039341091745,2.517907564173921,0.34744430136003535,57.03259465664368,0
2025-02-03,71.1500196690127,2.5318548758320647,0.10793632265007141,55.00091995725968,0
2025-02-03,68.51941667875053,2.308657392142019,0.3241507256490465,54.91275691432789,0
2025-02-03,72.71939586262906,2.482649016286722,1.006509134619287,35.884813802703384,1
2025-02-03,75.90713310056985,2.8383364081334936,0.011024037707906068,51.74955824655714,0
2025-02-03,77.97514732917783,2.5341912004383316,0.5690209376243338,45.44271733806903,0
2025-02-03,72.2128847344584,2.2619620810349588,0.3970009278283256,47.701488631091735,0
2025-02-03,72.93501088928284,2.2224746138564093,0.09289859151774872,50.94402292236949,0
2025-02-03,70.36650845576345,2.364939432500247,0.8504380072965875,35.13584687209006,1
2025-02-03,74.84280414812612,2.522159030323264,0.23013329215156597,44.379509354084796,0
2025-02-03,70.75785682904592,2.8580759606428785,0.1739298341772459,32.537982435064144,1
2025-02-03,77.865639066206,2.097853407590069,0.8804944634101288,69.18672521689597,1
2025-02-03,66.07066754032944,2.4040521166333733,0.5087812619272822,34.74112115280504,1
2025-02-03,73.20185163773769,2.543293005830524,1.1426628665450411,,0
2025-02-03,76.50553669595871,1.9498882697111695,0.49696900416406325,65.6517170681359,1
2025-02-03,75.91917258161253,2.249920515110078,0.675111720781356,49.30840184956567,0
2025-02-03,88.46516831990249,2.296033438079144,0.9053057168281194,35.42548806082521,1
2025-02-03,76.74900012283953,2.2612088878448504,0.028147435940381823,45.369221521573955,0
2025-02-03,69.97972701578995,2.5575668635064943,0.7481639086986859,34.63471976765543,1
2025-02-03,74.52267876455464,2.451832117149461,0.4755788943830867,38.00863988338007,1
2025-02-03,66.11876833266774,2.3334141692196892,0.03602079088992457,32.0811938779938,1
2025-02-03,74.5970012535162,2.6283887879657906,0.35522594543112185,47.529099781964,0
2025-02-03,70.83471971499621,3.016922415293875,0.04302850426330863,62.265444869010395,1
2025-02-03,79.57695137780081,2.9917769550225257,0.6658031011796034,53.43876714799582,0
2025-02-03,72.25229862702233,1.923168468381299,0.3953818943508728,54.25381221938447,0
2025-02-03,74.41617042102376,2.673121655150542,1.5349428339636144,38.023361203329614,1
2025-02-03,71.82221079297798,2.4465930129808484,0.10114094566455677,43.75575373009466,0
2025-02-03,83.69425675926665,2.546546602859607,0.46574463908144154,63.80968415363328,1
2025-02-03,73.39378616941045,2.3805150899372354,0.11886352179908863,33.514247373060584,1
2025-02-03,84.162785217396,2.535276588966161,0.47604313895326295,64.31722614674135,1
2025-02-03,79.07075881059133,2.5454222188216056,0.641236979663948,49.34760105059142,0
2025-02-03,77.41033363667692,2.326314472795323,0.6406147373712165,63.485897253004694,1
2025-02-03,76.8436657365876,2.231089735652446,0.8438997417703643,42.720256775776015,0
2025-02-03,76.96898649108125,2.3653912952141547,0.9605363811351605,43.55371806332083,0
2025-02-03,65.36163710327195,2.5702777793370295,0.040210241238780704,60.06419473292571,0
2025-02-03,73.60558302924622,2.679698902505279,0.21023898748195188,61.39984693568881,1
2025-02-03,79.2257898559216,2.756004693202044,0.5809718019616941,39.18578711960587,1
2025-02-03,74.75551408262947,2.351742993079926,0.3451618724952657,68.91485299287622,1
2025-02-03,67.97405076598213,2.585153370190821,0.10577794093641506,33.379604169793154,1
2025-02-03,74.73797774711265,2.7887507775859897,0.4022735820908918,32.74011852408523,1
2025-02-03,83.52052758127746,2.8496784685432384,0.26164790447169106,53.82016861144411,0
2025-02-03,81.23445857767359,2.4823501437605433,0.2471795370183094,58.90963071086486,1
2025-02-03,74.68997995316984,2.4337204825181162,0.829717911085961,68.43544516899895,1
2025-02-03,79.75724638529043,2.5573372701509176,0.2617851920100842,46.19783123195446,0
2025-02-03,73.16746489815974,2.155087758130778,0.013405361159639554,31.011656359585324,1
2025-02-03,66.4806420658664,2.4419171466893475,0.029908622702144047,54.11585357785628,0
2025-02-03,70.37767005935223,2.723375919541939,0.9698190755309477,41.58784082395088,0
2025-02-03,82.814443842541,2.6925841388331104,1.6170050107915077,47.31788484781609,0
2025-02-03,,2.4189197186908333,0.5830324641930034,49.53877928999741,0
2025-02-04,73.78308010312492,2.56531546032615,0.22656798107329754,32.580504429521355,1
2025-02-04,73.5008090186256,2.2526048979127937,1.3951752935394353,49.439271382564115,0
2025-02-04,84.52068294786504,2.7110476444675076,0.5435441029246392,47.05278667217259,0
2025-02-04,83.12979457681031,2.476653569159058,0.9300198483509124,58.501770611463726,1
2025-02-04,86.09390116724067,2.4172145644911587,0.725901591702655,55.82663644849379,0
2025-02-04,74.20477394799974,2.391482849171984,0.23832428161776809,37.40862872602244,1
2025-02-04,76.47812244373547,2.4811318399300424,0.3257169045338594,38.24555672841588,1
2025-02-04,67.41678725289604,2.3656367065204122,0.10297863898181972,40.04024715097493,0
2025-02-04,,2.697442910800769,0.172665550681742,37.15801761188709,1
2025-02-04,69.16110224366032,2.3814149355951457,0.7528220496015967,56.288527986738686,0
2025-02-04,76.08387781881315,2.9778892288082144,1.122056177742667,69.77720716801082,1
2025-02-04,69.51348736183579,2.9395631510444145,0.6445120032233024,56.084333620637466,0
2025-02-04,72.05566586630653,2.2325369530436485,0.3129066257248395,54.267261847651646,0
2025-02-04,,2.520911280828784,0.04524102491907781,46.397117334042896,0
2025-02-04,71.96062369662091,2.3048030135991415,0.029316900154693883,42.503210354390426,0
2025-02-04,72.3043864842551,2.4020057310434164,0.2344625572162731,66.44295027625917,1
2025-02-04,72.25865602537462,3.100728240293439,0.3116442794878769,68.76007496568612,1
2025-02-04,79.16666955890153,2.4077285748652604,0.46967813165043454,49.871047023509114,0
2025-02-04,69.4756860346874,2.6080678111232287,0.003255334938140646,41.6080198202623,0
2025-02-04,76.10270713506934,2.6623963882024837,2.288918116128541,60.80488830679071,1
2025-02-04,81.0897957615278,2.199811188255028,0.22623031249110406,35.29827163467514,1
2025-02-04,72.43401817743302,2.2434713576772385,0.9422488701571197,60.623529505747264,1
2025-02-04,71.41040554626198,2.1381932885775643,0.3828231376192147,62.75793497245355,1
2025-02-04,73.84737687409874,2.234208779830667,0.06988365755147012,34.996157785086695,1
2025-02-04,80.89862604180355,1.6449909672048453,0.7986695805314051,69.07445875186255,1
2025-02-04,75.97053815476679,2.6633747202380884,0.6186391201670673,69.42049161553913,1
2025-02-04,72.343928526962,3.116258152376821,0.37479113560272403,67.46877917309405,1
2025-02-04,77.4193832559402,2.544346221710958,0.3613426755809552,49.841392376250575,0
2025-02-04,69.48853925081788,2.0751193421978176,0.04577242195662414,39.84296569107314,0
2025-02-04,78.40679755221474,2.3071670851300157,0.5333373075016586,53.28037123527652,0
2025-02-04,77.04303653850884,2.362336946492501,1.2109386345330344,46.79735353885743,0
2025-02-04,73.46095764430558,2.1947245668359874,0.04894144877492953,38.23794578868788,1
2025-02-04,70.80707100776384,2.758054791518547,0.15293079529255676,46.9470563847139,0
2025-02-04,70.56659538858271,2.7430780133126,1.1629676673744724,56.555593427103624,0
2025-02-04,77.67408668172955,2.153364461854702,0.16727777419496417,32.83653243143964,1
2025-02-04,81.14490251244531,2.7175243133342524,0.5305768600032954,43.33672005784066,0
2025-02-04,71.81346126485603,2.9580437990731796,0.38266345334959856,30.711795600513007,1
2025-02-04,77.29193351775743,3.070767461568868,0.45357581672798225,59.979820218467026,1
2025-02-04,64.56486490698965,3.359563606925789,0.2687464457832261,55.627650704668035,0
2025-02-04,72.076911346714,2.2294022051670406,0.17833137954484907,32.506885388078636,1
2025-02-04,74.84470533564549,3.347266127918561,0.024875374324582877,68.58950238407871,1
2025-02-04,70.45158291509084,2.3937380834473636,0.6818379281128387,30.90486228508403,1
2025-02-04,70.31746812605202,2.322260363385846,0.6853945205362997,53.598425859043545,0
2025-02-04,71.66110221765557,2.5981217124633535,0.5554321293501305,61.05469847196223,1
2025-02-04,76.46096364163186,2.325381599772096,0.5158981959033826,61.515852521788915,1
2025-02-04,74.06335490796813,2.6197132421939577,0.13966990449242705,31.371405423728152,1
2025-02-04,63.80884383337514,2.1039768436788093,0.011299182085347973,66.25660530561757,1
2025-02-04,64.39649923682467,2.4283742193809696,0.8269964456618132,66.73806687708489,1
2025-02-04,71.96567411071412,2.8856746703085037,0.3377897358838201,52.45561492617491,0
2025-02-04,77.28843293026776,2.482881612570653,0.18324586471877094,49.283327955485845,0
2025-02-04,,2.5424787360219647,0.05375469295807206,31.794698522503992,1
2025-02-04,72.50134911924185,2.6425775814151935,0.03238745635200182,52.47816570039475,0
2025-02-04,72.3687607174129,2.851198488795298,0.21452046465117255,46.37516327080923,0
2025-02-04,81.94168889104223,2.00343258634317,0.8167041214318074,60.91225629634624,1
2025-02-04,73.07489094143568,2.6753572155512306,1.2549507124154815,,0
2025-02-04,76.91494492370464,2.419558258227471,1.1353076319098803,57.34323333298839,1
2025-02-04,75.70628570043732,2.5499913685935516,1.26286953936669,34.056325849501235,1
2025-02-04,64.347167600964,2.817985050928713,1.1914928743122608,35.31809083063868,1
2025-02-04,78.84103608315868,2.141744004576447,0.37456758268064166,35.58840762596633,1
2025-02-04,,2.1962066675670733,0.12385622922872432,31.82101999198974,1
2025-02-04,77.54134319837294,1.919371012085858,0.7998591081390704,51.65315437079215,0
2025-02-04,94.63118853218164,2.335252317470867,0.12021669063434669,61.75870904174544,1
2025-02-04,64.57943530250705,2.899129703313645,0.15544619787162867,54.41644814774664,0
2025-02-04,83.62348324880554,2.463823843457959,0.13280005627541958,52.99819542211425,0
2025-02-04,73.56276240299822,2.097962531303564,0.36178505383160964,57.22495713610946,0
2025-02-04,76.43664452201504,2.354296376627486,0.19417680533460072,43.58581292288059,0
2025-02-04,74.77243877349379,2.053641488952813,0.08371019610594889,44.47816286592916,0
2025-02-04,72.87881833300979,2.1624441694806515,0.30181177519737434,42.5708039288369,0
2025-02-04,72.1508353588062,2.616645673079114,1.0353687213876561,58.484357314143026,0
2025-02-04,76.64754367786504,2.147838002108191,0.42262830335684826,36.46561342683097,1
2025-02-04,67.4141315166416,2.8337902915609905,1.0532444463851571,30.521011212516974,1
2025-02-04,78.75289583760883,2.4786639127508994,0.10899852432799795,53.847857868899695,0
2025-02-04,72.91902797557373,2.5256784111833577,0.09134513658427403,67.69525458936822,1
2025-02-04,69.34965330479821,2.416488109717632,0.4285124878587103,54.37631667985219,0
2025-02-04,72.74993571002094,2.731854351563117,0.311184925858762,61.316866117635804,1
2025-02-04,81.28574608431286,2.7349479663331033,0.5396587799402085,56.911628378641204,0
2025-02-04,72.32332456491888,2.6005163055736515,0.7914632117130613,49.89746614092065,0
2025-02-04,76.7922680910481,2.6694367317722945,0.6957686318772779,58.73569607135384,1
2025-02-04,,2.4363730990238723,1.4259127157828315,,1
2025-02-04,78.7896092496181,2.6626609020727146,0.25396192661950556,38.989265766867916,1
2025-02-04,78.42753869395102,2.398636667357858,0.1155795086572746,43.44521921932582,0
2025-02-04,84.24304416648205,2.5006694866487207,0.4002689221738651,38.94902930013136,1
2025-02-04,74.12218027250393,2.4176068751901107,0.05868456577079735,48.086918223617644,0
2025-02-05,78.34327402378953,2.362834438204241,0.17043674028293498,65.4025820366667,1
2025-02-05,75.49033769769473,2.293266460683463,0.11652627639558408,43.808284033413294,0
2025-02-05,81.47935890931507,2.6403070311576657,0.2525574114019678,44.97867556522213,0
2025-02-05,71.40583806195635,2.893181773844039,0.058950844786486656,64.41468938687727,1
2025-02-05,78.72502656438641,2.8513305915008678,0.01617985901551015,50.61497322978701,0
2025-02-05,74.0265135194166,2.1230303992163693,0.5347122212470988,51.417959985897376,0
2025-02-05,74.67905911445752,2.886760915422062,0.4711235747987696,64.43204813328852,1
2025-02-05,75.45876242224186,2.4045524495146213,0.6161157329247825,49.62106948101893,0
2025-02-05,,2.6802199045436774,0.539973448406228,57.26230138517581,0
2025-02-05,74.4188547843902,2.228135400385837,0.06068549046297357,33.42578663496243,1
2025-02-05,76.07356591585263,2.5425939741622017,0.1720055079344783,37.14526852507541,1
2025-02-05,82.89059028781092,2.5941169548690723,0.06935904438268092,46.175048028649826,0
2025-02-05,79.9272484280761,2.0546185624241042,0.925666852975851,49.793562712794994,0
2025-02-05,79.34577296248449,2.682480149903257,0.6869925269362316,68.62934804944918,1
2025-02-05,72.72230236988065,2.9037805023514944,0.11252706447683009,68.8260653219116,1
2025-02-05,70.55379585885838,2.4476056162955118,0.20875055590389835,64.04788349915047,1
2025-02-05,79.77650279118876,2.9080504392484037,1.6998241749789578,42.62395341142298,1
2025-02-05,79.38023396264897,2.4430919519642775,0.4508973517621068,68.56113163329759,1
2025-02-05,82.36335337875491,2.754875359313985,0.8076163280417298,57.5736345870485,1
2025-02-05,71.98009687015386,1.83442901021467,0.15366425961512215,45.71760511269601,0
2025-02-05,73.85225672319827,3.225633333794039,0.11789466166678902,58.066996679390655,0
2025-02-05,66.80257918737283,2.9486374735728873,0.7660461782799265,30.660909191461062,1
2025-02-05,73.03764446969564,2.4146123487238964,0.5789780910088487,35.846187290968544,1
2025-02-05,79.98285255289724,1.9083732920068546,0.5712474955833469,63.18742846225471,1
2025-02-05,72.66752310385901,2.5864085104916468,0.40218976400838896,55.82294547492685,0
2025-02-05,78.20239897600412,2.066822335877873,0.41457319962655403,44.567788051675365,0
2025-02-05,74.04748447001094,2.633456061267246,0.6653305092724531,50.02666560890875,0
2025-02-05,76.6202851411078,2.623469715749285,0.15735707182081704,66.20568598583068,1
2025-02-05,69.26154305092166,2.2175790492993928,0.21752559523540227,55.263124379163465,0
2025-02-05,,2.8362901070843134,1.026445651753072,45.92597135737321,0
2025-02-05,60.044320145496386,2.741672410841852,0.1847101980548568,34.8130662959014,1
2025-02-05,74.06551920919007,2.792747001186569,0.3951700944041375,41.74987206502244,0
2025-02-05,,2.5026573111006685,0.6064049752441609,69.13360931186334,1
2025-02-05,81.02997258273408,2.075342779925888,4.747858107420586,47.4945225140711,1
2025-02-05,78.88703676382255,2.7933616816633413,0.28572265589212353,48.87357855379443,0
2025-02-05,77.3333549098304,2.418888580259263,0.279389336253992,49.943921295880614,0
2025-02-05,82.60503113579689,2.083065957042199,0.9244455587376935,65.36416091792844,1
2025-02-05,70.25541739587581,2.9056118097922976,0.8186695561231232,54.1571313754124,0
2025-02-05,83.73681598957779,3.129822256150753,0.6566630137035948,57.747081458076885,1
2025-02-05,79.66095782130192,2.4876255613062392,0.311092453058773,45.57654170196416,0
2025-02-05,73.81722356390527,3.1477363463809875,0.19573607403019147,31.163504743558974,1
2025-02-05,80.67810073591473,2.527394418583405,0.4691793268024088,67.23891656971378,1
2025-02-05,69.46853243794183,2.3858632287500945,1.0446380438699903,67.96510723665625,1
2025-02-05,70.87742919236163,2.310862463744357,1.0761242310289778,67.96612213392204,1
2025-02-05,71.9570513838015,2.9911247223978226,0.05742399266895751,67.74748346586865,1
2025-02-05,72.35511145967992,2.2659568355836686,0.2796144297374544,62.609677642782444,1
2025-02-05,69.71721178619873,2.720580792992496,0.3124844795239305,57.383842004653076,0
2025-02-05,81.11541533547663,2.3322508494822376,1.899690302864401,63.78039673069142,1
2025-02-05,73.70572799815085,2.361907971227691,0.56659878480691,54.021849560041446,0
2025-02-05,76.7625248417844,2.80907490819087,0.26148825489507027,35.37478455568095,1
2025-02-05,72.1482431679316,2.385988946113194,0.013201704151206445,45.64872660165684,0
2025-02-05,65.89698349725741,2.378561386173912,0.41664753281477807,68.85179647891749,1
2025-02-05,76.35028679195712,2.839841409152442,0.05050498298479085,44.045512543826256,0
2025-02-05,65.43872512290112,2.979219187966487,0.899240878674654,64.71311654925478,1
2025-02-05,74.65682976957265,2.69340694098527,0.6982100480298595,33.72845883099478,1
2025-02-05,,2.3035690673128153,0.308564736470927,43.367353695018785,0
2025-02-05,84.93637999615405,2.346817450210726,0.28036763926461106,44.03813298909518,1
2025-02-05,79.5568136108736,2.523974579122011,1.1381613228087823,32.064101724359205,1
2025-02-05,75.5287689563574,2.596279018577697,0.17016066272689956,34.7637732074702,1
2025-02-05,81.31853338827334,2.2036402269580684,0.1431881041363506,37.72660844487084,1
2025-02-05,70.76842011267132,2.716911381873959,1.4000616338204501,63.51262363240452,1
2025-02-05,77.71739689335047,2.5256539988918796,0.8283848916929656,32.536079597592256,1
2025-02-05,75.99905216859356,1.9852875044085612,0.8591399993858332,41.94803605377549,1
2025-02-05,76.32010040666835,2.2213220552617807,0.1085768968136699,30.407000103570702,1
2025-02-05,81.36176750053384,2.348761397904501,0.07733140047082519,57.82510981612099,0
2025-02-05,78.662460513899,2.4781426933476833,0.013187157210557816,54.812123601735195,0
2025-02-05,76.44361831412512,3.0667836386511986,0.13527582571503288,55.79929048212567,0
2025-02-05,66.72556281885852,2.5714513918418884,0.7440317594138742,44.97531138858475,0
2025-02-05,70.19976852360269,2.2477684330304126,0.13724369899248282,38.33071285070276,1
2025-02-05,74.38645533202138,2.566189241292149,0.6530088255117614,58.812808531441334,0
2025-02-05,75.46686187138326,2.394373675763836,0.14511483432209457,62.444714909627805,1
2025-02-05,69.34898137663038,2.5974274718600627,0.25150520277327043,35.544059923928074,1
2025-02-05,87.0583833778921,2.6741703061106845,2.042067129950788,,1
2025-02-05,82.58197027626787,2.8627691941671816,0.14039409914060677,39.9486272791545,1
2025-02-05,78.01059160196242,2.492714051298992,0.23609952053844954,36.724274448245346,1
2025-02-05,75.36018430641873,2.99168815827995,0.17911463311115444,59.373012539799966,1
2025-02-05,73.93895515049424,2.7724067987608576,0.058056270665270145,51.52387741891348,0
2025-02-05,70.24040769988882,2.287768136556344,0.33656850517646136,38.64741329514671,1
2025-02-05,75.38740259259431,3.162956699724539,0.23796309719731604,42.4000004484618,0
2025-02-05,76.28876270071375,2.598098353981029,0.5935366802088891,68.6661468531097,1
2025-02-05,68.79119712259188,2.2494626488083296,0.8507616528449032,63.947182588342265,1
2025-02-05,76.67088208622448,2.9958739153691267,0.3929051194870284,65.19786971492513,1
2025-02-05,74.22370475587626,3.1233332755595336,0.01636306383757565,48.40048388322832,0
2025-02-06,65.46096221061305,2.4900924208841317,0.48237606760374885,54.952290556835,0
2025-02-06,,2.3489049218873213,0.02849195395634699,45.070709608176465,0
2025-02-06,72.93197233289177,2.448287512763901,0.4790205416117097,33.108479027555624,1
2025-02-06,84.43843828670094,2.71441951825531,0.5776388608608277,,0
2025-02-06,77.78276562266879,2.8833569965091543,0.11017848597859375,53.759230128285786,0
2025-02-06,68.32259215450054,2.671146199259072,0.8555862513054345,41.48577083072526,0
2025-02-06,77.43018144708819,2.530516962541531,1.2100379507804855,63.91802298909663,1
2025-02-06,67.26348005530818,2.9494035310913285,0.8385559095166274,,1
2025-02-06,80.41345526943536,2.4061490580845435,0.18200027698947857,44.6851635774768,0
2025-02-06,72.6443767409106,2.809275801510072,0.44172184136725545,34.99615621296812,1
2025-02-06,74.53181905630414,2.4135811604946165,1.2314658341826275,46.19328535940901,0
2025-02-06,81.62898323771095,2.629306887403268,0.19332024873871073,31.586452198970818,1
2025-02-06,68.56418215707875,2.4659312305628647,0.8574765040900315,40.90197580246582,0
2025-02-06,68.01440907443505,2.483244345204157,0.004760152950733006,46.02941020454735,0
2025-02-06,72.08200336826998,2.386784044761337,0.0018266841073859242,49.12661453106766,0
2025-02-06,80.19189425509659,2.9034562093542085,0.712957830753815,51.74785433900568,0
2025-02-06,67.40326962261578,2.2801221885674394,0.716583105682248,40.999645191596755,0
2025-02-06,60.83922200944715,2.2779303242353874,0.7778945184529552,50.92165338459489,0
2025-02-06,72.744205707955,3.1362980697535328,1.3298217544255277,50.36018486248239,0
2025-02-06,77.7587039995546,2.7933542693962994,0.06272850309528327,42.64712203504834,0
2025-02-06,81.00130874869414,1.7844658903920891,0.1319729976115451,63.208013226259126,1
2025-02-06,72.68419318957301,2.330422378236879,1.1702728861056069,51.825645063742606,0
2025-02-06,72.94286696441999,1.9564031987313837,0.09754305778725839,43.2907887498618,0
2025-02-06,80.76950367127874,2.2147927919754236,0.5732125617228878,67.89354048323106,1
2025-02-06,65.65129150152289,1.5584456001297882,0.37800408814206365,63.80449652284644,1
2025-02-06,73.05739612408496,2.4589031266918173,0.04342951803423435,69.30351246207204,1
2025-02-06,,2.1574174542516067,0.16792078112812564,57.68935498581683,1
2025-02-06,77.24609360642518,2.5179715770389315,0.36737246340823504,45.12891622024188,0
2025-02-06,72.45096653404559,2.012463622335243,0.9564557305328456,41.23442666716049,1
2025-02-06,75.1722050585292,2.524873555951612,0.6147111046974886,56.53271374697924,0
2025-02-06,62.55836323293505,2.3755251165639018,0.4862760172215077,69.23266329981215,1
2025-02-06,71.70875793833076,2.950585889556579,0.34262213543021003,55.06860320415395,0
2025-02-06,77.26754356277233,2.9234070585236873,0.17739834292384202,65.26459763959353,1
2025-02-06,70.0885298287266,2.735603680903085,0.06348784205494028,43.164137241910744,0
2025-02-06,75.29492110794799,2.402015865801636,0.263033961970417,46.27815129897022,0
2025-02-06,77.23436250401349,3.095614118578088,0.014466523397979408,66.25100958357413,1
2025-02-06,73.28725399571117,2.0340894166480536,0.11852989810895409,60.27466807831275,1
2025-02-06,75.85231885498285,2.0789324111309013,0.28324261821958524,69.25641281471623,1
2025-02-06,70.18633717357694,2.474865070033281,0.2711626050907391,60.99056838928968,1
2025-02-06,73.96694360151977,3.1762114326763355,0.02265322096466675,47.94062828872927,0
2025-02-06,78.05108084794611,2.4392983279389737,0.4446542170698661,,0
2025-02-06,75.78486480484217,2.4450264270372153,0.3989031443010702,66.02061969852546,1
2025-02-06,72.06734365218033,2.0674268931664574,0.04066159491516356,52.06586944392192,0
2025-02-06,76.12108202145396,2.7837788755811137,1.43378433993859,40.21589496657781,1
2025-02-06,78.57304895318309,2.785952876298806,0.05233747477313698,47.42479251079798,0
2025-02-06,64.75029360711261,2.736722560419973,0.9649392028073414,50.65263955396472,0
2025-02-06,80.79537032477948,2.3112337981457913,0.00015488994592121016,33.86879334204518,1
2025-02-06,73.31872630659464,2.2879879694880985,1.0697278288892864,59.75050697011561,1
2025-02-06,77.12744966620114,2.112063324878509,0.009958380328771412,34.37415733419892,1
2025-02-06,80.98623461822613,2.52516175052828,0.7090205633018928,46.196708534752226,0
2025-02-06,68.14163151384767,2.1758778012164495,0.22446624562106118,62.18489766161618,1
2025-02-06,71.45279498786226,2.1467750484252135,0.6701192996045612,48.702814464531876,0
2025-02-06,73.55725652062148,2.372892784926797,0.25686926894613016,63.68062078874032,1
2025-02-06,71.08123239437786,2.353253147444735,0.036773715129720316,43.6752528822446,0
2025-02-06,83.67468287918405,2.3386064413534133,0.7294469258843973,68.30545175993741,1
2025-02-06,70.71613953086603,2.6399333790520783,0.03695928714143511,38.37873727220942,1
2025-02-06,72.22226610256567,2.5237143406450837,1.2762958481761402,31.530565799572052,1
2025-02-06,76.02194515801489,2.4135531908466645,0.026159560600666956,64.89706171961674,1
2025-02-06,68.98925236961955,2.5549038784934446,0.32631488287034405,60.08810863801633,1
2025-02-06,73.02159644121868,2.2025418876686103,0.6419310398104586,39.279353482694916,1
2025-02-06,76.58726630625087,2.5315835871729035,0.24981630396343343,69.38966428546695,1
2025-02-06,73.33569797808744,2.54518074785339,0.12246040350590381,50.09120517074111,0
2025-02-06,74.53306570550026,2.0490859421927556,0.7116679249579236,68.04261760576654,1
2025-02-06,72.35333943775815,2.7987081263111087,0.7669210884627792,50.20115085547997,0
2025-02-06,67.42764845409617,2.2355698884319013,1.2799982174324616,48.87498347085164,0
2025-02-06,76.6079660566962,2.5270929397619306,0.23593477283764147,47.9655414857786,0
2025-02-06,83.7746653582362,2.849323522160581,0.3528647378394771,43.39501104531801,1
2025-02-06,75.09200815391719,2.777703027314161,0.22559364043123165,51.348059887062064,0
2025-02-06,76.12632058623775,2.5103000165706506,0.14858468197536412,48.102186477942716,0
2025-02-06,78.46361377558429,2.3912502991353795,0.695217383466453,31.469875064942165,1
2025-02-06,68.65334751726651,2.7842535725726703,0.20749403774739827,,0
2025-02-06,83.51257329064802,2.702408493342586,0.27943879198082566,38.52491200422234,1
2025-02-06,76.01164398211401,2.314490493986761,0.2584836037239274,,1
2025-02-06,83.15928449544555,2.261531905899493,0.6235466804508084,53.95479908907366,0
2025-02-06,71.33483502238005,1.8782934454912006,1.2492733840016297,60.5473240179891,1
2025-02-06,84.09030961278913,2.546209552505076,0.5494402542789902,68.27304150997122,1
2025-02-06,78.87577747017392,2.4751906764944804,0.3189343849429509,55.7615709010564,0
2025-02-06,77.7652004292618,2.8408574123927623,0.755260564712888,69.30439965618977,1
2025-02-06,76.17012227176573,2.60771652804411,0.5121765082933768,42.470562066085186,0
2025-02-06,73.75735690962776,2.900268758251807,0.03126246534892647,37.45068729251575,1
2025-02-06,81.00265829236936,2.290790731625149,0.050276924449631395,46.13239551971646,0
2025-02-06,75.70179934924023,2.8414450992902855,0.019327247660717972,48.83197659743232,0
2025-02-06,65.16465148206423,2.3413250862686033,0.3051538793987147,65.8144617141034,1
2025-02-06,69.414067691465,2.7332788185376815,0.873929001472169,52.39761756146705,0
2025-02-07,74.07077123903626,2.062372482240792,0.1877710278675705,41.68723997672068,0
2025-02-07,76.54999491582777,2.5705405898098563,0.24238419337601105,59.705371314700834,1
2025-02-07,74.71705755550052,1.904593617566227,1.2010762570253013,50.23327748556284,0
2025-02-07,81.09485394896832,2.4198587542174734,0.9067064467653978,36.48527781100681,1
2025-02-07,65.24449067980687,2.632106198163374,0.5468841882618461,53.07279150365009,0
2025-02-07,75.7179396825258,2.3437094346306715,0.15517096068314762,66.45578147229135,1
2025-02-07,65.91010387306423,2.18486871137321,0.06223852937192378,63.7049046990328,1
2025-02-07,,2.75383554078878,0.008094581431592522,53.47239890541324,0
2025-02-07,74.52770642778998,2.468961163045923,0.05659032479089162,45.08332695539953,0
2025-02-07,77.0980498601206,2.3531288058907984,0.17307698741643465,33.47915004256845,1
2025-02-07,70.68058519705117,2.5125687763462827,0.4012467741240735,48.78595693326495,0
2025-02-07,81.39732465828875,3.2910007425836767,0.033069945457609336,60.083177501183165,1
2025-02-07,80.20862332029425,2.846050854934463,0.07322308862410411,44.41094878932042,0
2025-02-07,77.91772151505944,2.848772100456352,0.09988486880037557,39.41787302206657,1
2025-02-07,74.3524137656828,2.630663895697709,0.49981184081281654,67.25518877083813,1
2025-02-07,77.89928642647565,2.549945581773144,0.4782827388365256,62.8622280183197,1
2025-02-07,71.46553716006325,1.7811753135008752,0.40010537988396083,55.531024776805786,0
2025-02-07,79.27777829510356,2.2963058960610603,0.14417543115155934,35.471333756820776,1
2025-02-07,83.2474044716196,2.3558276760392576,0.23190716424743374,35.79635361624692,1
2025-02-07,80.35305279989593,1.93753238078574,0.050844585171544464,34.12878365823116,1
2025-02-07,71.35198765096295,2.15277526293537,0.1283893389132697,54.65186667570973,0
2025-02-07,76.80708658636551,1.9057490587232098,1.1399483484966102,34.62251185893344,1
2025-02-07,68.53429228120676,2.4885028492907884,1.9483639480248054,63.70508795450532,1
2025-02-07,77.86195155587838,2.745629791254645,0.5215787422307556,69.71860007277289,1
2025-02-07,77.2530170643127,2.8320323555872986,1.2433939612767384,44.65392738834661,0
2025-02-07,65.65091830233918,2.624435338623772,0.5146483951773902,48.146793878683894,0
2025-02-07,69.19108078043818,2.2109810976404294,0.016879997798712992,58.466687079427146,0
2025-02-07,73.58430551628116,1.9203804524440122,2.8664900514646514,,1
2025-02-07,73.49570126429587,1.9729393901795493,0.052098541735205964,65.7637509422554,1
2025-02-07,68.95261532290597,2.1193052268236503,0.5738620895689197,32.30367314999394,1
2025-02-07,76.94489364676092,2.233342090589298,0.14573542244693985,36.7628721022706,1
2025-02-07,76.25736804470256,2.452075450602524,0.24877466660034622,60.18388794231169,1
2025-02-07,74.02865434010741,2.1957507345619094,0.519136232243837,57.555724321297895,0
2025-02-07,71.22104249920818,2.6016927681004782,0.2867827477730787,35.32874376160493,1
2025-02-07,80.24353563208281,2.430317949160158,0.14420520810227277,50.08258328006271,0
2025-02-07,83.27703556544148,2.5031637135223077,0.20356789161323288,,1
2025-02-07,72.58219258076731,2.8420751658013614,0.20893191548347487,38.75122729050774,1
2025-02-07,,2.145930479739889,1.60105734671806,64.85150542938665,1
2025-02-07,77.45603832705999,2.6256113734877107,0.8012634640063864,32.11887099281472,1
2025-02-07,73.20985310126507,2.495808031457178,0.3067511419823569,61.28780340272296,0
2025-02-07,74.30301399668383,2.3999541157090913,0.11145986339574616,54.63275599159481,0
2025-02-07,78.69826575862335,2.765576896259788,0.8330467535202691,42.607973866173964,0
2025-02-07,65.45321956246353,2.763704246367102,0.08550239973075434,58.83730193367646,0
2025-02-07,81.59151162426335,2.2160527612034717,0.11815379486998129,61.29463180604639,1
2025-02-07,75.36340262164671,2.4453518248426227,0.22786372377213188,67.35595885215876,1
2025-02-07,72.9425342771891,2.5843635047752196,1.0615846930977968,44.710986886170545,0
2025-02-07,74.55382922889275,2.418097975593225,0.07065891052806507,57.440669439198196,0
2025-02-07,74.81214677510259,2.6755063996863395,0.06518772769272053,54.104651077387636,0
2025-02-07,66.34399348277537,2.5843576053730826,0.3405845903447789,51.00824277828354,0
2025-02-07,82.47469113726618,3.049768372106804,0.1617655465685682,65.61665896620151,1
2025-02-07,75.2066281613531,2.040916259221064,0.42050808107165283,30.12669256553601,1
2025-02-07,77.21501065223687,2.4632692030757806,0.3004086137781625,41.284464244143905,0
2025-02-07,79.75774885287022,2.2274492465463425,0.285428586157714,51.5310895817932,0
2025-02-07,69.8941877121985,2.6812322366317134,0.05937654890621984,37.13173046546209,1
2025-02-07,77.36735949517615,2.0148484329863368,0.07602210264742872,66.31466134931033,1
2025-02-07,73.66179454550603,2.603893813067466,0.8604042748356878,55.90380470452062,0
2025-02-07,79.23385387608246,2.3109854705954977,1.0852643707303542,49.115319785279596,0
2025-02-07,64.36386289824253,2.279751440163696,0.13373292409783802,62.58807036266618,1
2025-02-07,74.50452849879366,2.0660505389377937,0.060214799466413615,48.03544765860415,0
2025-02-07,,2.360477216139698,0.027448137051914772,52.34612047720038,0
2025-02-07,77.16131475317077,2.825350159087278,0.46862647313675015,30.11003982215684,1
2025-02-07,77.35022093684101,2.492443394941156,0.6282531047195097,44.628021207802945,0
2025-02-07,71.46187052588986,2.6883041253623423,0.23325286836802187,35.55161889403879,1
2025-02-07,71.43913067911978,2.9993925465898825,0.5692109408739701,57.587547226491644,0
2025-02-07,74.44667315721335,2.5791266754467728,0.6240647868625172,49.161078359029354,0
2025-02-07,70.51678886342395,2.332360128381298,1.369323895139158,42.07030229000923,0
2025-02-07,79.20991847726063,2.640175664554837,0.033536806062261296,48.713293574869695,0
2025-02-07,73.15396399776277,2.3367111561057126,0.10677716462789832,38.38519551805385,1
2025-02-07,60.46505890339179,2.348673195010849,0.03549349399225682,67.00346529944562,1
2025-02-07,73.12588971689097,2.0440321601143046,1.0124536989384774,32.15890530203652,1
2025-02-07,69.80728089578014,2.7778772473253177,0.7865220379554768,64.61668141184481,1
2025-02-07,66.84362092269527,2.384199227305168,0.4274121388629335,50.454351549334035,0
2025-02-07,68.81286680888714,2.554629473744759,0.043685762763764666,54.75785984555269,0
2025-02-07,75.54704235916485,2.1892114214180083,0.1596292740228378,42.10422483634815,0
2025-02-07,81.64320414124116,2.6307842889146418,0.1767114388632944,68.66790467177285,1
2025-02-07,76.5659223693249,2.2714176285594747,0.41133553101507875,41.27403834077959,1
2025-02-07,71.9674830589213,2.4574873834894526,0.14923259697413901,53.55511988561217,0
2025-02-07,77.27952097585352,2.7633478093717376,0.03787920880189004,69.73666820428515,1
2025-02-07,72.70454844890504,2.7372277936697587,0.6560803266619369,65.24377585533783,1
2025-02-07,71.52699815418428,2.4933909782449177,0.1776809115549827,51.45319301144424,0
2025-02-07,69.22818665883509,1.9695606901879845,0.30108151501926117,69.61498091868849,1
2025-02-07,66.2408559662414,3.3978431710181924,0.06829181439935457,58.05479446930458,0
2025-02-07,73.05038146720277,3.023757691081941,0.8111306493519327,38.348016645672374,1
2025-02-08,75.79026744960066,2.7168024474664896,0.4168163507901678,46.22384841743226,0
2025-02-08,74.51688164992555,2.2740388655227086,1.159284205244419,43.37973336046204,0
2025-02-08,72.92016536026321,2.4659223514894104,0.34206553710340365,43.76054833084757,0
2025-02-08,70.2712696965161,2.336973871067045,1.4187293820080307,60.41825757439465,1
2025-02-08,78.04123095842485,2.8791567817289163,1.1122022330262868,53.37051709091175,0
2025-02-08,68.41434040026708,2.5787508672555504,0.4295534897197668,31.52370846358114,1
2025-02-08,78.88013956921738,2.26475084249205,1.3582436327456398,65.09793934603904,1
2025-02-08,69.98891490536637,2.3587734702625656,0.19510755186208056,41.87184561920658,0
2025-02-08,71.23782381323483,2.8363564427709713,0.2275710358135332,69.88299507652575,1
2025-02-08,67.66607404692161,2.9800293540461436,0.023272268175685694,68.16762921339144,1
2025-02-08,72.49298926557182,2.9584994690458735,0.4448255041211866,67.62122866727861,1
2025-02-08,79.87656229238989,2.727109619516193,0.6399303566093288,62.44510416255895,1
2025-02-08,77.57814044221978,2.424212539359209,0.7425475313895615,38.82453326734171,1
2025-02-08,79.89211056014018,1.527545852401264,0.0811514093939844,51.30530976115128,0
2025-02-08,77.61071272966969,2.5891480071424664,0.29363656347390477,38.972105072998986,1
2025-02-08,69.48165085734816,2.49945137234677,0.09731644283429072,40.387018223557966,0
2025-02-08,73.34605387836221,2.5419946288964064,0.5425431131267816,54.438070777451095,0
2025-02-08,71.09900435441268,2.516169204109962,0.08595578802874417,31.633341814122534,1
2025-02-08,81.6528745201952,2.102121351415253,1.172556791980286,68.7783426728283,1
2025-02-08,69.01605676786845,2.6672225670553558,0.1310946595655781,66.74692690311858,1
2025-02-08,79.46848844694556,2.689664894209555,0.1722336424087929,45.23070288630879,0
2025-02-08,79.46476935054385,2.704701634617898,0.9515902300981424,50.61689792027652,0
2025-02-08,84.14810100858044,2.783973101072016,0.3066761996356296,48.64477677071036,0
2025-02-08,72.95156703685251,2.681215493476487,0.012144269342152078,65.2879911446988,1
2025-02-08,78.56161079790081,2.376991176538327,0.3411889403021618,57.544075052644445,0
2025-02-08,86.40825918269421,2.478748945625173,0.044166125596429164,41.124449896974255,1
2025-02-08,71.91179161533152,2.527337460176013,2.111477254661794,47.873650178611875,0
2025-02-08,67.3247987623382,2.5323098347319855,0.4435013841914094,47.15863902747055,0
2025-02-08,65.59994983046118,2.799465296791519,0.14821519220099896,68.37340673135674,1
2025-02-08,78.56356014430666,2.693100625906747,0.4147328606064707,37.01243642058559,1
2025-02-08,65.58424895970708,3.123203031870986,0.03999103575442345,33.583053491777164,1
2025-02-08,73.13840473531039,3.1619406939654016,0.8044472907046116,65.2247532864676,1
2025-02-08,77.1865659351948,2.5238948747841774,1.2973254055592314,65.86743958023483,1
2025-02-08,75.92587768414957,1.3490033354621893,1.0375032483482636,64.8695635164866,1
2025-02-08,77.12722432092086,2.87104973983818,0.209091014964814,50.43907662502225,0
2025-02-08,76.11144927900428,2.3378870983038835,0.19709059554962827,56.38977713077842,0
2025-02-08,81.39432906656697,2.259554823450698,0.01785898529494366,52.53452190243935,0
2025-02-08,70.23841809630602,2.38046641750319,0.5269155874362054,32.77791304217604,1
2025-02-08,71.61502430770734,2.366007085955618,0.3827565645865364,53.833395876028895,0
2025-02-08,71.13670277364588,2.683680943031618,0.307488223963906,30.544565890244037,1
2025-02-08,79.15095905931305,2.0321692662621325,1.19098167462849,42.999496382283446,1
2025-02-08,79.50199294197532,2.1766837762625197,0.0918886485847075,67.29170303492668,1
2025-02-08,77.25612659659254,2.602947566259225,0.004856644153528288,42.1618107854323,0
2025-02-08,80.91746833444964,2.6868832091239923,0.03807157199781468,67.59306570576992,1
2025-02-08,69.10979566311809,2.6924624934808037,0.12639654193718125,40.00535828596977,0
2025-02-08,83.33612055775568,2.2638891163200103,0.016926060550484245,42.582489618461295,0
2025-02-08,82.61619310856129,2.206520305220128,0.34942541840632646,55.13629985754214,0
2025-02-08,78.67810998622873,2.348009549863624,0.18850475944574108,60.465078911571794,1
2025-02-08,83.9089945438553,2.5719618256854173,0.0995200732510421,50.055510720195365,0
2025-02-08,66.71688396161113,2.945643210781765,0.6933153587379983,65.28462748776622,1
2025-02-08,72.37775931868674,1.885768844268775,0.11436162334668275,31.60961686442477,1
2025-02-08,71.32348269659023,2.43378137291249,0.581743594777572,66.88779354537482,1
2025-02-08,78.60739661878672,2.100196467692439,0.21482632050675116,37.85231199581632,1
2025-02-08,69.74929630198928,2.004327196793953,0.3585434929695103,65.36954980338623,1
2025-02-08,78.78747574668743,2.790086993603445,1.3580440078642488,46.03452717945522,0
2025-02-08,81.85268071998357,2.6633873723498014,0.019033539526754177,63.31028223484151,1
2025-02-08,78.47601450041999,2.6348300547841785,0.3468381677463247,56.866621992147806,0
2025-02-08,76.4187551183075,2.776307751919298,0.9635249251062314,37.03766529913048,1
2025-02-08,70.06063329549626,2.3560843309701593,0.44333471381521833,66.72190279525793,1
2025-02-08,70.76574516937318,2.3702087450999416,0.16208349076190556,39.820695619538384,1
2025-02-08,81.24809452648333,3.155719185016772,0.25348414903161737,39.76560474779996,1
2025-02-08,78.89674501952666,2.426028683722128,0.5701323588402276,62.567155865495224,1
2025-02-08,74.80490240311228,2.7205396339162276,1.1073415719456845,34.23493022290084,1
2025-02-08,72.91045227117054,2.5019144622889944,0.02096670895426497,38.88143625481841,1
2025-02-08,64.87096063444312,1.9455224409764755,0.03711335523469795,50.147102936842494,0
2025-02-08,69.6457379065778,1.8866112988596195,0.1965594611482251,63.219081147464976,1
2025-02-08,84.55709543569861,2.3263047340180285,0.1324906378123287,35.8993589894907,1
2025-02-08,68.59772214498767,2.816830375500997,0.15389537591979835,51.90672938049386,0
2025-02-08,75.94739910610541,2.7364874969908013,0.1250454448143442,58.44962367211758,0
2025-02-08,80.037219865976,2.7742231492672103,0.10896921627419881,64.42380898863806,1
2025-02-08,68.72538665998854,2.2038861463191055,0.06998976397243377,67.42262240808878,1
2025-02-08,75.92355237390542,2.984761747036694,1.358702902769027,61.3855965787573,1
2025-02-08,79.68957768755328,2.210532009944085,0.07785313183893064,56.11313592888008,0
2025-02-08,75.06249660953625,2.5638473196009905,0.11433173828276566,47.344803412510636,0
2025-02-08,89.34201527833385,2.496894313027679,0.1413576960805182,34.48440616753678,1
2025-02-08,66.65700370560903,2.4478378539056243,1.3516423356275693,58.38948770102085,0
2025-02-08,80.2936426494194,2.901577641488682,0.7047080779276603,69.70949217901948,1
2025-02-08,74.13599131301768,2.288466843950212,0.7796087436818825,59.470423789284,1
2025-02-08,,2.0951184232864217,0.05533074805185297,30.668443749509052,1
2025-02-08,77.20653575849623,2.5059986458619257,0.9048900601416601,49.85039912167355,0
2025-02-08,71.33421901445001,2.380051979714042,0.2622874245078911,54.585865299316154,0
2025-02-08,76.1449819622967,3.5132148757247936,0.15246364418140892,57.586968044113725,1
2025-02-08,65.71049274300856,2.7029522429319925,0.4287162858668043,58.78903342402835,0
2025-02-09,78.01623750285697,2.3771978274344128,0.8634999088803629,52.32433764866096,0
2025-02-09,76.49079232995263,2.183166529243874,0.7540099189156856,38.93441330936961,1
2025-02-09,,1.9359134768293647,1.1036260139127605,67.68802645906187,1
2025-02-09,80.29059162543575,2.19243427427877,1.3164633821040983,57.866658706546474,1
2025-02-09,76.83809920104855,2.5344825315277397,0.13598446742637887,39.47360147477638,1
2025-02-09,75.74044709899138,2.9281985954784306,0.27570046860142255,42.89287329081092,0
2025-02-09,70.59465831669354,2.8365067427163755,0.007368295671348735,66.8771068252148,1
2025-02-09,71.43889618175474,2.5687284494939138,1.0573133070409773,65.49940746829343,1
2025-02-09,80.93367310088665,2.403049700289255,0.0839562250754453,46.205857534323584,0
2025-02-09,82.18167702852989,2.580643706923646,0.9883515547738868,,1
2025-02-09,73.80944781843974,2.3444086007546274,0.19978176982546433,31.93989475575753,1
2025-02-09,75.23001373626637,3.0155091987291627,0.2295386418654428,41.35673163673556,0
2025-02-09,70.47692812503116,2.443242945617476,0.019959250606983645,55.16488877355998,0
2025-02-09,80.86378422633723,2.474098642525982,0.19791493059682877,53.36778541338247,0
2025-02-09,78.3270841184589,1.8352532724937995,1.0962544295228709,55.35311147775771,0
2025-02-09,84.70608718231874,2.441369546043171,0.012939701348441824,58.69131887728427,1
2025-02-09,70.60838461410131,2.7509452413894824,0.26071370653373127,30.761290143709537,1
2025-02-09,73.10996050490891,2.1796832268884363,0.015951583412560245,34.20342380689772,1
2025-02-09,76.15722961262786,2.274783899652156,0.2317511445031905,44.379338073088505,0
2025-02-09,78.23244768862885,2.7378133053200995,0.09475807241120207,36.19439990086327,1
2025-02-09,73.92166181226183,2.057002832944584,0.14532215662460385,33.012801701782166,1
2025-02-09,70.6351945477315,2.8173403022625756,1.0502238089136802,55.63857583989328,0
2025-02-09,,2.3403568329480695,0.2863941509492844,62.61345909964396,1
2025-02-09,78.6056768127279,2.383429533852639,0.15996352705182523,60.1050662973713,1
2025-02-09,70.41862949718137,2.1628364784623217,0.44499285380136,62.68159114436717,1
2025-02-09,81.77721400552748,2.613413878128365,0.07663792453732027,56.63426176231509,1
2025-02-09,80.85099354598302,3.237961595508814,0.15014163921594134,59.41381287256809,1
2025-02-09,75.67148248623896,2.7344491718381896,0.39510220715050814,40.87115096833205,1
2025-02-09,75.39798931188018,2.2407144214178394,0.13559149488715372,69.72032145136657,1
2025-02-09,77.77028885557954,2.840686175647443,0.5683560854389298,37.326626179755486,1
2025-02-09,70.69148464871871,2.404996136219725,0.3381364794693844,38.5797549755753,1
2025-02-09,75.15015739582041,2.912345494428268,0.7391808568486172,41.55687327263387,0
2025-02-09,64.2380822769541,2.742002920649309,1.4806126312534458,69.01329720426315,1
2025-02-09,79.38227822751467,1.61705753035848,0.06153876364510232,69.53154357415625,1
2025-02-09,67.1925338877907,2.1987761101134917,0.2037323103893742,61.7957499882599,1
2025-02-09,82.517099142145,2.783315566850617,0.19249977888407824,55.16230394238535,0
2025-02-09,,2.5454971816435052,0.08195578428905628,50.80250300738454,0
2025-02-09,73.94166509034412,2.1928732156876447,0.8311639702863047,68.82483382747382,1
2025-02-09,71.86133046957747,2.3099231453518563,0.7133055417366271,57.8249121143299,0
2025-02-09,73.55980563038962,1.928129013973186,0.331236704757189,67.78920513304121,1
2025-02-09,82.09265672574018,2.4734880137420814,0.3858471794916827,42.66203197910495,1
2025-02-09,62.5609567173246,3.1632069178047293,0.030695280850581704,43.35099169078263,0
2025-02-09,81.38482693044094,2.741480017219698,0.40541088241662265,,1
2025-02-09,76.69011740550854,3.157125100356527,0.7835282249054089,35.99419682341178,1
2025-02-09,68.96489176071393,2.764719126936994,0.42645562887965804,67.83711445184304,1
2025-02-09,69.6234380347538,2.8082438030058077,0.1541508483814607,50.2989741865363,0
2025-02-09,83.38196513604102,3.092223606323507,0.5506303046893758,67.05655514334791,1
2025-02-09,70.27246560028634,2.6131789778026677,0.22430774151207356,43.47171154903252,0
2025-02-09,69.2332474470202,2.443831803547936,0.39358970136435645,58.63835616557588,0
2025-02-09,80.68657271182364,2.8097972549866035,0.3342910571042343,49.31500487890759,0
2025-02-09,76.69276438142957,2.9361520711365654,0.2399663809416592,55.07214520981892,0
2025-02-09,70.31037211731801,2.356010607186337,0.6344832352138164,50.17489972556609,0
2025-02-09,76.0831248770231,2.283529275297991,1.076548828830228,68.68462469485446,1
2025-02-09,69.87123658179861,2.541656809729264,0.00261307552266976,57.68421591255669,0
2025-02-09,80.50410699211302,2.7494496600794984,1.356153518520694,40.052758745052614,1
2025-02-09,80.30685482436567,2.7394273145984687,0.3582233963982928,66.38707687620338,1
2025-02-09,77.66003099410972,2.07274971994372,0.6032076931063072,41.76118952620418,1
2025-02-09,76.80830530623508,3.0734818201189964,0.967669096434092,44.864203972034254,0
2025-02-09,,2.307650521180945,0.3147142092111222,34.08494792080853,1
2025-02-09,74.99843163694112,2.4204805009334263,0.9008263431517405,65.99866079184763,1
2025-02-09,69.09062937289599,2.229203692003654,0.09777624205186933,41.44448092911452,0
2025-02-09,77.24736956416153,3.3094986507811264,0.08668142375500487,40.3567047172553,1
2025-02-09,85.43023524768557,2.57262120108639,0.5357000150965578,66.81050391979815,1
2025-02-09,69.92620253407074,2.2447074757955305,1.0206607383616435,62.22107449620133,1
2025-02-09,73.19268616653007,2.7591770649887337,1.1147889732520655,35.64315686077498,1
2025-02-09,77.08223019050726,2.73074073379301,0.5160478821277413,60.77298015614723,1
2025-02-09,74.73047575497131,2.4436818929260347,0.37273548202723356,66.52132392215162,1
2025-02-09,70.08848209811343,2.752182013835015,0.2012794832879642,33.14044872842976,1
2025-02-09,80.60928928115236,2.2524124117507407,1.9560218928053106,63.00859979618292,1
2025-02-09,86.6002036100863,2.3521245175152243,0.192607530655282,51.89680207492224,0
2025-02-09,75.98065729511954,1.896935003630181,0.6816525401275422,56.767897975152025,0
2025-02-09,70.47965855132,2.102814674734131,0.3796240473643863,49.71417355619748,0
2025-02-09,67.25519737473263,3.0422892417012055,0.46890064514716906,57.91212339621114,0
2025-02-09,76.28987990610591,2.9924285883166943,0.25000924141647207,31.363914466670128,1
2025-02-09,80.5193867165813,2.5197365945946886,1.6736831929616198,60.50826892893135,1
2025-02-09,77.37583873247691,2.9988794341569514,0.42394506498792384,31.333747914358337,1
2025-02-09,74.98798079540573,2.4519776540175084,1.388600715893221,48.211993909893735,0
2025-02-09,72.05364174105347,2.4269769092296274,0.0038101888195677443,36.038599725211796,1
2025-02-09,69.53918183640955,2.516953194539667,0.4251000476227275,62.94297109405229,1
2025-02-09,79.17375663162441,2.46252352140293,0.6314844936063634,42.54643636702674,0
2025-02-09,79.56885810692793,2.435441102931946,0.6834030899856499,48.1637417841733,0
2025-02-09,67.27135106654633,2.8430194321448656,1.1768175336599056,47.15002965193246,0
2025-02-09,82.94919489090341,2.545040696186861,0.002205662302348473,,1
2025-02-09,77.87035610447,2.713744529330141,0.00016510688702203445,49.24577439183902,0
2025-02-10,81.99797322572897,2.8094141575831992,0.31957904929301534,61.558333400413844,1
2025-02-10,,2.6164557386964202,0.01486566663984991,32.94033107210701,1
2025-02-10,68.1708792229228,2.2089186022275284,1.8351771282973142,37.6637587161198,1
2025-02-10,74.25515345116352,2.0941402333107884,0.12555626510845508,52.06136998585443,0
2025-02-10,77.51392213447598,2.5446341904421916,0.3199593727792789,67.8835329901078,1
2025-02-10,83.98180411463481,2.44862310855252,0.0315431906747337,32.99031386887121,1
2025-02-10,78.53039456907565,2.5262174286760364,0.36912292034098737,31.723368646274572,1
2025-02-10,73.78659361593984,2.495183788225424,0.2389825187777554,36.262026997114226,1
2025-02-10,69.86815396167054,3.27507209804997,0.022844005573292876,55.64612515440626,0
2025-02-10,81.15000286359574,2.1009321233075986,0.20407756150025194,45.95971666680989,0
2025-02-10,70.17647287124643,1.9030161190536625,0.24832661432587783,63.02209517670745,1
2025-02-10,83.14234277386161,2.599713050055883,2.2986749856130797,32.877326059254635,1
2025-02-10,73.57807675196746,2.3870732336235414,0.11652489821868972,37.85656347258804,1
2025-02-10,82.95291036308926,2.5948203609189853,0.39348680773627687,42.00105621859583,1
2025-02-10,78.3946564502964,2.6751649066852004,2.1836891909953153,55.06920346755141,1
2025-02-10,74.31502255278771,2.885231408553669,0.7851547747054977,57.40690761206189,0
2025-02-10,72.40301814086936,2.0478322538848186,2.5078868024736622,34.96813175855095,1
2025-02-10,73.2954606132696,2.332984630642851,1.7256927171088903,67.75218835966957,1
2025-02-10,77.14158346187618,2.628628377664229,0.33622105097827826,43.64176540760837,0
2025-02-10,75.38578248108858,2.731139078706168,0.5959823453716956,58.526750520011326,0
2025-02-10,72.03094295965647,3.1580348650865155,0.058515917843269795,50.96830875790795,0
2025-02-10,,2.78671119133416,0.29093603785224403,38.910324541884265,1
2025-02-10,75.39288514859575,2.4829634212341167,0.8277894677892109,63.84913292461644,1
2025-02-10,64.35632952792594,2.232869274117202,0.3519375810394289,62.729521127677195,1
2025-02-10,77.2908405739435,2.3307130441842943,0.6065051478809113,45.842874156667605,0
2025-02-10,70.10139387641597,2.322189153112868,0.6847212375385442,53.544303427754215,0
2025-02-10,69.23333798397127,2.6965700885541284,0.14615916246875657,40.31302783743759,0
2025-02-10,66.56327826444645,2.577099233675749,1.0425261178841725,57.59406514985206,0
2025-02-10,66.03053751066055,2.1029051287473464,0.307928680913713,42.36107250481726,0
2025-02-10,68.22276248443855,2.36922955927287,0.11797833467863415,63.763149375289395,1
2025-02-10,71.45489521184754,2.763264266035426,1.0027829306089469,,1
2025-02-10,84.76629568763285,2.6054987064922175,0.2704867749946988,30.592136912738567,1
2025-02-10,72.37060162052398,2.6705933848038312,0.6937724481159828,40.74032167871674,0
2025-02-10,,2.6148765130171787,0.3970731352293518,37.64209945837947,1
2025-02-10,77.00240693253164,2.9879292203826577,0.24052966119886549,50.33145758899697,0
2025-02-10,75.65532593107925,2.570812919147311,0.8300404855526489,38.148131666263055,1
2025-02-10,74.61278269637003,2.3841931606387905,0.43910015031267213,60.52759482877979,1
2025-02-10,69.02353118200378,2.225273487659932,0.24760911301324284,39.65482552016016,1
2025-02-10,82.25463774139605,2.5748828374629134,0.058041043608375996,58.278727196506225,1
2025-02-10,84.03598321818943,1.7677887955674747,1.129022515610323,53.13883692054896,1
2025-02-10,66.58670652938657,2.4447132994501866,0.018056956506982347,69.44999425887538,1
2025-02-10,69.8798570455681,2.438248042023597,0.9945713976901499,69.99603908036927,1
2025-02-10,73.60094828811496,2.090658743914816,0.2231134935326633,64.7810433326932,1
2025-02-10,70.17731102544904,2.221520248403201,0.5099080821380158,60.399334771950045,1
2025-02-10,77.52982776727933,2.7428972590444722,1.276805149067118,45.458256560022946,0
2025-02-10,71.35863898796694,2.5692135247224885,0.08226436537085266,60.13106908525214,0
2025-02-10,85.82528033903301,2.5305365001121984,0.4184515912759297,68.26702148317963,1
2025-02-10,80.95274297171798,2.5919042601796067,0.722879660338958,30.935103015817766,1
2025-02-10,76.06287015316107,2.527788276384677,0.7085496651537726,51.516588007909554,0
2025-02-10,80.13493131659867,2.8728587688574945,0.3728858535846577,38.71993217553738,1
2025-02-10,80.52950212178655,2.5370287545110948,0.4900673603361901,52.31505263475402,0
2025-02-10,72.18026255970878,2.062536065854375,0.7084324454062081,48.657883590355645,0
2025-02-10,70.91891377729017,2.989038989462323,0.919512457122212,53.03074326209138,0
2025-02-10,75.39071531484824,2.6111020801986538,0.7173498031293932,52.03848885674897,0
2025-02-10,79.30818062248972,2.32322388076148,0.21848171360607976,68.40428156674248,1
2025-02-10,75.6953019932671,2.1239794845114943,2.860932652658546,52.087444357389444,0
2025-02-10,67.11501758904501,2.6187742662874136,0.2850248734333347,63.84928352499469,1
2025-02-10,70.98587778024579,2.464848398507687,0.012384467915411338,42.79281147203386,0
2025-02-10,74.63013568202811,2.9722440358097226,0.22519223612329647,47.52402755164196,0
2025-02-10,74.62167197837086,2.3962278157999517,0.06835849036985901,48.816539041792396,0
2025-02-10,84.86271088394903,2.24878576309526,0.06473702637327232,41.149121733415186,1
2025-02-10,68.07006028800501,2.7687388654707785,0.1653191715341365,45.19161045911821,0
2025-02-10,77.52794620917938,2.7775845678150493,0.027426386794748507,53.94052317867101,0
2025-02-10,82.44556554164144,2.5505954102830586,0.583197534820371,53.207510532181296,0
2025-02-10,86.35724872711398,2.7029071143024725,0.03843452015319597,55.45741378293922,1
2025-02-10,72.9780128840802,2.488693863777329,0.11363198644941992,44.07271661680564,0
2025-02-10,77.457147263601,2.570159530302774,0.048751133307763116,42.63325980612228,0
2025-02-10,77.84880178599323,2.8494972647691768,0.03262551060101756,54.464715310166525,0
2025-02-10,75.97740865776646,2.687595500206451,0.15581778391364817,35.314469937100995,1
2025-02-10,74.50577399380347,2.4492176685002125,0.42419802719454225,40.1212617412856,0
2025-02-10,77.17987694750023,2.905708763777845,1.6717316164582705,31.68510947811981,1
2025-02-10,62.33876957390157,1.7905433881625463,1.041952360831624,32.90443410384321,1
2025-02-10,78.41034745031315,3.1156219934265805,1.0434704979921567,39.73533117042435,1
2025-02-10,75.63088951830984,1.9882122715327795,0.09683305339837413,30.78117121187676,1
2025-02-10,73.88762551610867,2.311872152568311,0.1538792601952233,39.81642368349846,1
2025-02-10,85.23431097859779,2.487724739441479,0.03973448274498973,56.199052922481044,1
2025-02-10,71.62532990604724,2.4560557987815517,0.7535948823955056,32.44428313875732,1
2025-02-10,72.98462005467485,2.8019233120079665,0.03618659352802195,47.46946711178564,0
2025-02-10,84.95776651102366,2.1826490144169295,0.40674938573939956,66.52435147678197,1
2025-02-10,70.83969347575072,2.578230045244919,0.14242675319225387,61.65139315701604,0
2025-02-10,72.2494235853173,2.326536370534074,0.13949044160267945,42.21750009179429,0
2025-02-10,74.26487288284575,2.588542293801225,2.3402193135607434,66.99221916766588,1
2025-02-10,79.20367241064774,2.480568322060637,0.7068940509105426,,0
2025-02-11,76.03901253676656,2.5278806958048934,0.9068165561695062,32.9006198535025,1
2025-02-11,68.5368732642387,2.3350225502606965,0.4242958147074525,69.76223827072454,1
2025-02-11,72.33915718436405,2.3469808149711753,1.0240268178722778,64.80090108756687,1
2025-02-11,71.96322783393894,2.586181754208228,0.5185101227709791,48.637311332043694,0
2025-02-11,74.61389477388477,2.7831146517268133,1.4609965863928265,56.65506096769616,0
2025-02-11,77.12921829314915,2.320516199740646,0.16518247230847596,56.8491231142668,0
2025-02-11,77.09102877943987,2.239369736628127,0.45232876261725924,37.77928922921841,1
2025-02-11,66.11994122975798,2.684038049701551,0.5858033871563332,38.00194532614529,1
2025-02-11,80.31970493780427,2.490248832082693,0.24956160332322985,48.78322813407303,0
2025-02-11,76.26284422998312,2.7491494401957857,1.0589165061757218,66.46292560550792,1
2025-02-11,81.92266023796954,2.2282608359886558,1.9511146380754691,30.39975099434283,1
2025-02-11,77.22099163645336,1.9661683223729707,0.3403815813897257,61.30022543797437,1
2025-02-11,80.50661478867882,2.3400987754520997,0.24767356374767155,32.30107134858616,1
2025-02-11,77.33272655725064,2.270094217220495,0.3192707213166483,49.12888459532471,0
2025-02-11,81.73112878101374,2.47636347997591,0.9577667242470114,55.51491332293906,0
2025-02-11,77.6112531800889,2.3089464357188834,0.5184789346632519,57.47037068329859,0
2025-02-11,74.51042376778548,2.7223050854009347,0.02290280675943402,32.33917054463645,1
2025-02-11,86.3621736022344,2.4135549212732452,0.3906285736026423,46.74414469535873,0
2025-02-11,79.44518561139947,2.54514234963217,0.008725759257767059,53.35349042009299,0
2025-02-11,77.86872210502207,2.547290367532283,0.7537461953757362,32.641821492240275,1
2025-02-11,68.61847791730833,2.558486527723656,0.1989808696168285,35.40378226381239,1
2025-02-11,68.5584619126823,2.492761266863508,0.31933658302652035,56.54595958016154,0
2025-02-11,76.46357741070926,2.653180207123094,0.8014250943758079,50.86552786362607,0
2025-02-11,75.7276059888412,2.261303459852258,0.023781088302465187,36.47314645073162,1
2025-02-11,71.92938717495842,2.919825377996165,0.08630931278064212,51.40957347658934,0
2025-02-11,75.7049134980603,2.4290387849894395,0.2537160079903673,66.50769493777663,1
2025-02-11,82.94313464021798,2.1065352586303954,0.1306337893282492,30.62350339101456,1
2025-02-11,78.47701237275149,2.556422007097532,0.2061704152335661,55.70535093943418,0
2025-02-11,69.29495745123631,2.2446458552657544,3.153015840846509,32.946017384213675,1
2025-02-11,74.44245586428528,2.6996003603526626,0.8726701642108863,30.257977718588034,1
2025-02-11,70.97516759573719,3.162881672812713,1.0766595115659117,36.026179546425354,1
2025-02-11,73.06150041795719,2.264028372532645,1.3827440641411672,,0
2025-02-11,72.93192167185178,2.5997116999671954,0.20846722537590498,62.09375995927812,1
2025-02-11,72.61177208697997,1.9733483233886118,0.17625393185677896,41.27141986418235,0
2025-02-11,68.72432314013302,2.6361715688324043,0.133327347780942,55.026928495550344,0
2025-02-11,74.36172659240906,2.234285860060093,0.8863223960462616,46.446265518212265,0
2025-02-11,72.19696181576346,2.3125496144696553,0.5690174162588064,39.37327167864032,1
2025-02-11,60.35275654998866,2.1696140530480514,0.13470631155904902,50.56988457131435,0
2025-02-11,85.26486012250831,2.7196453678164207,0.23659942764229813,61.89857961490493,1
2025-02-11,80.44384827108335,2.8021913072419786,0.3533308092239186,63.29969480224577,1
2025-02-11,73.11849637537502,2.5070155643975522,0.3755365344711389,63.860781275089465,1
2025-02-11,75.094095248703,2.240671988399284,1.0978875925890574,43.542312502199174,0
2025-02-11,69.14172826341219,2.9768569108311587,0.23947466787284136,61.73824258863012,1
2025-02-11,83.47861438905433,2.2748769616736033,1.1958394848072222,38.48713820435631,1
2025-02-11,84.48644347386556,1.8513903100217683,0.29113177698695436,59.537004049715335,1
2025-02-11,75.78346864123262,2.6375167029871207,0.6859446564910459,67.93537705090466,1
2025-02-11,80.11765322092673,2.168567597907545,1.3314498977341753,,1
2025-02-11,75.87643389466962,2.7965826380497525,1.1906826953888756,47.61455724715192,0
2025-02-11,68.31637280562035,2.3856586909979742,0.02931950796942318,55.91083953656018,0
2025-02-11,72.94088315518171,2.6811139721632586,0.11514973130250977,58.07103081950212,0
2025-02-11,,2.9204501039656474,0.32399650027144555,37.043510330768086,1
2025-02-11,72.72726140628278,2.1373423406137833,0.28242473359544934,68.88733100954371,1
2025-02-11,73.90673361282482,2.3302188607322782,0.5120655833806756,54.61061471883892,0
2025-02-11,74.54300221245443,2.477298678202881,1.4475730257889228,36.573624049130714,1
2025-02-11,74.59560751067269,2.9612653957103032,0.059619697910954735,30.82090046850061,1
2025-02-11,75.26129245248741,2.302485184617866,0.3006110574741491,61.330567951591036,1
2025-02-11,69.69697466801699,2.3216488912152977,0.1068510300771819,33.18818957781836,1
2025-02-11,71.41491925436031,2.6434421726667425,1.122665889818907,35.64203684280946,1
2025-02-11,68.57707867150015,2.3268313822868287,1.6702419461559066,52.99320107422763,0
2025-02-11,79.889077748431,2.545757764869285,0.32571640677597713,54.14022013798479,0
2025-02-11,64.47176529079837,2.034538773709562,0.05491317953670435,57.47548474369594,0
2025-02-11,80.76795171658463,3.164298982766979,0.769244366901782,45.74056050654483,0
2025-02-11,81.93174698631422,2.095687230907179,0.5972445427972589,60.955946758672916,1
2025-02-11,73.4890970650869,2.4034741888029374,0.21899737301408206,68.97434398463555,1
2025-02-11,61.98431456086351,2.4902556892473715,1.0919899708790441,40.84379772319532,0
2025-02-11,73.19344719016355,3.0738064403070386,1.861360637222106,58.12114466151784,0
2025-02-11,74.6790791935559,2.102546265720178,0.408057396741646,67.13874609580627,1
2025-02-11,69.94700890035543,3.095111240643625,0.41704200446765943,57.45147050468171,0
2025-02-11,72.42390803095878,2.727153046330607,0.1765645511601381,57.24437994577038,0
2025-02-11,82.65097599431675,2.625128597326974,0.43914359591390323,38.950902763408266,1
2025-02-11,78.3246358115087,2.2046098938946135,0.28958999289750537,51.40520801278772,0
2025-02-11,70.3771794281095,2.6713423726114223,0.1799049456118255,52.50091374418321,0
2025-02-11,67.01200415202284,2.2829540132740602,0.034774296788025946,58.00518249823811,0
2025-02-11,73.36491341195115,2.8799983759595236,0.14564954278813924,69.8728579958473,1
2025-02-11,73.93271610324781,2.20868139126768,0.11023272636039401,31.345752901750483,1
2025-02-11,77.48099593681658,2.4660524516631748,0.39048888420080413,32.60930645069947,1
2025-02-11,72.32341643716171,2.3334180735960484,0.46023726307879104,33.118002777236754,1
2025-02-11,77.55749787680931,2.2037431112719017,0.46897649209096964,59.71916537955827,1
2025-02-11,84.67577020030114,2.7223959450723743,0.2456593967780344,,1
2025-02-11,79.07750511222132,2.66063762422289,0.273424828402358,54.89807497961381,0
2025-02-11,74.75955746334614,2.862703059670299,0.8986024231314218,42.98675511573834,0
2025-02-11,74.08424764473352,1.9660374675375498,0.3233539969985629,48.29279824842844,0
2025-02-11,73.21663432910064,2.8192512107023133,2.2020679112128794,38.626526392696555,1
2025-02-12,80.90320456226073,3.2516346716070683,0.28956760545177895,64.64426245218168,1
2025-02-12,71.86343277024349,2.364507673246916,0.5243127698000661,53.44601296652105,0
2025-02-12,75.22611354499992,3.068544583632691,0.025837735805768893,67.78253054329011,1
2025-02-12,75.25598950940542,2.421051618382052,0.5297052942210714,52.98384998817318,0
2025-02-12,72.49107903594233,2.088277078731608,0.9533373915167327,34.956321223877865,1
2025-02-12,68.13767226057949,2.4083102672779613,1.4276186784854374,36.834817353539016,1
2025-02-12,76.61487251808835,2.8144611903025827,2.9610833671506707,69.56295905471389,1
2025-02-12,74.69498014072308,2.2485470553005404,0.16576727549435258,59.022607893234714,1
2025-02-12,77.50120234718285,2.3198984022980538,0.42826861506952996,31.971150001163586,1
2025-02-12,72.33199846780417,2.678061829687957,0.2995716409048029,58.15124020138659,0
2025-02-12,81.10410649406523,2.500918035021572,0.41484725034852904,46.486921872384464,0
2025-02-12,70.61613109394078,2.6753868857460223,0.08566289057553493,42.28833547292762,0
2025-02-12,83.56020142008946,2.571348862227501,0.9694906089051383,36.16243174922137,1
2025-02-12,66.26181745085869,2.643887595865472,1.201583761754822,63.59615818226263,1
2025-02-12,77.17385032278446,2.3703096442571376,0.29861101595561196,32.55365515956403,1
2025-02-12,77.37715341263312,2.5695192826091175,0.16455063761434682,41.59341849518561,0
2025-02-12,71.02221466029559,2.2217880982912197,0.07589623076977975,42.25531575302818,0
2025-02-12,77.12196968930506,2.8865300867510166,0.575634558403459,36.436211358540014,1
2025-02-12,81.3975933488008,2.309717584954806,0.18715173701547894,50.32739533147481,0
2025-02-12,63.91590580322968,2.838654246264817,1.2014158530039865,30.468105072435705,1
2025-02-12,77.51372403745407,2.4299179117051404,0.5558677231986306,42.039020616416366,0
2025-02-12,62.53364589834961,2.5605997032271963,0.5187849243797164,67.34517776132256,1
2025-02-12,70.17167598238396,2.3515106347327897,0.4098113234682289,42.42118277368023,0
2025-02-12,83.14583182450473,2.1952013706495914,0.023428594984265246,44.418375484270065,0
2025-02-12,72.09108983303973,1.9765718837184096,1.343553786086172,48.92660192936286,0
2025-02-12,69.13060017795513,2.1834027524222623,0.4943467050296749,52.467734994058986,0
2025-02-12,74.0103113550766,2.4028273440352237,2.5631900521230473,62.34834579282976,1
2025-02-12,85.33953169081776,2.563563753648665,0.38539914702533884,37.6128489262407,1
2025-02-12,65.84158876396987,2.803113793984979,0.6191284075066178,64.86985508770229,1
2025-02-12,69.74345044180328,2.3662727620609454,0.028925563372483108,60.30197428575558,1
2025-02-12,82.48715841589814,2.235411770719848,0.49947784343252694,58.90601338646221,1
2025-02-12,84.28851171768866,2.0671855641991863,0.723339930393662,33.47218294858541,1
2025-02-12,74.48284387854858,2.644019085371231,0.7536986140799578,30.865627598983387,1
2025-02-12,68.80473648736678,2.914958354598803,0.7350807662023807,53.76050803632336,0
2025-02-12,85.4792175090458,2.8798990803868865,0.12827431180933715,64.52535850092644,1
2025-02-12,82.97221195874599,2.7129798244441714,1.8524734759961254,53.37765856562544,0
2025-02-12,78.39473493881117,2.6915629951802797,2.6677107057061384,38.52939461782123,1
2025-02-12,70.9379882553129,3.0092871339128022,0.03930296920636251,33.62079591796853,1
2025-02-12,74.75485329580982,2.5996244384250433,1.3779359967900349,57.9838581127094,1
2025-02-12,74.19819959477584,2.6938389028072516,0.17085741352035377,58.87081109271238,1
2025-02-12,76.65425652307789,2.4037648414444,0.5844381151968214,36.90126802748435,1
2025-02-12,82.25500719065668,2.0913869887435728,0.2063286455329691,31.127612619861452,1
2025-02-12,79.39708520568702,2.2948453298501272,1.717185651404115,46.33134052892788,0
2025-02-12,69.61311961507622,2.4972522884396033,0.05351643346430317,53.308748085320886,0
2025-02-12,81.8824822500977,2.518235611750391,0.3443254688694922,58.240096382687646,1
2025-02-12,76.56566070006578,3.077885756456618,0.2793499217196576,62.397800366116115,1
2025-02-12,78.43532897929458,2.5243831502773206,0.1972799821699396,54.42149709226929,0
2025-02-12,82.33270429639302,2.853653033207693,0.5185714108065905,34.4352243439394,1
2025-02-12,69.44209875243224,2.369476827527105,0.07023815120222766,57.303266885696594,0
2025-02-12,74.82087210646769,2.4064972342704296,0.6305581117280298,69.36706571579528,1
2025-02-12,72.34272724320392,2.1012977088329654,1.9710381529301588,66.22338338389615,1
2025-02-12,67.16070287317272,2.2773015961370286,0.8162476372137728,64.86675637078051,1
2025-02-12,76.7335498880246,2.658094417409126,0.9831162635863536,42.086806134333635,0
2025-02-12,87.55778275792211,2.50226805411824,0.22285983743159957,60.03152705816002,1
2025-02-12,65.79961127747124,2.7828815859691702,0.1964373059101098,64.04413783860582,1
2025-02-12,74.83859694475265,2.554376184503515,0.36391937178565886,,0
2025-02-12,78.20271467537387,2.3942638805086776,0.02340254062564134,,1
2025-02-12,75.61539100828091,3.1444890591360877,1.4534774609262269,68.15335887499833,1
2025-02-12,74.4343597374213,2.471828929386086,0.07761698411227005,48.03277645834704,0
2025-02-12,68.50391818277087,2.8489002909115912,1.1665893669639245,35.19222234663518,1
2025-02-12,76.16393371470082,2.379637238036597,0.04364146438297758,34.39111580229568,1
2025-02-12,71.21618011492036,2.71287984381507,0.8647443678850733,55.90075949196183,0
2025-02-12,64.05039147510723,2.778404697745506,0.08241522649264268,47.50838585666956,0
2025-02-12,80.97296110256865,2.5625475911726743,0.01943882533053977,33.77935500715854,1
2025-02-12,79.79192909921021,1.7936551231910194,0.6355719721216255,59.61458288624379,1
2025-02-12,75.2583048842554,2.505475738256834,0.16443630366958953,61.97300669034479,1
2025-02-12,76.14537344102851,2.8691380143279925,0.6267498873077831,59.01662523145805,1
2025-02-12,80.37159006357781,2.658244249908319,0.40493629463239106,38.09043510736052,1
2025-02-12,76.12169828389041,2.633751662568774,0.0575973511459789,57.591018239842775,0
2025-02-12,79.52008777380657,1.9833229198127442,1.3450811241450464,30.428912115775404,1
2025-02-12,73.51258899563075,2.2838634787974823,0.30102673402612473,42.20448558713637,0
2025-02-12,81.55991869286973,2.623407289345432,0.6629709404922642,45.95286125630175,0
2025-02-12,76.60392862966341,2.623114983036068,0.34759520528233595,63.409877955420065,1
2025-02-12,75.97025971802937,2.8644000340398708,0.46362715007803956,45.61577492277617,0
2025-02-12,68.64969455643984,2.4565399734561715,0.18032254467100217,30.45077784757593,1
2025-02-12,76.43477927150855,2.621747226002144,0.11179701638502954,44.093856473120375,0
2025-02-12,70.84022541252774,2.504912272579388,0.39106592805675366,49.95696393437149,0
2025-02-12,71.80858636735753,2.203917179049533,0.2901047974424687,67.96019146691094,1
2025-02-12,70.92312185841939,1.8232626006715758,0.24724096741657184,67.64137215158179,1
2025-02-12,69.66882534050387,2.629302907639023,0.5582362104098607,37.23496152885646,1
2025-02-12,85.62385701508481,2.5521841625238433,0.5864093076164536,37.40586166957806,1
2025-02-12,81.65669530994201,2.3145474873699494,0.023503906199143082,36.53525825858202,1
2025-02-12,84.60183751072131,2.0142480830452407,0.20680748477936464,61.55687729656413,1
2025-02-12,68.88552490222219,2.688921854322621,0.26531399322352345,30.240881614736253,1
2025-02-13,75.35626874955446,2.4202239777413346,0.050956654921482894,35.08708792767509,1
2025-02-13,68.53246187397951,2.6670624167104435,0.13452887130131883,51.51838526576396,0
2025-02-13,71.52152561401468,3.0592145591235274,0.02651149853199578,39.90248267547062,1
2025-02-13,70.40936508291712,1.8575707359040885,2.791947310112328,33.69425832957048,1
2025-02-13,81.1979200322078,2.2901197573892906,0.6669595118187908,44.395120493353375,0
2025-02-13,73.01885160949121,2.437187316006426,0.045756286003295954,40.96830420240979,0
2025-02-13,80.34189666847008,2.936447852243995,0.010228604436928353,,0
2025-02-13,78.02060444794259,2.0090790942380545,0.6352126671648075,69.16934375320783,1
2025-02-13,86.51819376052394,3.0807583077041816,0.2891884867319739,34.972185472596735,1
2025-02-13,67.60277888430139,2.540756770469887,0.772754575451169,44.90906819336377,0
2025-02-13,81.29616619893399,2.4711998014798424,1.2850756780320187,67.27940071489898,1
2025-02-13,80.73220435200363,2.4405820710343282,0.4572716160912336,65.07492173975291,1
2025-02-13,70.13310580986483,2.3691210903459914,0.1035787699248007,45.77084139137122,0
2025-02-13,80.0356666823658,2.8144350277807466,0.7620753430756735,57.95813058078946,0
2025-02-13,76.68072481513114,2.1794437737752683,1.5596481039382675,33.514280543253825,1
2025-02-13,73.86261870023296,2.6036242544931563,0.43402570143132124,58.5016422217446,0
2025-02-13,70.88032256514,2.384745500287907,0.5728479344075514,68.91430917938966,1
2025-02-13,71.40445274275407,2.271359965445771,0.2058482628400777,51.499526113367665,0
2025-02-13,85.24906047892964,3.275792552705169,0.24025143264543067,49.939609081376574,0
2025-02-13,75.00341409478742,2.625715220426038,0.6633612602473427,37.492744788076415,1
2025-02-13,78.9106500076573,2.6839796633983433,1.3139575070535645,55.351527956291676,1
2025-02-13,71.04550309166224,2.8413330342005985,0.4957609577912537,53.61749123115659,0
2025-02-13,71.10073526889181,2.0735950164044357,0.7799618825479355,56.07732237903002,0
2025-02-13,80.40992404624971,3.0256875727366097,0.09415071074888788,31.043331467388875,1
2025-02-13,68.25211894224233,1.7473128464514773,0.11910263727778263,51.94893953396294,0
2025-02-13,72.92393116047364,2.269370076988444,0.37968055148833324,53.79739373989492,0
2025-02-13,75.17013705536117,2.3622904980463297,0.097128769373198,38.30120541651209,1
2025-02-13,75.55686300920026,2.6745170094911517,0.5039222096234046,38.33331429954144,1
2025-02-13,74.10453357491922,2.5656154798424464,0.17241072704444435,41.04872674043799,0
2025-02-13,76.97909890547962,2.4499555777904822,0.7839863472137573,58.4688636690895,1
2025-02-13,78.46427877908906,2.496400796611683,0.8254173970600129,54.250642541294866,0
2025-02-13,78.67318772729665,2.2065930929432294,0.31161232937089745,63.830505844712185,1
2025-02-13,70.07098095666086,2.050830281654748,0.09972000350241969,41.82634287372393,0
2025-02-13,73.57922451035601,2.717953486700818,0.5203249605755081,66.48272239553273,1
2025-02-13,80.9738143093847,2.7081118337608556,2.465936428750647,59.748246479334334,1
2025-02-13,79.47323593786936,2.9753483125471174,0.4872127642695807,45.80046680054788,0
2025-02-13,68.13570274259467,2.2629948709554375,0.018215144177457423,33.81048262501824,1
2025-02-13,76.75739950176101,2.7078445630902768,0.008722631672832779,40.2793464994993,1
2025-02-13,65.10887375312595,2.4148879814905806,0.19309746604325914,68.270728688594,1
2025-02-13,75.23467451030184,2.8571424955580444,0.10894357450483912,42.41453503536317,0
2025-02-13,84.48883508372988,2.8065888330034423,0.8384602673090751,43.196038405962575,1
2025-02-13,70.26053641365507,2.563362819767337,0.9315385931534527,37.58355724390868,1
2025-02-13,70.8283847725421,2.3981409530002042,0.14962015366074902,62.27402404555062,1
2025-02-13,78.8201489078643,2.7882796535824785,0.19699913486940362,41.02576920969109,1
2025-02-13,67.28599242395177,2.69407135697697,0.13475539912288553,43.21032993475423,0
2025-02-13,71.83622485057481,2.2946678793741455,1.1950667472846792,46.57392433726506,0
2025-02-13,77.98220568790876,2.1016603979561705,0.3492299687692948,47.34913119098439,0
2025-02-13,71.82857076155298,2.413440129795461,0.5337560424720352,46.453631616600866,0
2025-02-13,73.82015006394514,2.9546241446044625,0.2684839256595528,50.14974781498915,0
2025-02-13,78.72092855157517,2.8439461476199113,0.4984985502316629,62.58051518465613,1
2025-02-13,77.1077304176828,2.166301759098826,0.24376241788618444,,1
2025-02-13,76.33409198147702,2.1496727752300235,0.20751417352542526,61.93252535053388,1
2025-02-13,73.30438860364981,2.882405154903846,0.5032172409586135,34.0449935646595,1
2025-02-13,76.85030557634478,2.1593092285726514,0.44709595726498713,61.98715213099256,1
2025-02-13,74.38133659950121,2.6527885970926026,0.17373582237852772,34.810070939463074,1
2025-02-13,77.28902804962893,2.315178635399103,0.0808763470476,34.98895080209032,1
2025-02-13,72.5153398744101,2.9851134773565047,0.2298893958290787,67.91451086539843,1
2025-02-13,74.0871551281023,2.2688725602586364,0.2682406667598391,62.77591378822165,1
2025-02-13,70.05021103723993,2.8430084590617484,0.4953513624211135,52.09641867472035,0
2025-02-13,74.82496194996882,2.555457596218109,1.2297876882228373,64.99880817911449,1
2025-02-13,70.94499568185577,2.5756584562702862,0.018427850716870003,69.57458570207451,1
2025-02-13,69.42976774919003,1.9089074255945795,0.1396328035967136,54.425682665271104,0
2025-02-13,76.29330573927695,1.8391259940382845,0.10765958481522499,54.51593747926072,0
2025-02-13,76.0636988792883,2.4338302179198057,0.34887327944528257,60.177081166397116,1
2025-02-13,78.91436867474286,2.5740718190249834,0.28079707797051884,39.28555809461331,1
2025-02-13,72.8443721521245,2.162440651678683,0.6528876505127484,36.68499446075197,1
2025-02-13,77.04026423418378,2.1733919768570975,0.13881037060897458,60.3832300006029,1
2025-02-13,77.75398786136832,2.66844178894784,0.4513151876122888,43.796191799764095,1
2025-02-13,77.22386903915798,2.668856344137139,1.076467679048113,35.40281425223736,1
2025-02-13,70.8717315859893,2.458677681883622,1.2077522745658706,42.59510903670999,0
2025-02-13,75.74681741135595,2.7340605163558225,1.5944717103510009,44.34547471498301,0
2025-02-13,76.8207014802733,2.147739311283956,0.741978186733776,68.60910638022763,1
2025-02-13,75.03589233453971,2.393219524873909,1.1821659240838294,57.91838844351693,0
2025-02-13,64.56761170814458,2.994363281735102,0.13363319693750422,51.234252695989355,0
2025-02-13,75.8024481198674,2.520496638981945,0.11006214714972261,68.7549255473042,1
2025-02-13,86.06265519698621,2.5378937543761,0.0032546114402704183,66.12558961896723,1
2025-02-13,73.19980365621508,3.191783975790322,0.6135258038449739,50.48003426456639,0
2025-02-13,71.35961451072339,2.080197350245369,1.386031932510671,66.22718541507923,1
2025-02-13,76.86674279855698,2.738929109992633,0.10347232310119027,46.17218632250626,0
2025-02-13,76.56189105233285,2.9991958839424298,0.5065985086006967,39.21682661426499,1
2025-02-13,80.96367582708207,2.402542622050436,0.6861163639031914,39.307127072883404,1
2025-02-13,68.71065922045555,2.757889236056454,1.312872808494706,56.49262097768507,0
2025-02-13,78.65690126287497,2.2053941508367285,0.5204456672328962,50.04281282829108,0
2025-02-14,77.95211030625731,2.2939802813297945,1.7581986184371197,56.35803388021787,1
2025-02-14,74.28926731529727,2.61548992481429,0.21131057323087277,57.44303857048679,0
2025-02-14,76.69343658960845,2.7395700019331772,0.2153364870461546,30.892914915908705,1
2025-02-14,80.14728740799178,2.836280953721874,0.3915496313367174,32.16158369391609,1
2025-02-14,79.36157690014225,2.970888576081848,0.24185000383264602,51.307109063649996,0
2025-02-14,69.28490343963135,2.4797660324334454,0.0007133728025841085,37.64141911040308,1
2025-02-14,79.10079093377742,2.858083526551776,0.6579590037053552,55.301350752177584,0
2025-02-14,74.67655697483741,2.3973085469652555,0.6965931107195311,52.087429566825925,0
2025-02-14,75.36437049007758,2.7706273934764805,0.6871327092799456,53.430414334835646,0
2025-02-14,75.36598495500847,2.5622466393556547,0.21157579796085532,42.09821519324043,0
2025-02-14,74.2487850560087,2.633703372124577,0.36937516131860165,55.59374025111587,0
2025-02-14,80.95853748553533,2.6270523622066113,0.22312286281775257,63.17970545940092,1
2025-02-14,74.58141020075394,2.0185884970606565,0.008083187257581824,69.92285014368949,1
2025-02-14,69.40226935808415,2.162763442341768,0.4132809371643579,63.537775446888574,1
2025-02-14,73.03235072015136,2.5307624319452566,0.0660580065642735,52.299950387197896,0
2025-02-14,75.89347358405237,1.9938162761076494,0.04171326371928403,37.73718366719826,1
2025-02-14,81.14607392148525,2.749363330959927,0.7042680805316847,57.257835044792834,1
2025-02-14,78.01547342474417,2.7614667898864425,0.004775837384675956,67.50615142231912,1
2025-02-14,70.74732360626479,2.598151165863337,1.5971945875814881,38.4746615892921,1
2025-02-14,87.42594958339446,2.1636597961726234,0.36206652532525885,40.23982482106308,1
2025-02-14,76.32387655488989,2.9140416816605543,2.037754457213158,35.96034173646605,1
2025-02-14,81.37695368999508,3.1111631919155074,0.029873713708107954,59.468865745056064,1
2025-02-14,74.24142783211386,2.544123048233792,0.43796988277422805,46.26246013694637,0
2025-02-14,77.66679622352724,2.6531606135353707,0.21487406120416663,,1
2025-02-14,79.19734252259202,2.560521596438813,0.9272937041286033,64.99799965961121,1
2025-02-14,81.09097355877128,2.6591107566996395,0.22409972690523242,52.30687618810266,0
2025-02-14,80.28684152689112,2.464132373012081,0.15088210028289045,43.243771680014234,0
2025-02-14,79.36098500036489,2.489630728046859,0.9743930852712588,43.75931904244388,0
2025-02-14,73.42456634402946,2.7717152801492095,0.23472436493804458,41.61004880763627,1
2025-02-14,72.1412697902197,3.203687248568932,0.008488305251835164,48.219206895705675,0
2025-02-14,76.66303755162099,2.0799786296794784,0.24738518498001796,43.4816675395258,0
2025-02-14,79.66564036170534,2.46885625467911,0.5314135461486261,51.917852162824374,0
2025-02-14,73.88639649611696,2.1458618544303754,0.1467558752303968,60.94069009085177,1
2025-02-14,80.32585982857194,2.977607469572825,0.2828060080888316,56.97845133777494,1
2025-02-14,82.2630837274309,2.3236786092040305,0.029193480835590313,41.778275710164685,1
2025-02-14,70.4183954046329,2.0670397618642617,0.44347858856008837,51.14964046159117,0
2025-02-14,70.8153964810186,2.691456099654572,0.7058982445535343,63.60504639649003,1
2025-02-14,74.29812470547331,3.023293334422933,0.2666315367710994,32.72824938970902,1
2025-02-14,76.53806334094598,2.699079360568229,0.27256417346859846,33.13189067947619,1
2025-02-14,72.37716493116474,2.5614393631845753,0.04621254705639293,52.246802721990136,0
2025-02-14,81.76101339433572,2.622742276832798,0.11278628982818219,55.56460513559213,0
2025-02-14,77.12033430759226,2.9244521988476664,0.08401723438964323,38.45652063103616,1
2025-02-14,75.1972352412037,2.237740218995755,0.32858872755488105,59.80880506766072,1
2025-02-14,,2.466445868774106,0.37671994099419565,55.8505350816291,0
2025-02-14,68.42092091786246,2.3641929554471397,1.4873782191741842,66.93157072945145,1
2025-02-14,,2.149640407812487,0.03802573976606946,36.75816807434147,1
2025-02-14,64.33702186922582,2.4014874221749594,0.45798035961096945,60.054970614320425,0
2025-02-14,80.06318704822036,2.8323163287947346,0.37380012808880614,33.345723623330684,1
2025-02-14,74.2092307781384,2.6699806445178176,0.3630760477904924,52.6116963807159,0
2025-02-14,91.21546484797366,2.69329315003246,1.032411605545416,52.07580557996583,1
2025-02-14,86.53958125308056,2.5439426834959953,0.11504535772163625,45.535401785869624,1
2025-02-14,74.09275465376241,2.6569971348185764,0.02081390660526994,63.782845906742686,1
2025-02-14,74.46831498734342,2.2598228972955683,0.5577848902819194,30.17482579144049,1
2025-02-14,79.97790757001015,2.4071470342218313,0.2116802377547098,50.80717607594083,0
2025-02-14,83.5158630495902,2.557601271090603,0.008873228600144818,38.686141993407496,1
2025-02-14,66.80985471281991,2.5832547576645672,0.1447578811772639,59.73994476465732,0
2025-02-14,66.06812267322657,2.596056356476562,0.1850442337628185,31.722697052243888,1
2025-02-14,71.8898259722281,2.4584994153950865,0.4796491930424717,63.26218752726311,1
2025-02-14,77.91368791586932,2.386772979660901,0.09472492785765495,63.52368906827806,1
2025-02-14,77.48436795253798,3.4473313849132894,0.26641152469582935,63.314640496140115,1
2025-02-14,80.34885727491925,2.7720361818797197,0.32934915228401196,36.102741069306795,1
2025-02-14,69.00151235817346,2.623944242785787,0.3073874487398437,55.2162607424418,0
2025-02-14,63.41928068515562,2.430037450538082,1.8236915635057154,30.574694367335585,1
2025-02-14,79.29007097651073,2.364634351916837,0.023286037813721912,63.918503651567995,1
2025-02-14,70.85901863517383,2.460759821881913,1.5076429677367844,58.91900774034482,0
2025-02-14,64.90756067805681,2.587848653076005,0.4360618259906173,51.24614923597011,0
2025-02-14,75.72531872979691,1.9358693367810758,0.794150722279451,59.223657323864686,1
2025-02-14,78.96587844109338,2.029183121387595,0.2814039795123313,33.77296386607089,1
2025-02-14,74.38971433939362,2.3089352833183128,0.30241971326736017,51.14623328707425,0
2025-02-14,72.71075806908756,2.5621418310335704,1.057333359718967,41.651059672657816,0
2025-02-14,74.20318883927047,2.4282180558544444,1.1313673673808715,68.90477852891892,1
2025-02-14,73.14708618799608,2.9434363678298454,0.1363565880313522,64.28471802495606,1
2025-02-14,68.25976444029916,2.0552809639012692,0.11109817414172209,59.33102783335907,0
2025-02-14,71.42659661504784,2.274596359118989,0.3428228673153364,67.34990540998928,1
2025-02-14,77.60639952506908,2.9560275222973305,1.1526796042869594,43.87373218261895,0
2025-02-14,,2.539335797402544,0.1945659324134672,66.03519595952724,1
2025-02-14,75.8402990298341,2.7654527748403477,0.5277973990952798,43.00952928426841,0
2025-02-14,70.0242575907331,3.115374082980839,0.6157605451266468,59.31186878764612,0
2025-02-14,74.09248418932167,2.291858674629453,0.7540607776983678,59.45667647105796,0
2025-02-14,64.11467476778573,2.4702056986623906,0.4149698944960009,30.73399505816374,1
2025-02-14,75.89238331942695,2.4182719297207385,0.25746299127865063,44.442387931127804,0
2025-02-14,82.14428853906783,1.9136220986550174,1.705866171993941,30.777306896339915,1
2025-02-14,67.62933933978947,2.4068809588732094,0.47251328130225784,69.88368070440994,1
2025-02-15,72.07036163341122,2.7643186562141997,0.6520166793181102,34.88787047316952,1
2025-02-15,76.64553389355065,2.662176862543672,0.2115469269562732,51.71243582592437,0
2025-02-15,81.26421317213742,2.685724950816403,0.5542543197087813,61.62224955050549,1
2025-02-15,72.75887691849925,2.38734730580815,0.14906669024371041,38.0505440904357,1
2025-02-15,71.53874835367051,2.3031708291983075,0.14058295278026692,,0
2025-02-15,65.15538428791959,2.880776701569586,0.6271459214807708,54.29715043684603,0
2025-02-15,75.51719064654053,2.350804856092699,0.36843955268569206,36.408190175821815,1
2025-02-15,85.21038020071872,2.588224611637964,0.5748632370573485,61.142218396461544,1
2025-02-15,76.38679230982338,2.5490004042032615,0.15697092487963005,41.973458287574616,0
2025-02-15,74.88860510408144,2.9385151048771356,0.45655208350546383,38.44092305355361,1
2025-02-15,76.61041155383492,2.791423707301708,0.29343382839253646,52.331549857496675,0
2025-02-15,74.94453998025699,2.111422413799864,0.45436008904147657,46.41254510571751,0
2025-02-15,70.93492813869935,2.143734049967488,0.17186506835729176,66.81143778545672,1
2025-02-15,79.11639957838852,2.67367294542074,0.628424840255477,65.20250792792616,1
2025-02-15,76.12880761555877,2.48069870578625,0.8197665471113427,49.33402653555533,0
2025-02-15,75.08806625966828,2.363448464813871,0.15049611299418986,44.370550989023904,0
2025-02-15,70.12316986360875,2.8046883651983414,0.1787809256021107,43.020719265250605,0
2025-02-15,81.5175396596738,2.556237814626673,0.541105174048235,40.7025449232603,1
2025-02-15,78.32351372666555,2.515737216066833,0.594681974763684,51.78191414849909,0
2025-02-15,72.23539581316349,2.7339485922265148,0.6088663264956892,62.19914418938174,1
2025-02-15,80.00912426840969,2.3874673015169305,0.5739514340341233,42.430264328142314,1
2025-02-15,72.51214580807397,2.970555695641766,0.24945488103004956,37.60376358752326,1
2025-02-15,71.08998253744481,2.2635857130300976,0.25114249485252044,49.01935224733147,0
2025-02-15,71.20148441259856,2.6970787199026263,0.14706314504199242,32.76137667190666,1
2025-02-15,66.14465723455955,2.9301498515979536,0.08529553433199376,58.05116024518827,0
2025-02-15,77.35771190209103,2.08681135321837,0.5897659318587207,50.73433065207735,0
2025-02-15,65.84427560830825,2.3969994472442653,0.048910496915477684,49.854992318914164,0
2025-02-15,68.8577808436712,2.8426622178656675,1.3886381401409045,42.0178151820009,0
2025-02-15,64.62205995460734,2.8471733643193073,0.8763260264524183,66.18693750126947,1
2025-02-15,74.56965153604554,2.4485513198835283,0.974226780243253,33.619451673982105,1
2025-02-15,74.24839769864064,2.279598671896942,1.1858004892399991,64.79296035548126,1
2025-02-15,73.36651893406818,2.7867807466992285,0.26263553830481695,45.06820809663691,0
2025-02-15,69.78711152664712,2.8550647307744814,0.9376816058219417,65.22494063900089,1
2025-02-15,69.1388312328168,2.1506009954462817,0.08602403529341243,59.15045833329535,0
2025-02-15,77.32184931773287,2.1388259053100858,0.010939706411771173,34.16682906648153,1
2025-02-15,72.24724034145756,2.56757700459508,0.7683061186484593,63.26145146037415,1
2025-02-15,76.58179160768073,2.6888081900286673,0.03887086281383775,57.287073347980204,0
2025-02-15,70.57375656937889,2.4102792744309838,2.2337777661253373,31.29207651661394,1
2025-02-15,75.9053137138554,2.7037881459947046,0.5616519611418724,35.3481072843868,1
2025-02-15,81.51639018658032,2.2869590179487855,0.700094645531332,55.42512223342781,1
2025-02-15,77.93082900196391,1.8655919202778795,0.1410514036207889,56.5040201152114,0
2025-02-15,72.9379309089176,2.372829678300221,0.5602225403745961,59.8660573135038,1
2025-02-15,76.28599485177963,2.5189696439539304,0.02209086671744628,58.80981603099927,0
2025-02-15,73.79667412734894,2.417248012031063,0.9095418595351542,56.380798186798195,0
2025-02-15,75.03940092347364,2.1524190209021543,0.0929383903788824,60.6495560698569,1
2025-02-15,73.37194473925749,1.9553053072363549,0.5976024555009403,53.00342823569491,0
2025-02-15,74.17832397057305,2.3457733586896308,0.12711107660176443,40.431655420978196,0
2025-02-15,76.06046676537088,2.769296731494923,0.03545440791801509,66.49506454922873,1
2025-02-15,70.03320650209025,2.876859231824105,0.3284015297912138,30.728561237279116,1
2025-02-15,69.9206058650501,2.8563140152415367,0.09273498007291567,44.662468794859606,0
2025-02-15,68.05728723084394,2.255227139455434,0.6536380674731962,59.15481172388653,0
2025-02-15,66.99864447748145,2.1538881029108907,0.13561956310372894,47.08624164598697,0
2025-02-15,68.9135865388976,2.6489903844939686,0.20963438811800475,30.993376299200573,1
2025-02-15,75.79731253402065,2.6905300034793775,0.41901625148480337,32.63923612464853,1
2025-02-15,70.53606242254058,2.6200508815601493,0.16771418512378883,,0
2025-02-15,77.56807232115548,1.8957810177286711,0.23739804032685236,68.594583976212,1
2025-02-15,,2.23993462453496,0.8453830195200556,52.07454543337996,0
2025-02-15,65.15747893280974,2.4910933629142065,0.09874390229507433,50.27031272095076,0
2025-02-15,78.27487792110846,2.6461654583891283,0.042888754431005975,42.73300852225069,0
2025-02-15,79.05399322795854,2.730192208780746,0.19901474929833704,40.26762695464252,1
2025-02-15,70.03068662582574,2.543276056684612,0.2761509708541138,30.839399270251388,1
2025-02-15,77.10095771447496,2.5992351419614708,0.39116330628153656,40.918194705618845,1
2025-02-15,70.71750881295401,2.525459637508331,0.2329450078238703,47.9644176346101,0
2025-02-15,75.48835188374167,2.705685812265545,0.780113680755032,37.917991321958006,1
2025-02-15,68.67750796522517,2.5938596954472732,0.02005668931789906,33.49391953925717,1
2025-02-15,66.03446773732712,2.5197212980141863,0.2826123401258059,58.7091146901841,0
2025-02-15,73.08591405193516,2.419489360258786,0.24084050433693527,65.78481076272269,1
2025-02-15,74.38135526862582,2.5243874275127443,0.5214636752399274,67.47088278748342,1
2025-02-15,73.01160153192698,2.6453774136517825,1.6947764991651704,54.719949139879574,0
2025-02-15,69.0798472088872,2.5802426166694183,0.3570581587434433,32.110983303971274,1
2025-02-15,73.00050468934431,2.614247925503576,2.1666885998877654,59.63450519847094,1
2025-02-15,76.34647376290367,2.902816558405356,0.17994676968447212,34.40381221047546,1
2025-02-15,74.77553484938731,2.579549176823976,0.01567729511137833,56.78992470751296,0
2025-02-15,,2.305300443858053,0.0905590411158786,61.17463342991503,1
2025-02-15,71.64942399772883,2.7650820357982506,0.2513666316870268,59.03458843305891,0
2025-02-15,80.8585895735808,2.090140498699325,0.19014282594114765,68.07535223044522,1
2025-02-15,69.1191333172261,2.175575985778214,0.05104633653999711,59.52585137869559,0
2025-02-15,77.4378014854336,2.600754179416021,0.2833983487607823,57.72839111927234,0
2025-02-15,80.9094554647998,2.6549190003359735,0.20633230999984026,40.46972688732409,1
2025-02-15,77.40454046374448,2.1264846329488014,0.06540709832079737,66.99074745743607,1
2025-02-15,73.98737886467585,2.385154755703975,0.17557165768833277,37.181754831766675,1
2025-02-15,72.3585147666851,2.318174850334102,1.0876946058826773,66.19586445892506,1
2025-02-15,80.18043825523128,2.353997103135521,0.17980309326740684,42.506501733836416,1
2025-02-15,67.88512537369164,2.7830793328818837,0.6258038087587989,35.20654375510675,1
2025-02-16,70.14937869810178,2.711951639064176,0.47343564302259367,63.06732109084683,1
2025-02-16,73.0122111725414,2.494263346043888,0.2785928885097846,30.099818144033165,1
2025-02-16,81.18826878755999,2.3362114218655217,0.1365778049987993,63.28353270723323,1
2025-02-16,76.89883818020448,2.0951050989339577,0.23023635601535977,40.49247368183904,1
2025-02-16,70.15977120744877,2.9260554816345845,0.44837545861274747,65.38885091022485,1
2025-02-16,73.44846147307548,2.6776341700854753,0.21597118996651204,57.659167289663166,0
2025-02-16,71.92838427951853,2.2879992687780577,0.120969819074693,56.647333314023605,0
2025-02-16,71.45105503883232,2.7158798492874676,0.061910912500226,44.61278252659373,0
2025-02-16,79.8944477927839,2.478932913827612,1.0591616178570882,32.37611895563084,1
2025-02-16,68.14128435368248,2.4138671485412972,0.29018876837939483,63.20292392822309,1
2025-02-16,83.04390427867187,2.630563458486881,0.49069246601026356,36.83615180706112,1
2025-02-16,79.14114845092311,2.2775505250261827,0.3370747534159943,44.89034567579009,0
2025-02-16,80.45430835301849,2.396873044146967,1.0300803815672555,54.01418742036327,0
2025-02-16,72.68530243987371,2.536438319259864,0.39585967512958803,49.29014954242487,0
2025-02-16,74.25029640460446,2.3501646421344358,0.3277151622291302,37.946425406852725,1
2025-02-16,67.83424092737644,2.7007255630802574,1.2924805698104898,35.624654275291356,1
2025-02-16,72.37668796466599,3.0607199511034784,0.6359288521438932,34.92985089001162,1
2025-02-16,,2.2737105602178573,0.059138401652390885,64.52031525996804,1
2025-02-16,81.48031530890698,2.0004624111087868,0.09782770614335606,31.262381962453347,1
2025-02-16,69.46421591598774,1.8994779497571215,0.7735200505050301,69.08057038399578,1
2025-02-16,73.17247031507367,2.4548595575515053,0.9034913418403598,37.94114761541656,1
2025-02-16,74.24350389883739,2.301050622962145,0.3939386762999752,34.412891875163126,1
2025-02-16,68.02105398903757,2.562358150320124,0.4042287692525358,53.0788661910718,0
2025-02-16,77.956746208792,2.53977930160783,0.4997450956194471,33.199438317627866,1
2025-02-16,71.38004834128695,2.019034946015771,0.2891203830136118,54.0981305265438,0
2025-02-16,74.02304824411488,1.9555348511555781,0.5700283688801115,64.02506579254452,1
2025-02-16,72.74025314044061,2.5887799721038287,0.057414409209313115,31.915920858696992,1
2025-02-16,71.05330747140162,2.540628650415987,1.6256897249035973,61.99474418114177,1
2025-02-16,74.96477507259722,2.3722546004900344,0.693456924071023,45.77909763928475,0
2025-02-16,73.92195210715988,2.0028569244603087,0.4987154220000725,36.3796253532484,1
2025-02-16,73.14071058860667,2.6414173788294972,0.19013415791117214,37.043859210698365,1
2025-02-16,71.3576918915983,2.881569863627183,0.0877457598197288,66.75058174776905,1
2025-02-16,76.59762335391478,2.5833947320656767,0.26325987053447436,34.424230077626575,1
2025-02-16,83.26808634246143,2.245757832830481,0.5417289600419568,64.67131148462629,1
2025-02-16,75.69943616419563,2.5133656496713455,0.5021646045614179,51.76978483934458,0
2025-02-16,79.98059107455565,2.0901657757198944,0.24115241390513067,31.562247152657562,1
2025-02-16,68.04889037423268,2.8173882141516375,0.4750354478292487,48.57904582869353,0
2025-02-16,75.78880719646885,2.524553300358862,0.8403281352245802,62.69798057905203,1
2025-02-16,69.51315840514467,1.9695529264740304,0.01331819607624139,59.048111505564016,0
2025-02-16,67.61537536234049,2.409797691866895,0.2994834084062654,49.551296707388715,0
2025-02-16,71.30314296270483,2.638990453070269,0.7105572606731891,64.40199518784868,1
2025-02-16,80.95949667206786,2.4000857137073432,0.3949881742311047,34.814590471209186,1
2025-02-16,79.75007914334823,2.417231283567948,0.5270242184358108,66.39764213569475,1
2025-02-16,76.215023610272,2.1326793378858184,0.3635344275349158,63.85764833933395,1
2025-02-16,67.33649720055034,2.669962296124497,2.4063767566181387,58.331073026289445,0
2025-02-16,74.01859674306031,2.3054592399942586,0.028084970587756993,62.71550968514997,1
2025-02-16,76.50850004450868,1.8530663868984902,0.33769766240044563,51.75262027370664,0
2025-02-16,75.87768114789299,2.388622788798882,0.04793426984208158,57.00649716390667,0
2025-02-16,65.78103208259627,2.7943449146711057,0.08704906826292921,52.423922828311156,0
2025-02-16,70.54841075990065,2.383921166020016,0.24147420663899918,44.21714122031797,0
2025-02-16,74.67961117925641,3.021395495537056,0.08452900875740901,52.7544318944471,0
2025-02-16,77.68145454758594,2.628690384564555,1.6577920226419742,40.29861330127703,1
2025-02-16,64.01936089450027,2.60162744868411,1.4667523671379492,47.61116683363141,0
2025-02-16,74.18938012260071,2.4614805202247174,0.20481913649572248,41.23101629040973,1
2025-02-16,75.71524384939477,2.4795141376707126,0.510475346541114,34.91551157845556,1
2025-02-16,,2.420972909464149,0.38152021498322014,42.87447425559625,0
2025-02-16,,2.409319182375242,0.8452886828868841,64.07948872739082,1
2025-02-16,,2.659260148620145,0.49368611895363385,45.24323082569223,0
2025-02-16,71.00029746649032,2.21925063106283,0.00012624318128063612,59.92014595875476,0
2025-02-16,65.45998931438346,2.177231851382722,0.7202156064721628,,1
2025-02-16,73.034736214693,2.163041484737387,0.686882829643349,46.97676636670566,0
2025-02-16,80.0081591260428,3.1136963643031463,0.35639207046763427,34.59424277340706,1
2025-02-16,81.96727263762216,2.659102870501174,1.1661046608381536,35.54484253469959,1
2025-02-16,78.55274551148892,2.5913476605040433,1.1954142817518212,54.697455195602764,0
2025-02-16,77.14670411400867,2.1827455989119704,0.3710759444107747,54.29927269796045,0
2025-02-16,76.89819824192983,2.6870026902024486,0.4682317085922637,38.53487629419449,1
2025-02-16,72.2194062661961,2.4650285960640015,2.830659271579085,48.97692777155194,0
2025-02-16,74.3496985322319,2.5642506823395252,0.17749549187752967,64.53224667911792,1
2025-02-16,83.34534762913165,2.207013905240933,0.19623785019668732,36.968060347059314,1
2025-02-16,70.28720997104061,2.548080657225273,0.10091974074094393,30.768421322940593,1
2025-02-16,83.07389395354926,2.3728499385380553,1.1310428832205164,56.07980562654289,1
2025-02-16,73.3898592275397,2.2703166528909438,0.6822437149295443,32.1399283235474,1
2025-02-16,81.62716054547539,2.7202319007421747,0.0558250428393293,69.19760954289784,1
2025-02-16,67.96592495251231,2.0386876574409993,2.0022707008885487,54.38481135195524,0
2025-02-16,77.92952100582325,2.669432879294245,0.6564507803337493,48.81585411375889,0
2025-02-16,71.31614932026189,2.705345840065899,0.9503033937112638,47.19970160097227,0
2025-02-16,67.92366404037907,2.236106897334628,0.024674324362381973,52.922826340677254,0
2025-02-16,76.09267021205473,2.2539014616602597,0.35155928394898917,33.624977468808595,1
2025-02-16,80.04735894297984,2.4330922956200793,0.5996556542115742,67.20076235277983,1
2025-02-16,70.77529280703251,2.584610863138666,0.3914775060716137,55.02568274207511,0
2025-02-16,,2.4541435024557323,0.5492773437124627,37.359139904436354,1
2025-02-16,74.54077617832523,2.6300687380575636,0.8515284364519973,52.503242150586516,0
2025-02-16,74.5628233561141,3.02889389576122,0.23447174606301904,35.330260233320466,1
2025-02-17,77.7415981377725,2.3476849692550856,0.9441418223552565,30.702108702332485,1
2025-02-17,79.74797285682244,1.9854460087889738,0.08891549013017556,55.22067940855992,0
2025-02-17,74.70292409363753,2.747777074909196,0.1579626280343556,55.93933367480511,0
2025-02-17,,3.004994372778259,0.022156551054331234,53.347863312136624,0
2025-02-17,76.12117372267646,2.6178305089153375,0.2266140139634024,37.339328174400926,1
2025-02-17,73.2678674699655,2.1736753973939,0.23894495806986898,54.13719433979068,0
2025-02-17,66.94216320448587,2.46283229102944,0.818072181060522,32.26043763698079,1
2025-02-17,73.68670239841916,2.1644429547365105,0.5294035706980192,54.369534222876894,0
2025-02-17,73.31806527294432,2.6928566481888843,0.28699149015813674,52.16068076430475,0
2025-02-17,79.80152398140736,2.0946128791904695,0.5279401888182519,56.210193233563984,0
2025-02-17,77.31241812033427,2.40996136395154,0.02711371871315857,65.81902423009575,1
2025-02-17,69.10315439183691,2.198698652111828,0.09939106752455566,64.01432420958146,1
2025-02-17,75.86127193205519,2.5380474055404885,0.4930185354148566,69.22616766250155,1
2025-02-17,78.35765585864527,2.390097496858673,0.5127275967196818,69.049641317463,1
2025-02-17,82.64015679693917,2.553028630975079,0.7439081461393381,60.892787734950105,1
2025-02-17,79.4375198370703,2.5067051664899096,0.2579188809971551,68.25678488710912,1
2025-02-17,78.8042332715574,2.204002291682767,0.6410646537801905,64.69135543556447,1
2025-02-17,75.30042997307582,2.6880631190587065,0.5759754142991984,59.10329799579892,1
2025-02-17,76.94156002711725,2.4853703044470654,1.653763068041038,33.01537018575021,1
2025-02-17,81.2475245035308,2.20344129764023,0.1211187342481031,31.961995530795512,1
2025-02-17,68.33611301260176,3.1722779668617376,0.4011235213812948,63.50398270023081,1
2025-02-17,73.25280336391522,2.6429290500151374,0.4603557973902011,49.58623431486793,0
2025-02-17,71.1371562562188,2.4540218339802085,3.3030425985789678,62.584267374996834,1
2025-02-17,76.89576559363061,2.924561358010547,0.11231241278386829,42.51673082620877,0
2025-02-17,81.15111087825395,3.052544682815982,0.370347978750377,,0
2025-02-17,72.01512856639464,2.4563951733058347,0.2124656564013208,58.00746884047727,0
2025-02-17,63.04847816265281,2.6042192459304285,0.37316108904572354,66.61306947728373,1
2025-02-17,72.93889627487765,2.2035991545991176,0.1320665052554885,33.51045897915544,1
2025-02-17,79.56736866008703,2.4558421747695967,0.024391580771406483,64.45912578538424,1
2025-02-17,77.6881495147494,2.440281233872039,0.4249770554301178,61.72050899517461,1
2025-02-17,77.14093123905288,2.555448110086496,0.2046268748735771,42.621570829194184,0
2025-02-17,73.6000334906276,2.599828143591103,0.1004106544703831,44.20866456526238,0
2025-02-17,68.60484631890107,2.667948534648418,0.1957334455144423,31.858459088876387,1
2025-02-17,77.57647160812233,2.571292796889988,0.025267949298792215,30.62962444466872,1
2025-02-17,70.82859094982688,2.1367772120112507,1.502308150865032,49.08024505430917,0
2025-02-17,85.92048366690229,2.2184598682776744,0.4351187202075733,33.82158581989242,1
2025-02-17,77.85253604177258,2.336077714160898,0.8430749319347892,37.76007257660852,1
2025-02-17,72.09675848723025,2.4153278224230315,0.27505894094730937,63.870687981066546,1
2025-02-17,71.94307376305686,2.815232287141634,1.1681467845835476,52.841135650018096,0
2025-02-17,74.53527896693205,2.151118303944126,0.33016405477807237,55.34529749064453,0
2025-02-17,73.80249038989125,2.39277548554879,0.42659379465375635,37.4991732332768,1
2025-02-17,,2.785902849464215,0.33843418127974806,63.14647217817678,1
2025-02-17,75.93208084872023,2.4100367576510164,0.6607747353908007,64.7191908975899,1
2025-02-17,71.34184130545736,2.638124694952847,0.4181117940981236,50.93310374852174,0
2025-02-17,84.45220342577892,2.4581373871216288,0.15845172667169594,66.50231087514639,1
2025-02-17,75.24654165760111,2.577034977197417,0.0786425200079115,63.793144998183266,1
2025-02-17,78.84419837984449,2.431458236857138,0.4658600636776133,59.25296706697752,1
2025-02-17,71.9588674627762,2.7001196418185063,0.3358689630227571,59.363036627745146,0
2025-02-17,76.81557813872261,2.0364830777780694,0.05044951738280901,34.215738958034535,1
2025-02-17,76.55554995571597,2.3910063974834364,0.25177397336989854,40.833441507826635,1
2025-02-17,65.55175353951924,2.5889718030082927,0.3615727543498909,32.67388879270704,1
2025-02-17,85.0763755523032,2.6601085744018578,0.8769233646617588,30.347248369052345,1
2025-02-17,81.45322230461274,2.947885786826148,0.03957629055328469,36.3323812553564,1
2025-02-17,73.01402341927006,2.3826925999403272,0.21423537118759772,65.2194873058776,1
2025-02-17,69.48865129772072,2.943844528558262,0.8648323108380502,39.59496236144206,1
2025-02-17,76.73780806901776,2.3022928520020987,0.5226645904110379,68.80615850366887,1
2025-02-17,75.43348849707198,2.8985939234633933,0.17121580449242255,53.89163998244825,0
2025-02-17,76.77834474281615,2.7452401380095117,0.9332472901462158,39.49033950538762,1
2025-02-17,75.95788698097044,2.2259624261103332,0.3399117487359824,49.88523213936851,0
2025-02-17,77.53120494652963,2.5921117711755466,0.34492819189847584,38.76379290800462,1
2025-02-17,82.23652849695904,2.4846292493403426,1.8772391715629648,69.35894232729495,1
2025-02-17,77.84051602564323,2.6876753781025,1.4698319796163606,63.89059935619856,1
2025-02-17,69.75172250545029,2.433018523470007,0.22199852228976555,31.049551551293163,1
2025-02-17,81.81281426356226,2.4078261323014805,0.07574826099802297,67.91104125869884,1
2025-02-17,83.20307281744144,2.9107283748288553,0.19701541389035884,58.842604292115496,1
2025-02-17,90.76028367256042,2.470383731663298,0.015478769068695532,33.29525008085113,1
2025-02-17,69.38252983380201,2.74792669725753,0.01049328616359221,56.825509853057824,0
2025-02-17,76.21441006575138,2.43239455448674,0.2516951143534165,55.87706791862742,0
2025-02-17,64.58950648405506,2.999998977768257,1.4152769347244334,38.75154983230334,0
2025-02-17,77.76574578189604,2.296499611199352,1.0253584027415499,60.337868000303025,1
2025-02-17,72.25899850916613,2.3157569406258447,0.35814939531797696,33.482588132518686,1
2025-02-17,84.61722897412477,2.957355154334771,0.4164648999208902,49.577807249249915,0
2025-02-17,71.1269251499071,2.366516082731424,0.002975584940772848,30.39692828652352,1
2025-02-17,66.55408481016369,2.9803222918493177,0.12135509007413417,68.74949955578985,1
2025-02-17,72.6436812964874,2.767552173878444,0.012543085065862745,60.062545271076374,1
2025-02-17,65.12256114391431,2.45360508803175,0.7023096870116436,36.35408304638624,1
2025-02-17,78.75549727253654,1.9560119583948525,0.07870470621551444,43.666961598051316,0
2025-02-17,64.6745847687184,2.4942045087184495,1.0164587906651172,36.42249511232705,1
2025-02-17,75.1422879059158,2.5304890160600273,0.515464175877289,60.664698565172586,1
2025-02-17,64.61094090071902,2.8501653199913117,0.1303050417067724,32.35585301710861,1
2025-02-17,73.39851097731679,2.9765341528720337,0.08582157745506074,63.61626622254857,1
2025-02-17,83.21689077902266,2.294503846256876,0.4939265323941818,67.68785355342919,1
2025-02-17,76.80323945717898,2.7403545291964546,1.155495059648509,57.065117712252,1
2025-02-18,73.20307256422488,3.0077540720655387,0.633563198307959,38.518618000057366,1
2025-02-18,76.81591474284046,3.045935007731265,0.21427474571647376,44.40360383254203,0
2025-02-18,78.5920862492888,2.8327195220055668,0.44261845986415504,49.08959499235725,0
2025-02-18,78.65628916702397,2.0773413980166207,0.18608409874052828,54.18499088809015,0
2025-02-18,70.89786875102756,2.616759149720162,3.5348823330762973,56.7465235924675,1
2025-02-18,78.40920535358806,2.3256243445905875,0.6908309307907178,52.168588612755315,0
2025-02-18,63.14163941862786,2.7467764701958663,0.4764535513202914,44.05255683287423,0
2025-02-18,73.97344329973352,3.0843153856592984,0.2751811171351786,65.63669122259613,1
2025-02-18,76.65535499537155,2.8288591702592614,0.4813667077323774,,1
2025-02-18,81.85474215476046,2.9963966010985885,0.20898351306546298,48.6502421697398,0
2025-02-18,77.5592195795421,2.8471789725496137,0.01464481155763399,61.022593538699226,1
2025-02-18,71.70155452584832,2.298571366673799,0.251336574800829,32.43490661165603,1
2025-02-18,73.96265733429532,1.8360954260959736,1.3330762936090053,58.21340867245205,1
2025-02-18,78.83273519936232,2.75899766037394,0.49215243602387426,62.788464910133,1
2025-02-18,76.22028514646354,2.5937264080529476,0.04384527819218392,56.43325194108209,0
2025-02-18,74.89646714175514,2.3665136067309334,1.081383808232755,30.51747569101424,1
2025-02-18,75.49793864726797,2.177291425426186,0.1565853145775231,37.20548108528825,1
2025-02-18,80.24838559496622,2.4546608873110665,0.13970452297322614,43.68452315567803,0
2025-02-18,75.7785839285839,2.639939713585367,0.1762638981849866,39.34760142552184,1
2025-02-18,77.83935563415699,2.8956468196110565,0.4304306569252301,68.5060856090971,1
2025-02-18,89.2947256402969,2.6627988698280123,0.3933862929743994,56.063756564551745,1
2025-02-18,71.16050991274784,3.2584340735959603,0.33806023522363743,41.87883829406281,0
2025-02-18,69.47062937724169,2.3401499470389475,0.6321036136102134,67.18789994661782,1
2025-02-18,81.73862029612,2.9166977483607064,0.19029191373272486,59.62376797904747,1
2025-02-18,74.80856980090043,2.6977619603491036,0.7617781152583522,41.38428847308168,0
2025-02-18,76.01107207704136,2.902983994867111,0.0963809409347744,45.15526277607822,0
2025-02-18,73.50971889372248,2.6419945318619287,0.763055967398342,37.97715433215827,1
2025-02-18,78.03924892692451,3.034975284769922,0.5450395578588881,68.84295993063287,1
2025-02-18,83.9489218589552,2.8168907017090494,0.5747554245092011,50.691859835602926,0
2025-02-18,82.88740228224486,2.5098933139038393,0.3284591202338761,65.84226749991939,1
2025-02-18,81.69057668398924,2.707965870450982,0.5498086958287624,43.85999084067391,0
2025-02-18,70.16882654339365,2.6436197174732206,0.041580515851095685,64.43366412389904,1
2025-02-18,72.50580880130107,2.750116798062891,0.9537573012761135,32.155473937086555,1
2025-02-18,62.314997090221866,2.333571050945671,0.028574801138727277,69.28361270097152,1
2025-02-18,73.13707282264002,2.7493075448938495,0.08051972392445637,66.48137468133211,1
2025-02-18,81.9343762854153,3.0157087263351334,0.4299430402189885,44.528117791066194,0
2025-02-18,80.36333432055676,2.6496915455309344,0.6724062866324161,60.988886612583094,1
2025-02-18,76.08829599707869,3.1252363713329165,0.039657750097388096,60.09031705895304,1
2025-02-18,79.489617267049,2.9036545033275987,1.2676674063432052,66.05019188411727,1
2025-02-18,76.35258880362092,2.8001383561726185,1.8173405190540595,42.29019924515244,1
2025-02-18,77.00180088926086,2.697317591209728,0.46563895661636173,48.62080021256598,0
2025-02-18,82.3737141021688,2.819946639960394,0.3281602956878869,64.59998450424212,1
2025-02-18,70.77922950202522,2.750629326274838,0.6762266853798538,61.14317816540864,1
2025-02-18,80.04122364157784,2.136374267897576,0.19901442709876052,45.738668749611165,0
2025-02-18,82.00406086168165,2.6078264447317054,0.3398829888681106,63.829009316484886,1
2025-02-18,75.68040299302461,2.3081528636289526,1.2393690183182273,31.87816156929606,1
2025-02-18,80.75522840582522,3.0296259429299193,1.5578824527952335,61.28185211851961,1
2025-02-18,91.65300819120394,2.7149142964414907,1.3091215407745824,38.270634377348024,1
2025-02-18,76.26832100639837,2.6429366012655104,0.1522093877856107,41.44483631295149,0
2025-02-18,79.85174642839208,2.9826788689242694,0.13228823092728617,49.728593743823744,0
2025-02-18,72.80691287038798,2.8746140749692195,0.17667203866909295,47.989380042798956,0
2025-02-18,78.7061212587821,2.2972818110359734,0.29108125621911557,50.82280427479524,0
2025-02-18,79.05277643581175,2.7192581398992193,0.18856086150506582,,0
2025-02-18,79.1810280631421,2.5710046653776133,0.2343724474833589,43.261107641259876,0
2025-02-18,72.22210384051283,2.231433806167025,0.4846308112155386,37.0091005206812,1
2025-02-18,79.32238920450179,2.5096450117557323,0.718847887716044,60.73924917149224,1
2025-02-18,86.39256042195296,2.634461484319208,0.6650670415764386,45.999045963485685,1
2025-02-18,81.83262575867734,2.636013422097906,0.8421442222447775,50.23363449836236,0
2025-02-18,80.2819313563387,2.296495322614574,0.016356854521150203,55.78786873404472,0
2025-02-18,75.98074605606308,3.108547259188289,0.024455325295161593,66.38551689226624,1
2025-02-18,81.44641512000653,2.642726505289559,0.778856887072052,58.302113245608794,1
2025-02-18,79.85666700946412,2.654615594709099,0.38079740998999323,31.818369023615382,1
2025-02-18,71.59509184740931,2.8549030436492124,0.43154168533342036,63.542414535920706,1
2025-02-18,78.61051261719415,2.3911505767272137,0.02701000963863048,69.57420060510077,1
2025-02-18,73.17187388545555,2.7716311700606604,0.14739617948106842,48.899401014855286,0
2025-02-18,74.92048686710271,2.53674259241815,0.5085451446076977,68.78361345818402,1
2025-02-18,79.32425994288197,2.410251813653905,0.9801431110780879,51.893149693725974,0
2025-02-18,79.92989709378874,2.8052176535458475,1.244357328615329,48.384639834877994,0
2025-02-18,72.39243210773022,3.0505621621714636,0.3469932621903007,43.2561905890982,0
2025-02-18,83.46358417254588,2.860676602328893,0.39425033666314885,56.302195033333554,0
2025-02-18,80.91577116482873,3.00901699187076,0.8950293513827852,39.192816821001784,1
2025-02-18,75.14112091166994,2.480233614424972,0.3856890826737776,34.197368740576174,1
2025-02-18,68.0727533511899,2.2037005973517547,0.36372288021422156,31.089484103368562,1
2025-02-18,78.81981059156408,3.2443761797482304,1.1773816934440993,41.69520450861055,1
2025-02-18,73.56579937981387,3.3138957603200736,0.7801637118248479,45.83083328668153,0
2025-02-18,77.48654046836063,3.1799685816173846,1.198846541607151,52.08306785124991,0
2025-02-18,75.95765589757202,2.5519622173934975,0.12310825759117014,41.70999300748026,1
2025-02-18,68.6353285873648,2.4617834410663537,0.37156328677899947,69.36238289541645,1
2025-02-18,73.0629984176946,2.3532304661972083,0.9240764375301211,41.6698067296467,0
2025-02-18,76.4437801207166,2.1834749954932096,0.05891217120499661,47.63901553785635,0
2025-02-18,81.96070016328603,2.7336393483753545,0.7915493142585486,34.13104662127601,1
2025-02-18,75.50351974297322,3.1726166751820553,0.10104180310661387,40.42506053348303,1
2025-02-18,85.69604370836538,2.659895649572088,0.8254393069312775,31.933285591559645,1
2025-02-18,68.14096195978618,2.776612454065026,0.4733761778727319,52.380345337493125,0
2025-02-19,83.9396893601205,3.0989374703884014,0.10736204203339277,60.04258732529727,1
2025-02-19,76.48573049208339,2.5972965069916847,0.32061351171211544,37.82839257344272,1
2025-02-19,81.26609781098934,3.3383065964757836,0.5727028609917462,44.71643751264283,1
2025-02-19,77.50975525782275,3.2654659006886075,0.5023600580853836,30.664649069086423,1
2025-02-19,84.13215460215571,2.6223625755885087,0.2786505311931591,63.580882228888484,1
2025-02-19,76.19480555050868,2.4962829163513582,1.1481351810749931,61.19854099726678,1
2025-02-19,72.9984843817014,2.8391087132071053,0.36621789907669855,32.53016123497169,1
2025-02-19,85.31653582605615,2.516221004318378,0.3524755857038485,44.59470437281645,0
2025-02-19,78.1369353717369,2.3678917922410445,0.032136259561730975,68.21146455397982,1
2025-02-19,79.98600636627604,3.1313013862156494,1.276295551798215,45.68108224315908,0
2025-02-19,82.43204295035787,3.108486480840385,0.09747036353556682,51.048347068960645,0
2025-02-19,71.98591413911346,2.6275539174722353,0.3757534214437271,44.20971444041421,0
2025-02-19,80.74607853070624,2.3088873195293838,0.8137184671731729,53.845255525130476,0
2025-02-19,75.0278486921982,2.2760375268551565,0.1213245754229745,69.12627502547289,1
2025-02-19,76.66906264796012,2.739355658416789,0.37472469931271885,69.90010013924788,1
2025-02-19,79.27341849790974,2.5291475137080215,0.13766922418491212,60.988599120447645,1
2025-02-19,72.47883906105591,2.6272677156697473,0.7129231599883029,46.17244392081757,0
2025-02-19,74.29197674147956,3.005631291997934,0.4154479185320583,49.777288033159536,0
2025-02-19,84.83970549426391,2.825153700480873,0.968887178655334,44.26925312449222,0
2025-02-19,83.2804121980283,3.065088510509307,1.1247971337815355,69.42298519617384,1
2025-02-19,75.82096235816039,2.4031022887281552,0.5231050171866715,58.31041223301615,1
2025-02-19,79.24408623300288,2.6015480508555404,0.6462039538191646,47.95725781734045,0
2025-02-19,77.50782329728523,2.8574106682528337,0.39838804247988097,30.484610804384094,1
2025-02-19,84.1397629319388,2.757600517126561,0.24260227650250132,50.81933657562193,0
2025-02-19,75.77167653112721,3.1625263816549456,0.5222295840469336,69.35712806806471,1
2025-02-19,78.97340485057447,2.7559776464686943,1.1945544225587066,50.92243635892208,0
2025-02-19,83.6694652875084,3.1710012599066264,0.26951000516003587,37.29706741956455,1
2025-02-19,73.204490293855,2.8397483148853753,0.18873776801899622,30.883749884190994,1
2025-02-19,87.89010719853542,2.9942279297096657,0.24586860166905986,44.18815032496836,1
2025-02-19,69.86899657027517,2.559025492097698,0.28581678294213647,66.72912222786428,1
2025-02-19,84.99455130413743,2.6690993157289484,0.0382035529412635,69.86216432703525,1
2025-02-19,76.04300076116952,2.9739751073129623,0.3450178535439632,67.81471899248011,1
2025-02-19,77.69436689857808,3.1478853059939254,0.3409199230996543,59.17679973017027,1
2025-02-19,68.56736339308353,2.922305935876468,0.44390488091988894,52.32570913762621,0
2025-02-19,76.21162033315554,2.6560250416137476,0.2253515682902659,53.627445855290084,0
2025-02-19,71.92945675053242,3.1215830166278353,0.47480432516685517,51.55968036367844,0
2025-02-19,76.44945671953614,2.0863166813878675,1.052754421485179,58.28197219691953,0
2025-02-19,77.87515619897405,2.3152920418174676,1.555807201609356,46.754929067814096,0
2025-02-19,83.83665964124214,2.9689007906538207,0.4380691400931025,56.76816019823062,1
2025-02-19,79.4031773894783,2.746139851720795,0.02176227676549314,34.864484598288044,1
2025-02-19,80.36326730473435,2.89358197191434,1.7407050074766366,40.62781226245935,1
2025-02-19,71.64935049609495,2.6976506748475755,0.6118532205246456,63.440121552345175,1
2025-02-19,73.1048191352968,2.8518956622403504,0.20470919242504043,66.14995722973565,1
2025-02-19,88.34010568731259,2.4117902883802524,0.0795903133086771,51.56032950241199,0
2025-02-19,75.88373677346773,2.871372290376485,0.07740297103683384,31.265424688517296,1
2025-02-19,,3.0331937323978724,0.09180784058966648,67.07894283167073,1
2025-02-19,77.03443007345948,3.0298818010352186,0.023321808672445387,58.08257032109146,1
2025-02-19,77.58049588023229,3.3022053954614212,1.1621811964666313,46.56111695021443,0
2025-02-19,82.65479433178479,2.7393614216146274,0.38910012849329256,53.935157727979856,0
2025-02-19,84.64430180504873,2.792641042563534,0.6019187612615279,47.19099337765464,0
2025-02-19,78.58690013096998,2.215579091550348,0.8804459345442648,48.613569069282036,0
2025-02-19,76.5104472056765,2.50360105109377,0.784006465073438,65.47239462637607,1
2025-02-19,77.4008853074699,2.608077043051415,1.0711081375127272,36.443369876684464,1
2025-02-19,80.20464882109576,3.040262304375185,1.7094967363314695,34.14676541928947,1
2025-02-19,82.09654226076788,2.5118621925065936,0.28908012718119674,30.10914978052063,1
2025-02-19,78.43326359570136,2.917480919424648,1.5012321078410698,42.56001502448507,1
2025-02-19,82.4908971905715,2.7125837100383463,0.6423925329673873,35.8965506593771,1
2025-02-19,84.11463900205388,2.626123754592189,0.03664471763527165,38.799419805524444,1
2025-02-19,80.70380035986395,2.830994085424262,0.5725110599490206,30.44955930661508,1
2025-02-19,,2.5339597806394845,0.5803236285231642,39.08781658750813,1
2025-02-19,71.63377358509412,2.561940249931336,1.1814891159501586,,0
2025-02-19,64.20932370598182,2.1183259671796155,0.2333502512662147,31.26269985639525,1
2025-02-19,78.72420726854436,2.6082700182071283,0.4396317645647125,54.31616497188591,0
2025-02-19,78.22114807068438,2.4720277812700506,0.006131214106660085,52.75201395535032,0
2025-02-19,75.7902566885687,2.5825215293232326,0.20178987489281938,33.881431140397005,1
2025-02-19,78.21846411797007,2.863387107127291,0.032132599864651785,53.80039110073604,0
2025-02-19,76.44498159684706,2.9367980945233767,0.36893941722074125,69.94615674435511,1
2025-02-19,83.45141976567821,2.7711019754014217,0.8503591502774753,67.77875811246163,1
2025-02-19,77.22646739112369,2.954631036899338,0.11561475999202286,30.106839734706533,1
2025-02-19,73.20391060172554,2.832651546147312,0.37479638426267137,61.81513245321439,1
2025-02-19,83.06645198521788,2.6879917458193336,0.11408347154225641,44.144211049459436,0
2025-02-19,75.94847299101389,2.632926969475676,0.06430801376524717,32.5460548133851,1
2025-02-19,81.05922270838808,2.7999744288775923,0.3576931145336587,41.839328548648325,1
2025-02-19,77.10309006491948,2.846348431266554,0.04122831242879674,42.86946065251849,0
2025-02-19,74.60231015761224,3.187784463244375,0.44258336296327283,50.929769572362275,0
2025-02-19,78.55099221291407,3.022626755412788,0.015919492189561547,56.44335069075419,0
2025-02-19,80.08223995055391,2.549000558452645,0.05642478429716429,59.96222448833632,1
2025-02-19,79.21153405945682,2.736995981231744,0.39925105421375595,39.83612170253067,1
2025-02-19,77.84800642863202,2.8594884164920997,0.44751836947669116,42.87082280993988,1
2025-02-19,69.8890586790605,3.0618605126995475,0.014707675263902166,42.335268274389406,0
2025-02-19,76.69044792123185,3.007718880403631,0.42592703140099103,44.50947472483506,0
2025-02-19,83.26084018645172,2.678860823039018,0.9116328865602734,69.98625235825355,1
2025-02-19,76.7936945697431,2.2741215243147894,0.6406360704678801,61.117732113097034,1
2025-02-20,76.18515349182799,2.3640970991211585,0.07031259218512928,68.99961861074789,1
2025-02-20,84.02645582075026,2.796262607938357,0.4488260668343247,57.72444238188229,1
2025-02-20,75.57297607541828,2.731500834083234,0.5577558921794595,46.25082806589137,0
2025-02-20,71.39129781027879,2.376933380920597,0.018970990451174393,45.589767345079,0
2025-02-20,77.24134648469177,2.7404234324698646,0.9667110653714562,49.5432457990018,0
2025-02-20,74.86293573014298,2.93862831573199,1.1836546012217921,46.67479133457749,0
2025-02-20,73.36013065534534,2.284714149024846,0.9500698476870849,63.13304984370983,1
2025-02-20,78.06533773807438,3.097311525399388,0.8704328110734519,48.60008052106772,0
2025-02-20,81.48188002609389,2.671508830141049,0.6831776332559251,41.82457440843384,1
2025-02-20,77.52388106508631,3.097791512158675,0.5017856606608673,60.99441074786607,1
2025-02-20,79.85027825955858,2.4880618371959966,0.5675764260982848,64.17681637525578,1
2025-02-20,85.75826018809116,2.375606890716734,0.8209683965744652,46.81715824561805,0
2025-02-20,77.27055579521804,2.560179040791559,0.5430926004308141,56.71234287622128,0
2025-02-20,78.60843441649828,2.684978738513332,0.1985453532605757,32.35218135553219,1
2025-02-20,76.23918854657587,2.5845551056007356,0.2357712881378265,,0
2025-02-20,72.61889682317496,2.6492578306727967,1.1367921959119978,31.799245509820324,1
2025-02-20,76.10687763934516,2.795652207035901,0.008635181848382316,31.167633619778723,1
2025-02-20,75.92804233241432,2.6619015437866924,0.6000245581076826,54.516994020909564,0
2025-02-20,79.01602129211868,2.657140110756332,1.5480808438309919,42.13341529579949,1
2025-02-20,90.43673531458431,2.1703227443900976,0.6124759506241543,59.701486498218614,1
2025-02-20,73.82942112681548,2.7887081462793084,2.5507168627029526,65.84330242530369,1
2025-02-20,76.66642850936782,2.769101987417703,0.5816472589109208,35.575646949214025,1
2025-02-20,77.41027345906303,3.256282933453577,0.017483661022672764,58.98091354315695,1
2025-02-20,78.25794711791907,2.4458951593244938,0.8772604027310545,50.58079993153373,0
2025-02-20,,2.2237768513135325,0.16747763226023402,34.48477000650796,1
2025-02-20,83.9900642610533,2.9253436151279066,0.29534694649668575,,1
2025-02-20,67.23622867107252,2.8130216634696033,0.18705002433802456,54.37867212425891,0
2025-02-20,66.96649427955086,2.322191526789672,0.15636601368393943,50.625674696031304,0
2025-02-20,,2.2279671174925153,0.28229405544574976,67.05884818238633,1
2025-02-20,85.1401361537484,3.144467124604369,0.2380120165340294,50.84318784416066,0
2025-02-20,69.6370090373811,3.0675793585274267,0.5016582115411928,69.6206046180085,1
2025-02-20,,1.8794548586578304,0.8387277753100968,50.369152553924444,0
2025-02-20,80.4446171067655,2.587169058551401,0.17626225103780035,34.6340815320547,1
2025-02-20,78.5467755132125,3.21548283255371,0.12022189103299606,48.81885004300122,0
2025-02-20,70.70746325666639,2.4988113836632593,0.5496491682780911,37.29315050220285,1
2025-02-20,73.05755427837852,2.515522404470195,0.5548164958162211,53.88533940869709,0
2025-02-20,71.86571580811551,2.673233315368898,1.1569809788266194,57.72528700774404,0
2025-02-20,78.51850470583537,2.319846082193724,0.008037093379687645,48.73741114828375,0
2025-02-20,76.98419442864795,2.197107221928277,0.9587996717526631,33.908118707325926,1
2025-02-20,79.96097449854689,3.0062752782420255,0.36802960900407194,48.745655943342115,0
2025-02-20,63.92164069110611,2.1724371016788004,0.48550823039190943,33.25816858937601,1
2025-02-20,74.62238906017028,2.731376052999805,0.04790944689745216,57.285038220261356,0
2025-02-20,,2.9704780217043,0.2833585375110875,61.6147289946035,1
2025-02-20,77.01078079607983,2.2730682391969466,0.1289337597036299,68.49521308908156,1
2025-02-20,74.94735877386123,2.4342285195329394,0.14666568659386292,35.952084285138255,1
2025-02-20,81.75734092441759,3.067907449415608,0.35068556705295273,51.29681342133217,0
2025-02-20,67.74330561951189,2.8770979820978173,0.8368707649901399,52.70149470141674,0
2025-02-20,79.07350239054317,2.6244028045388745,0.6808612294095148,66.89906135123918,1
2025-02-20,79.05019045944442,3.1887395898469064,0.4470200114524988,55.09106562386057,0
2025-02-20,88.25432552119197,3.0299999099969543,0.38763239516030834,35.82038582581284,1
2025-02-20,74.18747175978739,2.664803658887087,0.27870190590987654,47.45405295852757,0
2025-02-20,80.58490029583923,2.4597266966739997,1.8006169877300497,56.19050114025002,1
2025-02-20,68.626868510976,2.5852780119535246,0.4107091355572281,58.011377282771896,0
2025-02-20,64.8083502903018,2.838968116145796,0.14649231865792203,64.52295994362294,1
2025-02-20,82.80317052398813,2.6576658462415192,0.1307413414134272,37.22028479377589,1
2025-02-20,78.90096606683542,2.984617350446741,0.47254194077421907,68.06168587021993,1
2025-02-20,83.45448480088858,2.2975131057610607,0.3699386377414225,32.36557648062369,1
2025-02-20,71.85359610383018,2.3151599707008206,0.0038637919852913907,69.35048538275608,1
2025-02-20,78.31442620297442,2.68493333050568,0.886170729107675,64.31068371465634,1
2025-02-20,86.02349291297266,2.5117063665009494,0.6089046345038872,56.41091131048685,1
2025-02-20,81.39093697225505,2.506605767626244,0.5421022254375502,59.39982001057687,1
2025-02-20,79.15923825375732,2.17450486544391,0.03563021542394836,32.90768023675186,1
2025-02-20,76.18056707767289,2.694564593271842,0.2247522694622323,31.659194515778097,1
2025-02-20,,2.7058838264928644,1.3696331521150296,34.07063186205462,1
2025-02-20,83.85446420602666,2.9458489340513774,0.9923903002612546,33.49439258656551,1
2025-02-20,74.77975006950176,2.8068073254723283,0.16811618920342064,51.895249338777404,0
2025-02-20,80.15166529810743,2.6891644277164963,0.08542908703568103,38.61775948447156,1
2025-02-20,70.3637601960819,3.010483507114446,0.29809005722832144,64.40822548826905,1
2025-02-20,72.03323562584852,2.298890997705544,0.21989660019803764,47.82994492272289,0
2025-02-20,86.53517625114819,2.857149153591295,0.5732080130701197,57.820419058331,1
2025-02-20,76.68803715493046,2.2243878625604534,1.6971328817305678,56.114923718806395,0
2025-02-20,85.7240489914063,2.467899837671455,0.22549394984016088,42.794121557188404,1
2025-02-20,78.77400382860193,2.4387226927685814,0.03212217428647733,39.72670294102916,1
2025-02-20,68.40174238478113,2.91150710387283,1.1395026879766694,43.69825141186541,0
2025-02-20,81.19846055530012,2.699614456609722,0.0193442871068951,61.8663349539935,1
2025-02-20,76.25750873585422,2.8136845965093116,1.5263195646715977,53.45107393678474,0
2025-02-20,81.62928581569332,2.3387197588359845,0.5461850478911963,40.141546500767014,1
2025-02-20,78.26540554559934,2.617349386028651,1.4209840494218136,62.71385772241721,1
2025-02-20,69.65107893875542,2.423716383951066,0.11135912503941292,32.19037544441227,1
2025-02-20,78.20461849374928,2.819140849437636,0.020775606862673022,57.967334999611815,1
2025-02-20,89.82783804953485,2.3636618019936337,0.3349204259417877,47.56403222997243,1
2025-02-20,81.44958809070991,3.1512783547360903,0.29948556233383966,59.25161544263553,1
2025-02-20,78.49623464071935,2.2046918080643416,0.2013536620873371,67.09845120973708,1
2025-02-21,,2.411274187263917,1.5809698738492877,60.001363917876155,1
2025-02-21,79.6223718632753,3.2451885378794127,0.8646282559267192,47.678614212455294,0
2025-02-21,79.17919388139214,2.5784416775549692,0.5417367621693067,36.03902726055523,1
2025-02-21,72.3664944548835,2.353177339539849,0.08888095886547517,62.25403903221735,1
2025-02-21,80.37956397888955,2.708338337363913,0.662737765140024,48.42822107685486,0
2025-02-21,82.8034962115943,2.5758235479480702,0.6491645532242926,33.01249293828519,1
2025-02-21,74.18966845338062,2.487906008046744,0.27675190401218,58.76221591107464,0
2025-02-21,84.31846610828049,2.350069882248598,1.2937083473768884,41.67407863666359,1
2025-02-21,76.88217084242392,3.4675619453393756,0.09134754261091259,31.95552918020741,1
2025-02-21,73.32499787445008,2.622454055176239,0.15553510243788268,66.11004059896311,1
2025-02-21,82.18422200787406,2.183735556589183,0.03265572415141838,49.3240436837564,0
2025-02-21,77.36388064678695,3.204409444233363,0.793473759468683,41.23844212692086,1
2025-02-21,80.44954018588551,2.8618998497953925,0.48611237057501827,58.65546231539646,1
2025-02-21,76.64043646208839,2.4059057988752413,0.18912464976296964,,1
2025-02-21,77.83337737919267,2.3985052873766786,0.08945190014819836,30.01228300135022,1
2025-02-21,78.65700144335179,2.8786179563108734,0.02048796674076014,57.51408740168615,0
2025-02-21,79.01346146742642,2.6482468409184023,0.09120812181386764,60.68046776073685,1
2025-02-21,,2.1169565793212635,0.3019134946101475,38.39709709117972,1
2025-02-21,72.82250929282212,3.1985087787945434,0.1419625487049133,49.584953256406976,0
2025-02-21,82.44274271535392,2.625016014698246,0.14986530096333406,33.57143595671743,1
2025-02-21,78.01620525997298,3.1556928143169696,1.0420315690826738,59.8699953006139,1
2025-02-21,75.27202722890685,3.105301270026261,0.36194514557385965,63.8982407425341,1
2025-02-21,71.22078283578769,2.3134478649485923,0.6532833403835829,34.32746629298642,1
2025-02-21,72.85297226260731,2.8887437157740803,0.018182091954875346,62.65841013731339,1
2025-02-21,68.81800642892443,2.4326899459686753,0.22719378311047472,60.86280681938134,0
2025-02-21,76.8178784040768,2.1159626526784785,0.3261651665260922,43.87653281483589,0
2025-02-21,74.52099022457648,2.6014383510740475,0.10315357564453032,57.611581197343334,0
2025-02-21,72.49816405334421,2.702178907012519,0.06402552796749346,30.00192495577247,1
2025-02-21,77.3271851580183,2.640821608819698,1.0212801603483057,67.27190617863994,1
2025-02-21,81.24608741234346,2.616413799060976,1.4019912107401535,52.015329412334914,0
2025-02-21,89.03871498037954,3.1110845631260795,0.04104269103113296,54.81355456247998,1
2025-02-21,69.3094931570151,2.687649689963321,0.21463719074576068,56.58637654156394,0
2025-02-21,83.19645825091393,2.4722035033231387,1.5884547803707805,52.454760688734666,0
2025-02-21,83.23827502935175,2.9148688935987375,0.043412097145137565,64.27055550157853,1
2025-02-21,73.19802852218373,2.800186985739001,0.5159088378211198,54.388073286061754,0
2025-02-21,78.2908397321154,1.9318289911814013,1.7917441468689321,66.3103996496189,1
2025-02-21,77.05679341948607,2.8521666345818137,1.9134658068721244,53.29326488936036,0
2025-02-21,78.3150672736205,2.8726583782533908,0.3185945559432489,36.84489687922267,1
2025-02-21,86.50032188305214,2.673477524179669,0.08881575082790737,66.54250223357212,1
2025-02-21,82.28335435268751,2.9796223859453552,0.11287617249048928,57.265099934391074,1
2025-02-21,79.80957977499826,2.403888812840932,1.1018288911076588,57.96955977742225,1
2025-02-21,74.95849084366965,2.836075087599438,1.213411356723253,69.41927002286407,1
2025-02-21,70.30358458889715,2.3276453158229184,0.46809322769060857,33.00786216838317,1
2025-02-21,75.86903122662433,2.759905312632215,0.7265941458980644,47.143704283806855,0
2025-02-21,84.15407465282232,3.2813488456405717,0.6734046327486137,39.56381571946461,1
2025-02-21,70.15850880519838,2.4455671593054435,0.5420908530725147,55.21705858854629,0
2025-02-21,73.08513317500282,2.473630234076995,0.8780329312499459,62.27246734992288,1
2025-02-21,80.02828213740315,2.4952503447071956,0.578237170418708,68.6524283556965,1
2025-02-21,73.894211056534,2.7194494956642967,0.3817872964123697,48.1838442781888,0
2025-02-21,74.5266225398363,2.3596815054894886,0.1352200287216855,61.44872922570417,1
2025-02-21,73.91595867839119,2.822039505928025,0.6810704964475602,66.68206368161518,1
2025-02-21,71.61528896115163,2.9561355547477177,0.3206929722834344,57.33301730143539,0
2025-02-21,74.8520184296227,2.80123210095727,0.17463101806964035,39.70930209799085,1
2025-02-21,78.50661706762303,2.166174273011277,0.8096084752273445,54.314166044311655,0
2025-02-21,72.1525336318208,3.0769769964830482,0.5965388532746381,68.79808191268746,1
2025-02-21,69.85128075276934,2.9602535345966587,1.3850125106631583,69.50215315446262,1
2025-02-21,74.00008009930758,2.8871856625601597,0.09042630212793556,55.69439294867112,0
2025-02-21,82.46090609646117,2.8042818711974262,0.5237542367223039,65.47951031487958,1
2025-02-21,78.72509686062288,2.7303261536553247,0.14001535485550257,38.01397455394411,1
2025-02-21,76.45232533825967,2.9427997281718223,1.1695362959598978,39.84314419808867,1
2025-02-21,77.85060203631652,3.2840124693676676,0.052402231950862244,68.11550451539439,1
2025-02-21,68.32799301129359,2.3785737591329914,0.533792049919292,35.40941501979232,1
2025-02-21,80.6181559026647,2.9922019103957678,0.7829156310020052,37.64425752373916,1
2025-02-21,80.79034444939981,2.6818062396170337,0.2191887955094462,46.82194396480207,0
2025-02-21,75.56640460328767,2.5844393546233033,1.5410600612213028,,0
2025-02-21,82.73923956733128,2.151962310372832,0.9510015592870283,54.15268875873087,1
2025-02-21,,2.648106786870478,0.17450810189876528,41.67904034662258,0
2025-02-21,84.71819691222757,2.3042788325732713,0.0037848352591151597,66.82455591801393,1
2025-02-21,79.92259700636988,2.5120097863828486,0.17595542380008491,66.6039963043145,1
2025-02-21,74.85695114455032,2.280552108097133,0.1651629116194005,45.6827221220949,0
2025-02-21,77.19344314386498,2.5410206604636563,1.1034766074742064,47.37167077721188,0
2025-02-21,77.53835781039953,2.599569830275537,1.7074632722173255,58.09988467295647,1
2025-02-21,83.10027692420344,2.734643372968259,0.036521953988645,56.51983585595603,1
2025-02-21,74.21700166153423,2.3351687107854646,0.31866216715598084,45.291880598438496,0
2025-02-21,75.59771611085765,2.3206903365658533,0.39740393952811365,46.569770060840135,0
2025-02-21,82.64796912297834,2.762016388711328,0.04875771853017322,43.92155773686156,1
2025-02-21,76.80624393068818,2.4009158146376497,0.2370039852748403,39.41540027813232,1
2025-02-21,82.49841328993801,3.1576933341177544,0.1906905481873653,48.32553451696559,0
2025-02-21,89.0865696324326,2.820709516891182,0.3839960937115332,57.45736527610162,1
2025-02-21,76.13571099581686,2.911497125425401,0.5411592281348133,59.67866821257172,1
2025-02-21,81.98300438320494,3.126950286737049,0.6078289221278467,61.154945930238505,1
2025-02-21,73.63144203447027,2.6207628348317793,0.07352838107394692,44.98928053812486,0
2025-02-21,83.05129984014685,2.4535503246009958,0.838183516241112,60.585439771398946,1
2025-02-21,79.50785199606972,2.9693627341894824,0.5674442370741318,30.26065262767501,1
2025-02-22,80.22405109135724,2.8564156390518565,1.0994501155903864,49.081997508675286,0
2025-02-22,75.28627233981614,2.5985939648985354,0.2983152820650932,61.75617600530763,1
2025-02-22,68.87839875028801,3.0905110674083587,1.1216383754748898,55.201788825654134,0
2025-02-22,80.66839404261165,2.7120855267201986,1.0041156220461753,48.96252496618031,0
2025-02-22,66.57367670510473,2.7035733452519914,0.28849102192872444,55.78568026425397,0
2025-02-22,74.63236589870704,2.809925360376933,0.2399407801166453,66.27784012594655,1
2025-02-22,82.7563360962393,2.3325878597060896,1.3501304208194358,52.6552720244083,0
2025-02-22,80.22176657003685,2.69716910753463,0.6279221408767168,61.99144765840425,1
2025-02-22,88.66751786554512,3.0416641256572015,1.317251284219841,69.2297090090079,1
2025-02-22,83.04363346718327,2.7730193719182608,0.7972125328825939,58.222728083022666,1
2025-02-22,76.47749775654762,2.6679087426367145,0.46990436139350455,52.93303055556254,0
2025-02-22,77.56750550841062,2.667235296988829,0.061565844180051496,31.49943788501361,1
2025-02-22,75.8453138254798,2.812601417075925,0.17228897043573163,44.979115930183504,0
2025-02-22,67.9070148890684,2.8909654725653753,1.7343486552954759,52.61770934060473,0
2025-02-22,72.11681447698253,2.7713816714000967,0.19240649345103852,61.8882628682413,1
2025-02-22,76.01282020836292,2.674325185105014,0.048946935713366155,47.524191585903054,0
2025-02-22,67.18409480225293,2.7831462424312163,0.6147365211744787,68.40233103059094,1
2025-02-22,78.69842598311551,2.788167413829427,0.6621374824267402,40.871750104947,1
2025-02-22,78.40092416031878,2.411588042795411,0.16805655475854137,59.78268780841266,1
2025-02-22,68.53543353086432,2.7606914208812667,0.17667735910128984,46.7612566833651,0
2025-02-22,80.49956405818256,2.0354750108592934,0.31639587208183,49.43953978263623,0
2025-02-22,82.11832679611051,2.852186663728431,0.011014917219604289,62.100081354617615,1
2025-02-22,78.27443440585134,2.8403514243484036,0.7787145866268742,41.84861046606822,0
2025-02-22,77.73387004920023,2.9622594798947617,0.1906952119352646,33.87248226380572,1
2025-02-22,80.6695037032098,2.531642589611286,0.9612636916107875,50.81022338453708,0
2025-02-22,81.01734882147043,2.7624355677420387,0.8113386376540755,51.15178447214995,0
2025-02-22,81.64863106701641,3.159626244469929,0.5414709068933039,61.88671088901495,1
2025-02-22,74.39970549019291,3.184328842737889,0.19642861160780645,68.73276824928408,1
2025-02-22,80.3082943772414,2.770536918634349,0.363162319635219,32.212027453133935,1
2025-02-22,85.33229618564923,2.7945858011421967,0.29423978429038156,53.66757894972436,0
2025-02-22,74.36638070748212,3.017069734230241,0.20691138280294105,57.251141212591996,0
2025-02-22,89.73951779271584,2.1727077419663243,0.9423859002552903,69.43205402994087,1
2025-02-22,74.8699512150754,2.6733300564770373,0.3303468438328255,67.70360857107646,1
2025-02-22,77.61741167736238,3.169205936106276,0.8940523713337678,58.498030588479104,1
2025-02-22,74.36557204766018,2.958961354837755,0.05558784784609898,50.87157644977864,0
2025-02-22,78.49428934465635,2.8568385851861997,0.07600760746169477,36.460956891970454,1
2025-02-22,70.1110479694808,2.231641388704277,1.8931426265830982,45.3670622081767,0
2025-02-22,75.53700166106144,2.760090774263238,0.44308505176032975,53.40489300228617,0
2025-02-22,72.04816958364006,2.497282148004831,0.3564399721173523,59.00801586383015,0
2025-02-22,79.35119677261628,2.898244235222589,0.37028300901521094,55.41598229916449,0
2025-02-22,82.69705444015818,2.496502021941448,0.12120700356532504,58.56491207310965,1
2025-02-22,80.90196056520809,2.4821602237419174,0.6341738018812701,47.16610018207591,0
2025-02-22,66.19038708060708,2.0573505532124137,0.044295743478381035,59.10509162284036,0
2025-02-22,88.67380862030562,3.0867928857152203,0.42586483178799184,35.74965024078877,1
2025-02-22,79.86624735248176,2.5316048866498644,0.42287978476530313,36.50345247052454,1
2025-02-22,73.75425511528216,2.7893431977167205,1.2278006823649175,36.513285833178514,1
2025-02-22,79.6327508023941,2.7442806416996017,0.3734668535028135,65.63459828143104,1
2025-02-22,78.65855496143381,2.4996210160219094,0.07370661970351773,33.04136253234538,1
2025-02-22,74.01077192663347,2.3463825164265244,0.4251967927244578,62.06033490933903,1
2025-02-22,77.52156168794303,2.434610172326134,0.04788534731343301,39.34283592186949,1
2025-02-22,75.94581704289747,2.459507949525993,0.11394856289659809,48.737197619810026,0
2025-02-22,75.9905801127439,2.8370508427359034,0.01580136567764273,66.63826381862712,1
2025-02-22,74.7794766797351,2.4422901405094373,0.3600470882028705,53.43748918750027,0
2025-02-22,71.88244646700124,3.2297402274204865,0.04416027058209652,38.40470744929434,1
2025-02-22,78.2517761194791,3.016871093845235,0.3168681213918943,41.363602412752286,1
2025-02-22,79.55209793410755,2.924892621232254,1.3511213138064804,66.81786495583142,1
2025-02-22,80.64419868259708,2.667249584085155,0.6360569711406835,47.085757004399134,0
2025-02-22,82.40758781525648,3.1355194622304743,0.040286080776788254,53.479419320271575,0
2025-02-22,79.35885198391397,2.6156117544119706,0.1269365859575186,,0
2025-02-22,76.81011008699166,2.7444548083288396,0.5599114557995009,45.137523521937986,0
2025-02-22,79.71215275443458,2.7597630440161014,1.1254797667711955,38.93116507729608,1
2025-02-22,72.3324689386901,2.9279002257730173,0.016736297757655585,57.44766001938408,0
2025-02-22,74.28779673780183,2.8182071852516186,0.8368579183532429,58.729681050884814,1
2025-02-22,73.63577042058424,2.5786353330581386,0.4125557640643663,40.99540366429598,0
2025-02-22,80.06437874622745,2.566623057370976,0.39492962910804624,61.56043372219322,1
2025-02-22,83.99783135397065,2.8720539560111877,1.582823747131823,64.18140801206718,1
2025-02-22,79.41009207458909,3.018822458980404,0.6884584587454063,66.82700384958521,1
2025-02-22,,2.467533299343935,0.9489563763753572,36.448496556734796,1
2025-02-22,73.43299342315,2.2630619358849913,0.21847445846653177,42.15694734453066,0
2025-02-22,80.15039363395687,2.67344541144527,0.4041264476522762,64.41413390014783,1
2025-02-22,78.01355590027673,2.914136886247728,0.47778310391954787,37.94160811311576,1
2025-02-22,83.12725107374386,3.2504356892078654,0.1939972609849389,30.138738369739816,1
2025-02-22,78.23973234731753,2.3681465774290533,0.4222736358022769,64.83309241006538,1
2025-02-22,76.32821276216272,2.6154373981286225,0.1350228422517426,43.057977670054775,0
2025-02-22,81.12046525186254,2.5468845523507877,0.07737790623134908,46.579901005558,0
2025-02-22,81.29009212013392,3.121701382938455,0.23417869993446044,47.85336102882552,0
2025-02-22,73.90724721894696,2.6803517077612447,0.6721725882517353,63.93098402668914,1
2025-02-22,78.59008186691295,2.373113612177045,1.2395844594898897,43.51568578373842,0
2025-02-22,73.54500631852042,2.9034670836072105,0.30598091820123186,65.69119543425927,1
2025-02-22,66.23349432897972,2.5503904227535146,0.5147628743696963,54.67756552192192,0
2025-02-22,78.48788139541212,2.2577908842536405,0.054370406200596334,51.091468961347374,0
2025-02-22,,2.405212474782072,1.1741248059427625,43.024580285098494,1
2025-02-22,78.14908959295326,3.1802676414221294,0.42036465613722146,39.74846785124743,1
2025-02-23,69.32955122109044,2.8666867169543444,0.757833202492219,54.962337711093944,0
2025-02-23,75.98488204837174,2.7399876736636664,0.7910115795345752,47.87576640226305,0
2025-02-23,68.59243160608523,2.694151016540883,0.14818016079323437,66.42064039728025,1
2025-02-23,83.32706344620544,2.7543168410739876,0.3766338212488812,49.66554864456199,0
2025-02-23,74.33313113532809,2.827779277395573,1.6154710598548574,50.471796668047645,0
2025-02-23,83.91555371813601,2.9296317942025936,0.046954580496291955,46.66893124544003,0
2025-02-23,82.34986896240898,2.752255150439683,0.5745054622639834,61.5705198796514,1
2025-02-23,73.69188705630529,3.0037219446078227,1.6385714004630505,46.993567924370815,0
2025-02-23,71.63899633086058,2.74160718701149,0.17874986202676696,40.7736799899902,0
2025-02-23,79.67952208062938,2.335514582962917,0.9882545026454526,64.48123497174039,1
2025-02-23,73.0407535488138,2.545563997603112,1.3564626229854642,53.87312885460961,0
2025-02-23,77.81135967981186,2.121617207985565,0.6873532984593789,53.66040879076007,0
2025-02-23,76.07274799626599,3.295057765642802,0.1315456673590322,54.43288828655706,0
2025-02-23,68.19264243236832,2.914624558875562,0.20323334388077022,58.753589928226674,0
2025-02-23,66.07946566937223,2.485678013477581,0.01823308828467277,42.52271957250267,0
2025-02-23,77.76062999272658,2.566826358200339,0.8902710130633327,,1
2025-02-23,74.68828058838552,2.615619337972165,0.9472656243153728,62.42372643508038,1
2025-02-23,76.54615294515327,3.168472617586642,0.5008021980781131,35.1562021552655,1
2025-02-23,80.63338555536596,2.2128714983293962,0.2173397499342292,58.872789488421766,1
2025-02-23,83.13557811797499,2.708643003729217,0.039960664158444584,33.29261193149315,1
2025-02-23,76.8311983396725,2.653534930316055,0.6993001040401973,45.01231368113969,0
2025-02-23,75.92621003165117,3.0686704219089265,0.6482747167946185,32.52104279326153,1
2025-02-23,82.72886959891906,2.624567784342117,1.218644424792368,50.88854718510898,0
2025-02-23,71.05279418682586,2.1667264738408,0.655652856019367,56.125430911263,0
2025-02-23,79.45098361995586,2.597773231114017,0.8821546741834959,36.85732564712753,1
2025-02-23,81.70319864391008,2.4333142588960857,0.6851211791269158,44.865104737536086,0
2025-02-23,82.32572890795099,2.697779693281716,0.49805563295463623,67.20957964172214,1
2025-02-23,68.54952406904505,3.0733002776491127,0.27840545755293283,47.69556468429827,0
2025-02-23,74.0320961642693,2.1684076977405065,1.1619927721413004,62.10174275906227,1
2025-02-23,75.63271227226193,2.4449634872134167,0.5262966544965364,67.08738980240837,1
2025-02-23,78.39967449673179,2.5045798949837503,0.2540441218774106,68.97383299909146,1
2025-02-23,79.96203279441144,2.5585701534311807,0.04357985500355424,65.93288078765477,1
2025-02-23,84.8377030489359,2.9812724891256237,0.17174177842455263,42.69621316635877,1
2025-02-23,73.79836939545287,2.6319496640182085,0.39233169161621395,68.50291544644772,1
2025-02-23,76.3337532606911,2.768034434592212,0.16123019040121167,62.495809669841876,1
2025-02-23,81.4002916972929,2.4891622886904745,0.1250231970923969,63.48702334557951,1
2025-02-23,79.4771618517466,2.7716940865986506,0.37474609521491103,30.60691936687339,1
2025-02-23,84.13339692166849,2.866525807435747,0.09305657544277095,68.16955453273175,1
2025-02-23,81.68360520728064,2.5616090330791934,0.8057451669181073,61.12360895394963,1
2025-02-23,70.38276567772002,2.977786409817268,0.33118111986842885,60.718699860316,1
2025-02-23,70.43325493912661,2.7872204677992096,0.4264969288681208,33.26098923714345,1
2025-02-23,70.1063422960237,3.0332444784190598,0.0797225748469388,39.30274164293325,1
2025-02-23,81.1127298363232,2.534889157470403,0.19620756704030426,68.49046660551596,1
2025-02-23,83.393439524625,2.8911400823805553,0.2638923795818804,50.02708299221905,0
2025-02-23,,2.6446397125109464,0.825684507029884,45.91432072949024,1
2025-02-23,80.95596393274646,2.6320269841877213,0.7351848946656614,63.59763268587655,1
2025-02-23,84.17138576666987,2.785495385665479,0.12614296952872342,33.493616564557776,1
2025-02-23,72.778432994654,2.9299537331009784,0.4787895967624351,46.677680650842376,0
2025-02-23,72.19215156040346,2.3777948831204188,0.13949752887871505,45.02803097688334,0
2025-02-23,81.6500399678242,3.1754041386541645,2.221829999385316,43.99405548121571,1
2025-02-23,81.10469170395363,2.1265097351913327,1.5195691992290705,42.307689746122925,1
2025-02-23,80.29253294233777,2.4781759907737255,0.41421401760986,38.402998271603124,1
2025-02-23,79.60580523441459,2.6890164621695334,0.6001606925959909,36.916432119620886,1
2025-02-23,81.00665334143245,2.817203248661608,0.8083077604953167,55.61624467678696,1
2025-02-23,84.1029680186374,3.2173176536888812,0.6382689171276571,66.77579364834713,1
2025-02-23,83.50880140095569,2.184018436757229,0.601700968788053,50.35406580999526,0
2025-02-23,82.46700539388735,2.5772588275417223,1.5916820478356646,41.91898209386577,1
2025-02-23,82.74979080754865,1.9356518895717514,0.45373500740129663,,1
2025-02-23,,2.7158860103569378,0.5057166366164961,63.20573460210377,1
2025-02-23,76.38132881492555,2.7760623813133742,0.9461284160634648,,1
2025-02-23,,3.1856400027393525,0.554165987866287,43.966216058714075,0
2025-02-23,,2.6984741963407157,0.6601271502114994,41.63801702208516,0
2025-02-23,81.94302293417142,2.9469682433127526,0.13339667522987927,54.05971811899765,0
2025-02-23,71.75684856400856,2.89830804846047,0.23202423750604145,61.01315923813703,1
2025-02-23,80.05227185743213,2.5516104750118465,0.07967453570640333,48.21611214198657,0
2025-02-23,73.6514587821824,2.306046425647768,0.3523725306974206,55.20292599443797,0
2025-02-23,81.66927067650252,2.7489549706033047,0.30415252797249803,58.661962720931676,1
2025-02-23,78.21402889422725,2.3231649268810246,2.9324713307944132,68.42369151424717,1
2025-02-23,69.14808389109793,3.138615363929431,0.4723562309137559,36.601493220803334,1
2025-02-23,78.78432619726027,2.666222724816247,0.7719300201663883,69.89529975301478,1
2025-02-23,74.95321761590628,3.0478888027841275,0.20324381842450875,45.68626620964915,0
2025-02-23,81.88150515596224,2.59855611365019,0.8905442970625381,58.92800570906215,1
2025-02-23,78.34295025329372,2.800282626682168,0.47736633061312783,52.89657511891989,0
2025-02-23,79.25896726817746,2.774733866596937,0.5969985827685188,49.46674468035361,0
2025-02-23,72.59676289916905,2.7386300350747037,0.17437519739189647,57.92301474926346,0
2025-02-23,76.10640856045809,2.6415289537013544,0.3977432342469383,45.83015400894381,0
2025-02-23,75.85500978812247,2.7551162463168786,0.5026114854697109,35.04439925347226,1
2025-02-23,81.58078533578548,2.3696318155875473,0.4446962229032549,49.55573532484959,0
2025-02-23,86.40452724776247,2.2981563650383428,1.2336927906023298,50.87663482729275,0
2025-02-23,75.3530524842873,2.9977268381158706,1.1427296131633804,38.07608613599757,1
2025-02-23,83.67802741156312,2.915012970389173,1.7699549358285924,67.42477425314628,1
2025-02-23,,2.7497733053428974,0.550449459518381,39.09902586585165,1
2025-02-23,71.27681845801112,3.1984718000155175,1.7862443402812385,46.36910376336391,0
2025-02-24,74.23252709620073,2.592964262301902,0.8933202966243416,36.19718747378893,1
2025-02-24,73.55555881326019,3.1531338538531517,0.15792565665730848,51.431865847477766,0
2025-02-24,69.29059040854925,2.759700045638084,0.27881509113526004,42.305504324003586,0
2025-02-24,78.883100586317,2.409723923345399,0.13616193597892842,49.57090079904336,0
2025-02-24,77.10520375519584,3.312123797776243,0.0021029968169393,38.98467665832808,1
2025-02-24,80.77253203786995,2.991051157044669,0.1041574907221487,32.15100511794863,1
2025-02-24,81.36097375855731,2.766704394328365,0.002034426426515572,61.169066043290215,1
2025-02-24,78.27487856982,2.8957606276665966,0.6361944592105814,55.643451358386336,0
2025-02-24,81.18023171897148,2.6787863800262732,0.27715744179969154,43.62957422844052,0
2025-02-24,78.2504308415661,2.9000079514222414,0.18740107464022718,31.899768987292887,1
2025-02-24,71.65800123152522,2.0085506755588343,0.7171562829632134,64.62300250788483,1
2025-02-24,83.8963259218589,2.36193299145131,0.8933464866696692,36.79180019742717,1
2025-02-24,76.21915012133427,3.0497562291351437,1.8504666786900639,67.22968873125711,1
2025-02-24,73.56224913195832,2.601191708141403,0.513630119660816,49.14381514383834,0
2025-02-24,77.08246284969972,2.776806247998827,0.3095107800681684,43.61546839633935,1
2025-02-24,74.26528932874372,2.263437201563291,0.18211189791429888,59.67037907563856,1
2025-02-24,75.0567472626156,3.3012213573939615,0.12571892387181852,65.07357624300742,1
2025-02-24,78.76555977412441,3.0243713300833464,0.11971647205878025,44.82854254582843,0
2025-02-24,79.47513641130165,2.7239651767245348,0.263129871961494,46.29375008680749,0
2025-02-24,73.01897021305739,2.5287913875929324,2.400979259165681,47.326328773887894,0
2025-02-24,74.7581311599658,2.9415999125095005,0.00042703102229241414,66.89292245914676,1
2025-02-24,85.20213349885,3.3423187389546323,0.10982850395764324,57.70255966057331,1
2025-02-24,82.653993798164,2.95654589473023,0.10436951222415496,39.905844681826224,1
2025-02-24,88.02162015448712,3.3511789345465037,0.6313653404281235,37.399987900079175,1
2025-02-24,83.99235981845601,2.407182543589639,0.21730644948273325,39.214706536992644,1
2025-02-24,83.5336225227359,2.388553537492728,0.305563188773191,40.5425555674207,1
2025-02-24,72.16815648783916,2.3394679813770787,0.08045078404836813,39.20733965336006,1
2025-02-24,,2.895773989643459,0.2595944483857461,56.34025788769585,1
2025-02-24,75.9572021928258,2.802837915106589,0.054461098742476906,34.637340426300256,1
2025-02-24,75.72110178237438,2.6660043010897008,0.3807593595805612,45.494339588318425,0
2025-02-24,77.53325536150149,2.998391003088745,0.05153621509641934,55.002142918814656,0
2025-02-24,84.4843298309327,3.0167226523296904,0.7815357730099906,41.63439895771723,1
2025-02-24,80.94440598523146,2.226028560768697,0.41804907641651134,32.61097538806632,1
2025-02-24,72.78428145492707,2.540698638666176,0.6436190103337763,33.27295691383873,1
2025-02-24,81.47097318002524,2.9395223368960623,0.27108624369535117,35.03867105218745,1
2025-02-24,74.52308503135403,2.5473372283185975,0.24022200501660013,63.43372099472621,1
2025-02-24,79.60852853770724,2.400505990476499,0.05168618502533976,56.314540224198794,0
2025-02-24,77.52516226679181,2.901494158862983,0.3710170621011435,32.58089644390579,1
2025-02-24,75.75746144935016,2.3540433003302876,0.36129022514331754,45.642755166056794,0
2025-02-24,83.66996937611466,2.6216871363252796,0.3156518104570665,41.14340691388263,1
2025-02-24,74.40472150874136,2.843693126651947,0.6745346741848397,53.12160446515201,0
2025-02-24,86.85065180379362,2.505992228719046,0.8933990984559629,50.912237986892535,0
2025-02-24,,2.899307802562573,0.6947290300681275,49.244960934788594,0
2025-02-24,76.72247012784003,2.529664305772621,0.07766403631176348,42.580494814904526,0
2025-02-24,81.08397803638618,3.1652958304644168,0.4865092638597553,35.51199088175963,1
2025-02-24,80.58482780212864,2.6507035000018857,0.04186643623065427,59.69505531490552,1
2025-02-24,78.31196121170935,2.9414703002280302,0.5931029333636372,65.19427075370618,1
2025-02-24,80.71024477671143,2.8734917856151903,0.24050324693052905,67.76603636931269,1
2025-02-24,80.1579104084893,2.5036656425182846,0.07106928200529597,32.34475882454322,1
2025-02-24,76.21200436127158,2.080448328199332,0.9904350952804419,59.596348463555316,1
2025-02-24,85.13832614176593,2.8695462235952465,0.4759697567392435,,1
2025-02-24,82.44329766665533,2.7320678740382562,0.2190393233943927,67.88438456582357,1
2025-02-24,81.83958501602808,2.954051684187248,0.01560457918518576,40.11658377991062,1
2025-02-24,73.61084145096213,2.564657518287775,0.3853492776782524,,1
2025-02-24,76.34865681824398,2.577367635580349,1.2834438275341291,32.18505155065938,1
2025-02-24,75.8321363893878,3.311511805253532,0.4536405116118644,55.249828830464764,0
2025-02-24,73.73023789770747,2.2892984414261104,1.7815747880010238,44.033912962087186,0
2025-02-24,78.04595006818658,2.879517146686827,0.0733523870810112,60.756377581899,1
2025-02-24,76.21493880309569,2.6118417595155243,0.42001810044687854,64.53217145741574,1
2025-02-24,79.26503778354548,2.599914611751461,0.8000534114039954,44.592841688700645,0
2025-02-24,70.91771760665203,2.5505157745810645,0.37278975235648626,51.02344370797202,0
2025-02-24,86.09622432115322,2.458168468227942,0.04774159317765752,34.696162494544,1
2025-02-24,73.80520054985904,2.855709186926866,0.4371978584797844,46.676278608939064,0
2025-02-24,80.42177528912956,3.2563548358973535,0.47303733350028515,44.43201573036677,1
2025-02-24,82.01691931509994,2.893501278350249,0.6522820746881021,37.32493839138071,1
2025-02-24,74.90024424142345,2.7334976666490394,0.716088559793652,65.77914499067103,1
2025-02-24,82.84192446514956,2.398472016010266,0.7365205699279604,35.92351352160641,1
2025-02-24,70.98318319052999,2.9026004228714086,0.544495947166974,55.42957430120749,0
2025-02-24,85.40000365525921,3.3968479975352004,0.12155272698891327,,1
2025-02-24,76.87130006687343,2.44021411689544,0.2589551268308605,66.47874319452903,1
2025-02-24,75.10053347703101,2.619354583931107,0.7483448152071057,61.72958799362274,1
2025-02-24,76.37425481201342,2.533071587904632,1.5333669742482738,37.045645354967064,1
2025-02-24,81.24032842551418,2.4876185385623253,0.04111883002984313,62.69725636855479,1
2025-02-24,75.24276417728555,1.9204208408794936,0.3834363428671845,41.06259249662499,1
2025-02-24,,2.9338200164346273,0.18736292230983273,66.89592109730036,1
2025-02-24,78.06777102442044,2.474174144435005,0.12770031478168328,58.36346725695398,1
2025-02-24,70.50955603308738,2.271942486475303,0.3524183017336375,61.41070244035546,1
2025-02-24,87.02667063201203,3.0161629395179848,0.4658155740390224,33.401298140077486,1
2025-02-24,74.40776464422291,2.3338815569514164,0.004910146521063395,53.310604537741774,0
2025-02-24,83.02784598907832,2.5055207115765272,0.7575335691419997,62.84568507594719,1
2025-02-24,79.801262483431,3.172776020522049,0.85707190803037,64.46361411089997,1
2025-02-24,73.58520959265877,2.2648546837705736,1.6835548798843343,31.14526818934566,1
2025-02-24,77.26639319586688,2.1715118570020944,0.09961814377371592,67.56636930220478,1
2025-02-24,82.80548447949384,2.7768833600619116,0.4513820187033508,31.733549332099187,1
2025-02-25,75.52856239582513,3.0812235778926413,0.27810798871499576,54.580747186993996,0
2025-02-25,82.23025402566236,2.220248901442193,0.20385470099286046,57.73550110461248,1
2025-02-25,81.8317059640074,2.782965539514401,0.4169332596995674,34.29381164671639,1
2025-02-25,82.56109946296473,2.8631245089736823,0.7625095352178117,31.920474624367706,1
2025-02-25,76.37688053962331,2.0812780316272366,0.011661327221520473,61.396486178029164,1
2025-02-25,69.62475528708303,2.8430762882408622,1.743379474332061,45.386824991897356,0
2025-02-25,76.25480480506582,2.955843016294119,0.8300540839114622,34.284500612604944,1
2025-02-25,79.11231689951204,2.539247304415948,0.6954599284163225,60.50671265550568,1
2025-02-25,79.161161220072,3.1086552062904573,0.7143658760547531,63.96652280574482,1
2025-02-25,67.24308994648734,2.9628845435181144,0.24637884291258588,53.495447630352295,0
2025-02-25,79.05195940661967,2.7815699879427083,0.6963988326074932,36.44947233738583,1
2025-02-25,79.38988714192217,2.5441081294418226,0.2445077748365143,30.608898859659632,1
2025-02-25,77.71135178097622,2.381002846886512,1.1448681446486757,58.03209925207776,0
2025-02-25,83.09012256568228,2.7034536770552413,0.09753466269873295,52.00558699301267,0
2025-02-25,79.69489513611595,2.8276259536500845,0.17290100894766422,56.031885668803184,0
2025-02-25,83.62626730988096,2.616684229394311,0.4007422197170166,62.52738680798383,1
2025-02-25,78.63777760329316,2.0041442596869725,0.1922514560147768,47.369111079718884,0
2025-02-25,83.32675030602127,3.0527774427567325,0.2760297936635111,34.980618753344814,1
2025-02-25,89.02234156159524,2.777334675019925,0.33905312175388236,67.59933141563306,1
2025-02-25,84.09085771294608,2.529183614310231,0.9701994030699039,51.81048508987429,0
2025-02-25,,2.8939306514388683,0.37032095836845413,54.61176476354161,0
2025-02-25,76.58879297369295,3.1698028543153436,0.22506901068373952,67.33645718207005,1
2025-02-25,77.65253369417357,1.8580815365291634,0.14233408543313653,67.26334625241051,1
2025-02-25,80.08015298600628,2.8387137322170912,0.2626955762901807,52.88378426912694,0
2025-02-25,81.55620537297962,2.2883871985929667,0.36256264102044666,41.90445698885704,0
2025-02-25,73.90222733275813,2.8526019297300316,0.6854366539737693,69.88454536050956,1
2025-02-25,78.37868933078687,2.7687827919107275,0.0645129366812994,57.232683598141435,0
2025-02-25,67.24796487875685,2.895589772281098,0.12526327609357035,46.33746707568226,0
2025-02-25,85.07243396109908,2.4498605206678383,0.23873895883366117,52.39347211414359,0
2025-02-25,75.25802619526519,2.050633736721162,0.2234549022331069,46.633362010721186,0
2025-02-25,78.27175503954784,2.661287001635104,0.24858307661504217,65.5322060918659,1
2025-02-25,77.3952682482124,2.822057883894878,0.7887789241749764,49.29997499462984,0
2025-02-25,85.49076590969156,3.052129781188422,0.19589531788837194,62.941135039249886,1
2025-02-25,62.9720330303434,2.3311654145768888,0.34847538291660546,63.607051912920156,1
2025-02-25,77.52495466358273,3.0052173733422087,0.488959456558364,62.973293509409935,1
2025-02-25,76.64589431410532,2.4829700803925014,0.13209903004102172,58.88754449902698,1
2025-02-25,75.91891959926386,2.932031331051426,0.6341585826414211,64.19510867230328,1
2025-02-25,86.09278327066718,2.559693935258517,0.39605446131723276,45.48918318491877,0
2025-02-25,73.80314953946313,2.727908293038321,0.29600081442591775,34.586528245678416,1
2025-02-25,82.96260779662309,2.8849863046995727,0.8297975755001047,63.69816817490058,1
2025-02-25,77.25543225772581,2.430582448950232,0.1395232394994916,49.92673662749381,0
2025-02-25,84.79937615227827,2.4878643117145356,1.0735432493529928,35.09504130111404,1
2025-02-25,74.2038675272146,2.792700232180706,0.4116834432861369,34.61250088728032,1
2025-02-25,74.79557777236559,3.463274962824433,0.4697475404443701,36.36969576039571,1
2025-02-25,82.5838800996368,2.417901560178433,1.0399566831615605,60.038930386684235,1
2025-02-25,81.32286752995742,3.3456628045683834,0.8507291463695796,58.43426693865125,1
2025-02-25,71.1885938846565,3.2711200767649706,0.46010177451169576,38.15274720739533,1
2025-02-25,75.8718270762263,2.621285336687552,0.6995635829294138,63.87693672439181,1
2025-02-25,80.72513898705041,2.6687774767656407,0.2839798044517761,,1
2025-02-25,81.44320064056078,2.4844709714094826,0.3963486971583251,61.7194233325979,1
2025-02-25,73.98422297934594,2.705464882580332,0.032040052690938195,49.55223630939768,0
2025-02-25,64.18115625173277,2.298530219926221,0.0470772787965067,59.26194730154264,0
2025-02-25,79.84838678591655,2.7090248928065854,0.8842912829177275,45.25550652294263,0
2025-02-25,73.34403159693821,3.0712372354451754,0.030763081122280947,43.88562388379104,0
2025-02-25,67.58971493810691,2.4874099546911665,0.09280294754616568,63.654383958373295,1
2025-02-25,64.34026476493992,2.6115589509284636,0.7944076610684708,31.412090180562785,1
2025-02-25,84.1691538202438,2.148083924074753,0.0005733038658654414,68.9894778903003,1
2025-02-25,77.93686389795675,2.833668968840133,0.16592450032482398,55.92718233061494,0
2025-02-25,76.94047984728353,2.838689159365207,0.4385814752533696,47.29933552797768,0
2025-02-25,85.99930497945111,2.786369940697046,0.45248988566423365,55.12218124601701,0
2025-02-25,82.1379008039919,2.6179916466728628,0.7506347149203194,34.90963785835931,1
2025-02-25,85.75368490337023,2.626770917491159,0.3525352452656053,50.562098211741905,0
2025-02-25,70.51959220164316,2.8728522453347067,0.35606497893408445,69.4038209335919,1
2025-02-25,77.59411094768512,2.7224178242335895,0.6460570925660041,39.410777513868275,1
2025-02-25,71.36429089141129,2.7505848078129675,0.3451999421844999,58.89112396145398,0
2025-02-25,76.57398248436272,2.8555238586496126,0.46887349820614177,47.39885503326803,0
2025-02-25,76.83503642365008,3.083354195346051,1.140284949062205,56.09832593951814,0
2025-02-25,80.70628171539192,2.9507306963971383,0.2566234493541994,38.19548914767102,1
2025-02-25,78.93336797050549,2.818031555790077,0.2431681996029456,48.818599304704094,0
2025-02-25,81.27256072898324,3.182233406308953,0.0017776522382149705,69.203708554371,1
2025-02-25,80.51376685493625,2.77471488756442,0.4752163219772558,37.81148604064038,1
2025-02-25,87.80581927288071,3.0845401700593706,0.015112044062237503,55.45780111395028,1
2025-02-25,,2.7995301127628958,0.35073938576546865,53.023909950671815,0
2025-02-25,72.46356508754248,2.168177901805491,0.8154170664449926,52.60206345161613,0
2025-02-25,80.02436388021421,3.0829897460875215,0.39916615637657876,54.60493158606469,0
2025-02-25,,2.738526753226454,0.15710623259442721,50.08951894752912,0
2025-02-25,86.09536220539987,2.7446136252340496,0.7712832949693077,30.67723001030632,1
2025-02-25,77.13854200591452,2.76155480231905,0.15716157716112622,66.00387245852471,1
2025-02-25,75.0455921111014,2.583898893474276,0.660312828713206,63.079153099361235,1
2025-02-25,76.4183359491584,2.7692073229148444,0.47113573258042646,36.966707236844854,1
2025-02-25,81.87836534044008,2.4304375676263907,0.09316255822602544,46.53092709515476,0
2025-02-25,79.0157140558297,3.0689784948322107,1.177644295068213,60.82195922774272,1
2025-02-25,,2.5416338202993756,0.11197423943899673,69.20249261549138,1
2025-02-26,87.66976767185379,2.555948769088483,2.282353686735136,68.04548185767146,1
2025-02-26,74.59326487850912,2.465281707953859,0.0036686706137258576,65.97436798704696,1
2025-02-26,78.91327365636913,2.802996064657146,0.15291173663170823,36.334955891965585,1
2025-02-26,79.25003943258933,2.726391114514824,0.11148446907636188,66.57900424036019,1
2025-02-26,70.77251400946236,2.8185672950144425,0.007046120502369354,65.13779651804317,1
2025-02-26,80.27379452812048,2.338074955391941,0.6590710016577991,45.07799644665558,0
2025-02-26,72.28053512816287,2.219528470199052,0.5911477358308426,45.78090378145048,0
2025-02-26,80.63100086299211,3.0341934050265937,0.7859529765262961,48.39635687820643,0
2025-02-26,73.18115780643694,3.237682624581549,0.148326795868137,56.247025238656676,0
2025-02-26,81.49739675606254,2.3947250197838943,0.29379499249711305,40.43342463932063,1
2025-02-26,82.22616340965875,3.1848395933142783,0.5381028825529307,30.917937177597786,1
2025-02-26,80.83390245527033,2.7361950518891867,0.28970259737966475,35.64918098388969,1
2025-02-26,79.74320272131862,2.6577916732371984,0.5975491007123725,47.60463630307095,0
2025-02-26,77.71520041641288,2.5988446071415012,0.5025246468428363,41.28010277704807,1
2025-02-26,75.30818502824819,2.2583999658906766,0.06088487522677429,60.58066244144528,1
2025-02-26,86.50600810376989,3.041526034519959,0.7594402342238984,34.267602821970854,1
2025-02-26,74.41613891481029,2.545802375617607,0.6376920830960354,66.69860902219216,1
2025-02-26,72.76031835774981,2.482689036517772,0.5333161530574376,65.81308719775645,1
2025-02-26,80.40981664642337,3.002664753258083,0.08426471720661173,66.35027267733153,1
2025-02-26,72.4590740065138,2.0510659847529493,0.1559849568300697,59.58439994413307,1
2025-02-26,75.10434464652896,2.2803011690631525,0.24975909026136692,34.27999885934397,1
2025-02-26,71.91327773940093,2.637376161870623,0.1642031620248235,47.52550285478267,0
2025-02-26,74.19293823555893,2.7670848722697845,0.12926251083985776,35.25621487221855,1
2025-02-26,77.74217678834881,2.893399189009934,0.8182958052958714,69.50796771044331,1
2025-02-26,79.11541232719982,2.660948360196576,0.5083764187889508,43.32153693594693,0
2025-02-26,82.48253874833436,3.4357855242250013,0.4167475986043303,53.413221675602486,0
2025-02-26,80.22547177051403,2.6111864556242503,0.12806115508497087,61.175722169768875,1
2025-02-26,77.42690804920208,2.5957982107063495,1.2509850770386497,66.82464336902582,1
2025-02-26,77.82719714357287,2.4010113120895413,0.10609132052119233,60.2219090336544,1
2025-02-26,80.95317851360413,2.705432270851109,0.7922529882045605,56.980151150649505,1
2025-02-26,84.24233244026367,2.803831868668298,1.70068869951155,48.63927128152605,0
2025-02-26,78.47434428052489,3.0952265454354513,0.6493116044926445,54.216005350020964,0
2025-02-26,76.59116004587062,2.2729409009260286,2.4709354872867384,33.766552354113195,1
2025-02-26,73.49911493268834,2.6542278627368154,0.5264149172462834,65.3569016784505,1
2025-02-26,70.8466631409743,2.7862908807139863,0.12260533937575865,51.75109235359542,0
2025-02-26,81.29544706261751,2.816363732202608,0.11396467607881658,31.605402017397708,1
2025-02-26,81.23516312781008,2.7046403110570396,0.19619864577576054,66.7960850263959,1
2025-02-26,80.41846893697387,2.865932319107142,0.0035777801441940183,49.572078953474744,0
2025-02-26,78.17824158554792,2.4499473407466126,0.5723780690899154,64.74356566244008,1
2025-02-26,83.9588151676209,3.1528974662361144,0.1564437277389044,64.27551816821428,1
2025-02-26,75.16795101730943,3.083327219778548,0.8441951947720446,,1
2025-02-26,83.38745228148204,2.3178229144700975,0.2224976019939273,32.45612077181424,1
2025-02-26,76.67340271169802,2.4760030051382977,0.3269214022448986,39.882665816968355,1
2025-02-26,73.3852376339538,2.4493717262395096,1.6861434223277534,65.02191489861723,1
2025-02-26,81.02572921201805,2.9885545375698257,0.13864949719275793,65.95964224208376,1
2025-02-26,78.3517224389735,2.26085853175696,0.6387273278076792,48.322754494752246,0
2025-02-26,78.48606024228278,2.630351249287477,0.7034889783604102,47.60165870616809,0
2025-02-26,79.16298622878742,2.8148230444753635,0.12487093396635811,37.00562535544599,1
2025-02-26,77.60574933381011,2.596980884068093,0.3475714218980974,68.73643154764605,1
2025-02-26,91.22734691406117,2.852466413191588,0.21554680934157458,38.525539014361726,1
2025-02-26,82.7164688850434,2.365574560310091,0.738999260697576,37.637471374030625,1
2025-02-26,81.52018210929528,2.8257012305058393,0.4870702616333844,56.42915880596697,1
2025-02-26,78.9585803442247,2.4953082390947663,0.32311562856578363,39.71377212001791,1
2025-02-26,81.86527107285444,2.5628028915419265,0.7556188315618393,67.5508644405756,1
2025-02-26,81.6217357864569,2.736634619990962,0.13404141266203626,30.436279812711792,1
2025-02-26,78.64170264703621,2.719843296950122,0.7004439261693535,30.23013049293205,1
2025-02-26,74.87289128698299,2.793734765356915,1.0026285168580173,50.195072057423985,0
2025-02-26,77.55767151547795,2.4414960925797424,1.0544211570515734,49.52249839653888,0
2025-02-26,62.53382805686836,2.693098709851202,0.7654834342492421,36.53456087603642,1
2025-02-26,78.46294752296015,2.743096917050087,0.2621362875623975,49.78078251881138,0
2025-02-26,74.07775469393938,2.307288008229179,2.003387295377951,46.46644420679946,0
2025-02-26,86.24180878086183,2.59864611171858,0.23869030122140478,65.61318101369476,1
2025-02-26,80.30796330434134,2.8169867469017267,0.5089200915229464,30.370156808678537,1
2025-02-26,71.6681988031675,2.3810715240395686,0.08781649445102649,69.05079220131809,1
2025-02-26,79.31984041064412,3.075323508641627,1.9673618292015864,54.9757105718337,1
2025-02-26,72.01710575292601,2.9976506795286775,0.6086741322605241,36.07373782581102,1
2025-02-26,80.58258271357228,2.341267423806473,0.6999483175011331,31.87040055244665,1
2025-02-26,80.22625935257355,3.1464845470646727,0.034019896875186535,51.524226342369275,0
2025-02-26,82.78078448956998,2.6424754624562987,0.7207298114183012,39.395606638872806,1
2025-02-26,73.74785539264595,2.8318671613828132,0.7452132140828931,42.04662148005037,0
2025-02-26,78.89616800249111,2.5203617846278057,0.5570245015576433,39.80528659338054,1
2025-02-26,73.06634613813605,2.90803216536485,0.17259176464942858,56.00689254290043,0
2025-02-26,81.8080608342627,2.744309362108038,0.3363684887032518,52.141158484645345,0
2025-02-26,80.07829572567026,2.378900623667276,0.058510996522547876,33.11897694087246,1
2025-02-26,80.28927354787817,2.3838916371339405,0.31893861491701736,51.06106132700702,0
2025-02-26,80.52780280243007,2.137395184018417,0.1397404653684448,61.64759062253199,1
2025-02-26,80.20877157028208,2.723058536581653,0.2146973143309943,33.247783632812975,1
2025-02-26,85.42728184296502,2.833458759271652,0.08872695655082684,65.5895590492168,1
2025-02-26,75.42946079830739,2.881181726834459,0.1307176870453672,53.132265977909164,0
2025-02-26,76.86732482443782,2.5717840941209764,0.03982940500506711,68.02497877081267,1
2025-02-26,72.93295277793914,2.3730954680377216,1.2622482420954635,35.925648708895025,1
2025-02-26,74.31333718483285,2.4317194908848703,0.37794838523522506,69.7425999741326,1
2025-02-26,78.09237028550133,3.102324868724041,0.25270513271397826,55.770914638787076,0
2025-02-27,83.50469731547858,2.523523146240534,0.38289034926345655,52.699767979242516,0
2025-02-27,75.5481341694535,2.7382446380338465,0.49482499207329994,50.611184964483414,0
2025-02-27,76.95334581826688,2.377493547755294,1.274746863616039,30.94617492393251,1
2025-02-27,76.44706909804525,2.813186966280739,0.09842912355215568,67.58556766198312,1
2025-02-27,74.79105237861074,2.5645453503710836,0.17517073470983993,55.75977891416793,0
2025-02-27,81.16530994812994,2.992658286696097,1.8604810479692189,33.66505937997165,1
2025-02-27,69.67660544735988,2.9492197383967462,0.23196544219027815,30.838086811780997,1
2025-02-27,84.68817448735263,2.5745955725522776,0.011410029470034822,32.031345569470055,1
2025-02-27,75.52120572905731,2.62374405844022,0.07987520190040899,54.37583053728963,0
2025-02-27,81.53222792704133,2.5559835189364892,0.013345889442285963,54.56061659578341,0
2025-02-27,71.46153019413613,2.3337560561565818,2.298756906515295,49.986691671257645,0
2025-02-27,79.91533450228142,2.4780619809410624,0.16346851506294754,42.27063282611806,0
2025-02-27,82.71706453478878,2.806083960398605,1.285511804299722,51.26970926458566,0
2025-02-27,79.7511171583619,2.8061738919142467,2.7467132597918527,50.65207283505031,0
2025-02-27,73.56522281593585,2.697756848774048,0.45794693174730755,30.776622395062624,1
2025-02-27,79.92046143585053,2.5689978608272273,0.016879909342325247,41.29876921309992,1
2025-02-27,71.45642058431031,2.995914380109016,0.042556570101853916,32.12741365868598,1
2025-02-27,,2.7662007576258967,0.3284935106674594,66.00619005790622,1
2025-02-27,84.48154785552013,3.050271744128487,0.26058279279155666,59.00892651140542,1
2025-02-27,80.86631196961326,2.2169585575611745,0.46592724282286613,69.84460680771649,1
2025-02-27,80.20383278745943,1.464758136639622,0.2888815631566558,42.086850532211514,1
2025-02-27,72.38109433510952,2.746772779733425,1.3596327991387194,65.13943391027641,1
2025-02-27,80.04842110423046,2.386496169681353,0.38257913909924085,54.12217071729927,0
2025-02-27,78.22921520917866,2.625545042587244,0.591637676762402,48.125016276144194,0
2025-02-27,68.60677027318775,2.6117466194306824,1.134020691545117,38.9029244515454,1
2025-02-27,80.00218319599038,3.1281993347042,0.07942276929425401,59.53568661144571,1
2025-02-27,77.73782011216184,2.898254136161794,0.1305101092281076,66.165629956172,1
2025-02-27,84.48852125717191,2.774774368405633,0.0567628022125985,39.41233592301483,1
2025-02-27,72.55729736432151,2.9123672789958364,0.07520125604695838,37.0156133989445,1
2025-02-27,62.498402604023006,2.760858011608848,0.35931862162215894,57.84887660019468,0
2025-02-27,78.67738620955366,2.578057099398364,0.19369909532453705,69.07892650902076,1
2025-02-27,78.85809653747847,3.023653087820391,0.2751063029604524,59.998204044163124,1
2025-02-27,69.39821921480855,2.408680472494574,2.0224867632259604,41.38322956190596,1
2025-02-27,71.97761418276421,2.8243225799164287,0.08521883405394033,46.79821696591142,0
2025-02-27,91.73140231715932,2.2225050443206755,0.38914786045172683,45.37270541833487,1
2025-02-27,76.08320163555948,2.7339930774817303,0.05205351471871178,64.08380072188181,1
2025-02-27,81.18474969672621,2.7498997851169373,0.19172680906133005,60.854831154888956,1
2025-02-27,75.06720727575672,3.1754024462415607,0.3748861992366299,53.55901739046081,0
2025-02-27,65.72782601253492,2.223998055327228,1.4652696017651852,,0
2025-02-27,76.91961866263732,2.520555893674825,0.24815591454979627,67.51954110888225,1
2025-02-27,78.98933096418435,2.9019081833032403,0.033554482263708586,56.13260899076587,1
2025-02-27,74.91449912033251,2.8321291700240865,0.2456434175644481,68.81906585767129,1
2025-02-27,78.71229631895245,2.7355701296777677,0.07876052918186813,53.20468132168123,0
2025-02-27,79.37599747914088,2.3710650715981707,0.13067563749674857,,1
2025-02-27,76.64645743484955,2.505174124158478,0.48128596596803264,62.52421517578107,1
2025-02-27,70.35932750073337,3.0856252102979913,0.034902242987567215,43.49315107334368,0
2025-02-27,80.57060592309493,2.6886991518644865,0.31248616094383497,68.56082891828913,1
2025-02-27,69.70653832920256,2.833713814588565,0.4701144716246391,30.87765870390256,1
2025-02-27,67.35900156838223,2.710360807620833,0.2739682222061853,60.748436350696565,1
2025-02-27,81.61494104877107,2.410321355625472,0.00965581274675045,68.62228343056175,1
2025-02-27,81.54547221086712,2.9944174359569016,2.1174712401126237,43.55632813134891,1
2025-02-27,78.0538939659761,2.797499595997974,0.22873388017884225,55.92442351163888,0
2025-02-27,69.45048169650006,3.3782355110836417,0.7538406119836918,52.48892999376842,0
2025-02-27,74.55933251248481,2.345109666885686,0.19700040663218035,60.460292387060946,1
2025-02-27,78.19850117223308,3.0316145800457583,0.3221944674913043,64.64711686580209,1
2025-02-27,69.98358897066193,2.405906854315258,0.24589043477437855,54.12178277198192,0
2025-02-27,71.56336728040645,2.7797195301767403,0.2096850906818097,62.636183455258276,1
2025-02-27,81.64986668247447,3.035874918850901,0.011046827223886736,42.49142303557021,1
2025-02-27,84.93807038190205,2.090906624832887,0.22315990928062077,39.14348234819268,1
2025-02-27,74.07373182278603,2.656823053500557,1.1013245887536154,47.226707581313605,0
2025-02-27,80.1032336815267,2.451164368870758,0.5862263106638811,57.10946398323133,1
2025-02-27,69.40480679035147,2.485716192248618,0.07857425221395918,37.48987795754894,1
2025-02-27,80.56487345997299,2.771506142560493,0.4472095895898754,57.21408768607566,1
2025-02-27,73.0727615456266,3.050273538803697,1.1138819659440637,45.76374594288269,0
2025-02-27,79.50108952260818,2.6570358931618268,0.6020431403234908,61.82301095570528,1
2025-02-27,76.11703491048151,2.8589870263853117,0.08048617618348174,31.47343268413213,1
2025-02-27,84.70211867669691,2.780124010353916,1.0118425983588364,56.71930551317578,1
2025-02-27,73.42510172886374,2.7147666510330066,0.17944155671062587,55.992893465998705,0
2025-02-27,79.93803590771552,2.359850224329387,0.30263788570498895,67.63741904501258,1
2025-02-27,76.09126488495595,3.1163344534548645,0.3734245917149449,58.53470214256282,0
2025-02-27,77.65122593126078,2.7870608781413244,0.9502515317849907,61.85207585693125,1
2025-02-27,77.12264857444258,2.835048145082537,1.3412460192699696,66.18364063412673,1
2025-02-27,73.6896919951376,2.4601595915136674,1.327156701509151,57.002076731679516,0
2025-02-27,79.86688941164603,2.542026185317862,0.003992992268315002,41.606145398398986,1
2025-02-27,78.41779641477642,2.6489850518060427,1.2748089006595964,64.79095198334089,1
2025-02-27,80.05864250685498,2.1416642494314284,0.02796092429300739,59.903124779039004,1
2025-02-27,78.25655732066939,2.1162043823786374,0.1544689642225879,46.977504160035735,0
2025-02-27,82.21011793841245,2.537257147891911,0.3617906732799559,58.42116690599848,1
2025-02-27,82.18644309071115,2.935166214459091,0.3268917859279694,64.70755508724568,1
2025-02-27,73.52443315638513,2.521469838228226,0.46406754241047954,69.02608525565086,1
2025-02-27,82.23346259885481,2.3583399979779536,0.3264310446607584,68.09406015836221,1
2025-02-27,72.29069561338129,2.383451616325332,1.3619044572747185,43.01311307056566,0
2025-02-27,81.09989074284385,2.6026236360801884,0.137579637647297,46.86774854872727,0
2025-02-27,81.0805270421089,2.565482553603214,0.16011963928146988,34.38146419909485,1
2025-02-28,71.38160360884325,3.381818206589595,1.2674978234041323,39.90177148072184,1
2025-02-28,77.79827695515233,3.0358794464494814,0.039921933667140634,65.296848339478,1
2025-02-28,74.98180790303972,3.0313472532972527,0.47024153787543216,44.43399705117436,0
2025-02-28,74.90027045713488,3.0522541946496924,0.5724369506633521,54.82210634379524,0
2025-02-28,84.15909265441984,2.419535958448267,0.3521462532317229,56.63862473228133,0
2025-02-28,74.44019793546401,2.327317895441012,0.5924641191086845,61.27317100573248,1
2025-02-28,72.88170440105412,2.3361735858213732,0.09482697420444984,37.31200120982524,1
2025-02-28,78.87003261942804,3.052176886975549,0.9574119993295724,42.19252538457742,1
2025-02-28,81.93220597597623,2.4165920234367038,0.07542638082867811,47.933453658327224,0
2025-02-28,76.97656501002592,2.3155376672079884,0.25609030760599777,44.59364244953094,0
2025-02-28,84.54666941682633,2.6466700490816537,0.039120034077715624,69.31620931438759,1
2025-02-28,78.79675329608685,2.6649223451124917,0.39396093857963815,63.397632128548494,1
2025-02-28,66.4020899998285,2.7919094380321665,0.5539463202535175,49.18747018481944,0
2025-02-28,75.18268599625404,2.738585056499155,1.4169907177914711,65.17074504345872,1
2025-02-28,74.01850700633855,2.5014127921259015,0.672261904431724,43.906117903331875,0
2025-02-28,78.64809172972839,2.899731452163962,0.3894646564583785,61.43313295561058,1
2025-02-28,64.568018753091,2.5869886555644057,1.3486813866071996,38.94702392425815,1
2025-02-28,91.43906863064934,2.604062735823753,0.3254624479710649,60.892881809054636,1
2025-02-28,81.93723886589757,2.8685337447523738,0.41186221687585955,48.25813612782913,0
2025-02-28,78.19709613638308,2.465090081605716,0.45329215556808244,34.299972839689694,1
2025-02-28,,2.455088654403958,0.2637991898843195,40.93049818222329,1
2025-02-28,90.35481230213878,2.8306481806483514,0.911571481451859,46.090984960942585,1
2025-02-28,83.5723413972765,2.44784086000679,0.10239153246466749,59.97171646657748,1
2025-02-28,82.3938744520041,2.548952341676247,0.4046632156516345,32.919308589238035,1
2025-02-28,76.85494962713724,2.673903886950838,0.6404867842624566,56.38187980370559,0
2025-02-28,77.362557085588,3.3699413973017984,1.1715794543471123,58.64054563731374,1
2025-02-28,74.60722903900577,2.797416664961454,1.0767309280931538,56.15685479703006,0
2025-02-28,73.1459349323653,2.871253343141335,0.3553911744653538,60.426785526702226,1
2025-02-28,74.26371035744934,2.860801204585297,0.5152359218253734,37.12674464091353,1
2025-02-28,70.90829254693595,2.4839115586009024,0.250633836863919,53.484134202521496,0
2025-02-28,77.76220201347068,2.7845268956801035,0.3157229931151044,67.6457978881552,1
2025-02-28,70.27981843028769,2.6658398237248306,1.1836460412170664,54.43137079218151,0
2025-02-28,78.58684703744258,2.7613721839940615,1.334683998135751,54.45345387811812,0
2025-02-28,78.21404446639629,2.8100887997827253,1.128873067364925,59.457585684530756,1
2025-02-28,78.74949250186394,2.7401163483700635,0.07446516750912421,43.32816928503436,0
2025-02-28,76.32483654577848,2.616103838326175,0.9488401420141875,58.01903605286162,1
2025-02-28,93.19570999979621,2.7110266520490542,1.4817654831117535,66.6493533325286,1
2025-02-28,84.72165282512701,2.3144901267476685,0.2241208296508415,30.43581892101372,1
2025-02-28,71.40288705157748,2.621703515821547,0.36557645704852193,64.80452164435461,1
2025-02-28,79.00209189717599,3.1267280574784273,0.7550118460796166,38.744733250354365,1
2025-02-28,74.1764811569675,2.818512539028064,0.4128573903944012,48.23693094801501,0
2025-02-28,72.04500408031943,2.7006724714032413,2.5167105939832517,64.09391203810551,1
2025-02-28,72.07540502966305,3.2897210531271663,0.3041396343026101,62.95648509826516,1
2025-02-28,79.07788177061167,2.2964177661562557,0.625781588879016,65.67709912504223,1
2025-02-28,74.27398073495422,2.3341919890053187,0.7865316328319695,67.61667170530104,1
2025-02-28,83.854472906397,3.2140134863947116,0.3407085397519971,47.88627827087034,0
2025-02-28,82.61621027764858,2.6780689528294794,0.9723987041802828,56.25455243204028,1
2025-02-28,85.69831237974282,2.5882062588765193,0.3949993240970929,45.61913762104427,0
2025-02-28,73.14702044890264,2.3234312023354193,0.26521731218590067,44.028668699686634,0
2025-02-28,79.32566444710986,2.8283377218817116,0.05704574544169786,47.26381642390678,0
2025-02-28,79.56744522831069,2.865099226175629,0.24995403251858664,59.72304539130704,1
2025-02-28,76.94183319375284,2.4174706331176976,0.6620100533752243,50.05762988566212,0
2025-02-28,73.00426903140121,2.6329941202078295,1.2709697393718296,62.562386977933684,1
2025-02-28,86.79478991900496,2.609187846713821,0.14496189418374547,59.808739087846234,1
2025-02-28,78.1375323518669,2.7826945296228223,0.21943508600771125,30.819138444975973,1
2025-02-28,82.4972226714985,2.333793512960504,0.0835949070896156,55.209526284246465,0
2025-02-28,76.09640266547545,3.0792712756642744,0.5867588107614962,47.46284493234364,0
2025-02-28,70.21704760769869,3.024883205238147,1.6117988528347718,48.26515956604566,0
2025-02-28,74.06799469338063,2.6003726432243255,0.5121499035024718,62.73492215479579,1
2025-02-28,78.15302492685325,2.646403582959854,0.479960063508125,51.90431944338707,0
2025-02-28,73.19194288927908,2.6238069383695817,0.4031466634245904,65.42487293835788,1
2025-02-28,78.72769781150828,2.5649503766582926,0.04630756473562739,58.512223695667615,0
2025-02-28,68.98371850925312,2.5345533560133644,0.6537486632802362,52.11360035056211,0
2025-02-28,74.387297048674,2.5355297166702435,0.4607138813629564,60.18151904604415,1
2025-02-28,81.47260570807414,3.226869717223042,0.5415812796567404,31.53396203701629,1
2025-02-28,79.80199002454596,2.97824464051671,1.1453830715161968,31.08334619312831,1
2025-02-28,75.78746767302273,2.9652443211536337,0.7661476731952194,33.333973076834084,1
2025-02-28,71.7076115583864,2.783699994880741,0.7591483237791827,47.502613005885706,0
2025-02-28,74.45392360092406,2.4583876285364212,1.3099081968381212,39.41800582507773,1
2025-02-28,75.47332750749332,2.7052821825570206,2.2993431987736375,69.37045177663138,1
2025-02-28,81.71507594297108,3.0186340989662686,0.43527968238756476,51.691605560454676,0
2025-02-28,82.17055531173943,2.330651392368927,0.057638996965032836,56.49662984324634,0
2025-02-28,74.90195401282764,2.904468442734239,0.3072880771242086,41.15280544986787,1
2025-02-28,,3.4667139981068003,0.7746446936413067,42.871876343504354,0
2025-02-28,79.93739279232223,3.006002260735535,0.014058463374254484,43.41847656564624,0
2025-02-28,75.18150639949994,3.05136186339256,0.02928481899809461,57.94942820601202,0
2025-02-28,74.49276922432884,2.808904357844037,0.03475960269325289,48.94824830757234,0
2025-02-28,83.08115133718651,3.0152146652416167,0.6565884194024338,50.70734610120298,0
2025-02-28,82.93889318556667,2.4900430263380415,0.3477415819861373,53.68011928637381,0
2025-02-28,77.14363021215101,2.962296805779757,0.23014384591689074,60.75246624952868,1
2025-02-28,,2.87777922920352,0.05581061726211825,33.61478994049912,1
2025-02-28,78.15258771439866,2.7880079813540117,0.6588325782601896,61.07495648875287,1
2025-02-28,82.20999371111301,3.088217213222554,0.1935816639590712,52.52940275500719,0
2025-03-01,76.37029409230361,2.5087901357922373,0.15416289432601624,56.76381779421029,0
2025-03-01,83.71743116492213,2.7033413842131515,0.5282352329892921,43.10207059363048,1
2025-03-01,83.75661536629782,2.658025681036599,0.4093675518032082,46.375473472657966,0
2025-03-01,86.67264609338837,2.5091608172638282,0.22503042103389304,39.24663278615681,1
2025-03-01,77.09710329549011,2.8119476936003984,0.5128958353073872,69.1719998966962,1
2025-03-01,82.57937774495838,2.0954220993787285,0.15819273099531894,49.88011890041267,0
2025-03-01,85.11457657412119,3.0028780438539164,0.7919588251330675,69.84307663186391,1
2025-03-01,78.94400367294135,2.705563914174612,0.13024033746826363,49.59143912245065,0
2025-03-01,74.47658409176209,2.5633264602759764,0.08648532379804737,38.79005057536269,1
2025-03-01,76.74893219562149,2.4002190027744774,0.7626389451160518,50.29809586947427,0
2025-03-01,79.79382770394281,2.6312275582826548,0.6153158935868323,31.58382287196311,1
2025-03-01,72.93397354755412,2.9004219433255916,0.10083719576049073,66.19079205687805,1
2025-03-01,76.6009625783748,2.827440775492596,0.061788127887173305,62.74201004777765,1
2025-03-01,83.77931942830207,2.4445010042429,0.911312746179201,59.03282082777139,1
2025-03-01,67.47029865595728,2.492128330546828,0.7493922991319876,54.393068617698404,0
2025-03-01,86.36767800922482,2.8122404848937648,0.19819622498490347,53.19336934681453,0
2025-03-01,84.73915221694787,2.5071897254202935,0.5367609627857725,69.86912856317852,1
2025-03-01,74.98391301500327,2.757848447567757,0.06628603306143512,41.119897360797516,1
2025-03-01,80.60278387159856,2.726198475840362,0.35367139055437086,61.18737461462312,1
2025-03-01,77.40558888895148,2.796237281504271,0.009453962781398678,53.2561908085463,0
2025-03-01,84.09733996883705,3.0156558790394308,0.24846290509440938,69.0352217503554,1
2025-03-01,83.61184849591268,2.2858685434036006,0.03889581658566411,63.1121273319301,1
2025-03-01,69.34561088382425,2.0965695809773974,0.3223186994249842,69.94100451958371,1
2025-03-01,82.04568363678017,2.504991631576529,0.27381538897202856,53.53299977849785,0
2025-03-01,75.83267860752001,3.2987248023108195,0.29383985928479134,38.1817583017974,1
2025-03-01,78.10679253289327,3.371266917370449,0.02319545591447559,50.14748142778935,0
2025-03-01,75.60308242011705,3.179558628946585,0.2244079152100656,58.44444536202298,0
2025-03-01,87.06869506358758,2.6924176270373747,0.706286005263673,60.974415447263524,1
2025-03-01,83.53983904777654,2.2063108907219156,0.23015686286615045,30.020399560637742,1
2025-03-01,73.12051813484005,2.0747680100269394,0.6279348116437832,50.20108354009176,0
2025-03-01,70.282861029625,2.5350439531414954,0.23060418945925,39.409383198825864,1
2025-03-01,77.01289324177968,2.638364904941263,0.27516403759338026,64.99647333019153,1
2025-03-01,79.58336968497214,3.147448454645371,0.4149328093019612,36.11621776200914,1
2025-03-01,78.70611734643126,2.995286827437822,1.5047324358368417,56.65824998299334,1
2025-03-01,85.22961537489593,2.8804664444049224,0.057627119119481825,40.642487612996995,1
2025-03-01,80.89968506553473,2.480981960965749,0.016733806710515175,44.26168572857089,0
2025-03-01,83.11708026165078,2.4194435313477287,0.46819211009095657,67.62237043027379,1
2025-03-01,79.67718432921988,2.717533087102622,1.4889175825425762,39.61792501632318,1
2025-03-01,71.0508206230818,2.8800694347922122,2.2889298943069827,33.800110472917225,1
2025-03-01,76.50307171238798,2.7457666297722745,0.3309834365354166,32.77139605776903,1
2025-03-01,82.72059351808,2.3788675103149606,0.31563261225165473,50.18460440397848,0
2025-03-01,76.66402119358192,2.941503668299268,0.5177677202375084,,0
2025-03-01,80.99811686916004,2.8275897357063977,0.4055542179038394,43.091745742835485,0
2025-03-01,75.7381092322526,2.4298863415809504,0.5026812845511909,57.61038967172323,0
2025-03-01,73.81968537845802,2.481582395581874,1.0357344064089953,32.44134874292951,1
2025-03-01,77.1587246381788,2.88639417788077,0.6858135653579921,64.29338579691508,1
2025-03-01,78.48678672574223,2.634028997214731,0.34346069224190207,62.66268838956951,1
2025-03-01,74.48374752054437,3.200349025043692,0.30982240780335435,,1
2025-03-01,76.41058657658019,2.8572999527425536,0.5102728024249726,67.46019923607382,1
2025-03-01,74.31178720179814,2.561544854985815,0.3041331297423099,44.24788655675712,0
2025-03-01,83.22722439856894,2.658485814503385,0.306041129699855,45.971015360623085,0
2025-03-01,76.2515108308595,2.697366204529205,0.008220153030537754,59.83859389913038,1
2025-03-01,86.67532443112336,2.594405945835219,0.09561907833440166,35.36331087819933,1
2025-03-01,86.1520065741679,2.487646865067889,0.3352171803021906,42.5605884097934,1
2025-03-01,79.25747619239478,2.836724923302364,0.8648248010213783,34.74163747902593,1
2025-03-01,74.21680134132716,2.8352335412373106,0.16336879095677784,48.19545796291325,0
2025-03-01,66.68334802297046,2.8849440619383238,0.36974577385312474,52.0801711954127,0
2025-03-01,,3.1992690730184403,0.2115310795792197,38.446418798510095,1
2025-03-01,72.6561291675813,2.511470937325409,0.055356289292299556,31.065267476564202,1
2025-03-01,86.42516126963095,3.2533641662312363,1.5886088868259898,58.77423327002092,1
2025-03-01,79.56721891971141,2.4327063926841084,0.9643874457360437,30.80020657704674,1
2025-03-01,80.91554561536911,2.3880412670031035,0.040872140517271685,68.93610435713424,1
2025-03-01,66.59523391164882,2.209818094163984,0.6361030936991294,38.864290269695815,1
2025-03-01,71.17278576956411,2.5396676162068417,0.21353330303470938,56.55600368465164,0
2025-03-01,82.08318156333398,2.5345479828609814,2.634360550639324,47.39006904959957,1
2025-03-01,77.76908156048016,2.891289547182918,0.18005364229241352,32.38695441348429,1
2025-03-01,78.60676892199372,2.771597485632834,0.13638914078380338,48.8873442653787,0
2025-03-01,80.54091883358291,2.437546802363146,0.41953818121209957,50.670425371871985,0
2025-03-01,87.47031975974403,2.6168733991150557,0.9012873619399057,64.18732832371474,1
2025-03-01,75.66328810509314,2.6200020850903325,0.10691779741654818,59.293962785915916,0
2025-03-01,79.42947393429256,2.1647300936081786,0.6179085294641515,33.17209899013545,1
2025-03-01,78.4681039354772,2.4494537157314693,0.03168644471705104,38.3665073372906,1
2025-03-01,88.6761787680608,2.452625522175691,1.2562504040263769,,1
2025-03-01,,3.1442063935062596,0.04227533957601991,34.65630745859278,1
2025-03-01,82.52342674328482,2.711620562436978,1.228051015513313,48.27596283657962,0
2025-03-01,77.63778117639048,2.9506226957957797,0.3374643246729192,69.37236763450142,1
2025-03-01,80.86779651605586,2.2649395857183263,0.297186152870872,50.58451164951046,0
2025-03-01,75.1526472488455,3.157389998089091,1.8116784492806,59.67528673292677,1
2025-03-01,77.94980342362516,3.209945538090716,2.3221726903960658,57.317511907973845,1
2025-03-01,80.76477694315601,2.13866248242827,0.525165592682677,63.99645740368552,1
2025-03-01,,2.4918262483856406,0.06797818918189842,38.62893961862438,1
2025-03-01,84.00089877904905,2.801426446298375,0.3527820620129182,60.15305046772113,1
2025-03-01,76.43182875247548,2.938554026224396,0.3766217657334069,65.25420961222999,1
